-- MySQL dump 10.13  Distrib 5.5.28, for Win64 (x86)
--
-- Host: localhost    Database: shopping
-- ------------------------------------------------------
-- Server version	5.5.28

/*!40101 SET @OLD_CHARACTER_SET_CLIENT=@@CHARACTER_SET_CLIENT */;
/*!40101 SET @OLD_CHARACTER_SET_RESULTS=@@CHARACTER_SET_RESULTS */;
/*!40101 SET @OLD_COLLATION_CONNECTION=@@COLLATION_CONNECTION */;
/*!40101 SET NAMES utf8 */;
/*!40103 SET @OLD_TIME_ZONE=@@TIME_ZONE */;
/*!40103 SET TIME_ZONE='+00:00' */;
/*!40014 SET @OLD_UNIQUE_CHECKS=@@UNIQUE_CHECKS, UNIQUE_CHECKS=0 */;
/*!40014 SET @OLD_FOREIGN_KEY_CHECKS=@@FOREIGN_KEY_CHECKS, FOREIGN_KEY_CHECKS=0 */;
/*!40101 SET @OLD_SQL_MODE=@@SQL_MODE, SQL_MODE='NO_AUTO_VALUE_ON_ZERO' */;
/*!40111 SET @OLD_SQL_NOTES=@@SQL_NOTES, SQL_NOTES=0 */;

--
-- Table structure for table `abapt`
--

DROP TABLE IF EXISTS `abapt`;
/*!40101 SET @saved_cs_client     = @@character_set_client */;
/*!40101 SET character_set_client = utf8 */;
CREATE TABLE `abapt` (
  `abapt_id` int(11) NOT NULL AUTO_INCREMENT COMMENT '适用人群编号，主键，标识列',
  `abapt_name` varchar(50) NOT NULL COMMENT '适用人群名',
  PRIMARY KEY (`abapt_id`)
) ENGINE=InnoDB AUTO_INCREMENT=5 DEFAULT CHARSET=utf8;
/*!40101 SET character_set_client = @saved_cs_client */;

--
-- Dumping data for table `abapt`
--

LOCK TABLES `abapt` WRITE;
/*!40000 ALTER TABLE `abapt` DISABLE KEYS */;
INSERT INTO `abapt` VALUES (1,'一段 0-6月'),(2,'二段 6-12月'),(3,'三段 1-3年'),(4,'童衣');
/*!40000 ALTER TABLE `abapt` ENABLE KEYS */;
UNLOCK TABLES;

--
-- Table structure for table `abapt_commodity`
--

DROP TABLE IF EXISTS `abapt_commodity`;
/*!40101 SET @saved_cs_client     = @@character_set_client */;
/*!40101 SET character_set_client = utf8 */;
CREATE TABLE `abapt_commodity` (
  `id` int(11) NOT NULL AUTO_INCREMENT,
  `commodity_id` int(11) DEFAULT NULL,
  `abapt_id` int(11) DEFAULT NULL,
  PRIMARY KEY (`id`)
) ENGINE=InnoDB AUTO_INCREMENT=360 DEFAULT CHARSET=utf8;
/*!40101 SET character_set_client = @saved_cs_client */;

--
-- Dumping data for table `abapt_commodity`
--

LOCK TABLES `abapt_commodity` WRITE;
/*!40000 ALTER TABLE `abapt_commodity` DISABLE KEYS */;
INSERT INTO `abapt_commodity` VALUES (1,149,1),(2,149,2),(3,149,3),(4,150,1),(5,150,2),(6,150,3),(7,151,1),(8,151,2),(9,151,3),(10,152,1),(11,152,2),(12,152,3),(13,153,1),(14,153,2),(15,153,3),(16,154,1),(17,154,2),(18,154,3),(19,155,1),(20,155,2),(21,155,3),(22,156,1),(23,156,2),(24,156,3),(25,157,1),(26,157,2),(27,157,3),(28,158,1),(29,158,2),(30,158,3),(31,159,1),(32,159,2),(33,159,3),(34,160,1),(35,160,2),(36,160,3),(37,161,1),(38,161,2),(39,161,3),(40,163,1),(41,163,2),(42,163,3),(43,164,1),(44,164,2),(45,164,3),(46,165,1),(47,165,2),(48,165,3),(49,166,1),(50,166,2),(51,166,3),(52,167,1),(53,167,2),(54,167,3),(55,168,1),(56,168,2),(57,168,3),(58,169,1),(59,169,2),(60,169,3),(61,172,1),(62,172,2),(63,172,3),(64,173,1),(65,173,2),(66,173,3),(67,174,1),(68,174,2),(69,174,3),(70,175,1),(71,175,2),(72,175,3),(73,176,1),(74,176,2),(75,176,3),(76,177,1),(77,177,2),(78,177,3),(79,178,1),(80,178,2),(81,178,3),(82,179,1),(83,179,2),(84,179,3),(85,180,1),(86,180,2),(87,180,3),(88,181,1),(89,181,2),(90,181,3),(91,184,1),(92,184,2),(93,184,3),(94,185,1),(95,185,2),(96,185,3),(97,186,1),(98,186,2),(99,186,3),(100,187,1),(101,187,2),(102,187,3),(103,188,1),(104,188,2),(105,188,3),(106,189,1),(107,189,2),(108,189,3),(109,190,1),(110,190,2),(111,190,3),(112,191,1),(113,191,2),(114,191,3),(115,192,1),(116,192,2),(117,192,3),(118,193,1),(119,193,2),(120,193,3),(121,198,1),(122,198,2),(123,198,3),(124,199,1),(125,199,2),(126,199,3),(127,200,1),(128,200,2),(129,200,3),(130,201,1),(131,201,2),(132,201,3),(133,202,1),(134,202,2),(135,202,3),(136,203,1),(137,203,2),(138,203,3),(139,204,1),(140,204,2),(141,204,3),(142,205,1),(143,205,2),(144,205,3),(145,206,1),(146,206,2),(147,206,3),(148,209,1),(149,209,2),(150,209,3),(151,210,1),(152,210,2),(153,210,3),(154,211,1),(155,211,2),(156,211,3),(157,212,1),(158,212,2),(159,212,3),(160,214,1),(161,214,2),(162,214,3),(163,215,1),(164,215,2),(165,215,3),(166,216,1),(167,216,2),(168,216,3),(169,217,1),(170,217,2),(171,217,3),(172,218,1),(173,218,2),(174,218,3),(175,219,1),(176,219,2),(177,219,3),(178,220,1),(179,220,2),(180,220,3),(181,221,1),(182,221,2),(183,221,3),(184,222,1),(185,222,2),(186,222,3),(187,223,1),(188,223,2),(189,223,3),(190,224,1),(191,224,2),(192,224,3),(193,225,1),(194,225,2),(195,225,3),(196,226,1),(197,226,2),(198,226,3),(199,227,1),(200,227,2),(201,227,3),(202,229,1),(203,229,2),(204,229,3),(205,230,1),(206,230,2),(207,230,3),(208,231,1),(209,231,2),(210,231,3),(211,232,1),(212,232,2),(213,232,3),(214,233,1),(215,233,2),(216,233,3),(217,234,1),(218,234,2),(219,234,3),(220,235,1),(221,235,2),(222,235,3),(223,236,1),(224,236,2),(225,236,3),(226,237,1),(227,237,2),(228,237,3),(229,238,1),(230,238,2),(231,238,3),(232,239,1),(233,239,2),(234,239,3),(235,240,1),(236,240,2),(237,240,3),(238,241,1),(239,241,2),(240,241,3),(241,242,1),(242,242,2),(243,242,3),(244,243,1),(245,243,2),(246,243,3),(247,244,1),(248,244,2),(249,244,3),(250,245,1),(251,245,2),(252,245,3),(253,247,1),(254,247,2),(255,247,3),(256,250,1),(257,250,2),(258,250,3),(259,251,1),(260,251,2),(261,251,3),(262,252,1),(263,252,2),(264,252,3),(265,253,1),(266,253,2),(267,253,3),(268,254,1),(269,254,2),(270,254,3),(271,255,1),(272,255,2),(273,255,3),(274,256,1),(275,256,2),(276,256,3),(277,257,1),(278,257,2),(279,257,3),(280,258,1),(281,258,2),(282,258,3),(283,259,1),(284,259,2),(285,259,3),(286,260,1),(287,260,2),(288,260,3),(289,261,1),(290,261,2),(291,261,3),(292,262,1),(293,262,2),(294,262,3),(295,263,1),(296,263,2),(297,263,3),(298,264,1),(299,264,2),(300,264,3),(301,265,1),(302,265,2),(303,265,3),(304,266,1),(305,266,2),(306,266,3),(307,267,1),(308,267,2),(309,267,3),(310,268,1),(311,268,2),(312,268,3),(313,269,1),(314,269,2),(315,269,3),(316,270,1),(317,270,2),(318,270,3),(319,271,1),(320,271,2),(321,271,3),(322,272,1),(323,272,2),(324,272,3),(325,273,1),(326,273,2),(327,273,3),(328,307,4),(329,291,4),(330,NULL,NULL),(331,NULL,NULL),(332,NULL,NULL),(333,318,1),(334,318,2),(335,319,1),(336,319,2),(337,319,3),(338,320,1),(339,320,2),(340,321,1),(341,321,2),(342,321,3),(343,321,4),(344,322,1),(345,323,1),(346,323,2),(347,323,3),(348,323,4),(349,324,1),(350,324,2),(351,324,3),(352,324,4),(353,325,4),(354,326,1),(355,326,2),(356,326,3),(357,327,1),(358,327,2),(359,327,3);
/*!40000 ALTER TABLE `abapt_commodity` ENABLE KEYS */;
UNLOCK TABLES;

--
-- Table structure for table `address`
--

DROP TABLE IF EXISTS `address`;
/*!40101 SET @saved_cs_client     = @@character_set_client */;
/*!40101 SET character_set_client = utf8 */;
CREATE TABLE `address` (
  `address_id` int(11) NOT NULL AUTO_INCREMENT COMMENT '地址编号，主键，标识列',
  `enter_id` int(11) NOT NULL COMMENT '对应的用户编号（外键）',
  `address_detalied` varchar(200) NOT NULL COMMENT '详细地址',
  `address_postal` varchar(30) NOT NULL COMMENT '邮政编码',
  `address_name` varchar(50) NOT NULL COMMENT '收件人姓名',
  `address_telephone` varchar(50) NOT NULL COMMENT '收件人手机号',
  `address_default` int(11) DEFAULT NULL COMMENT '默认地址 1默认地址 0 为默认',
  `address_del` int(10) DEFAULT '0' COMMENT '如果是0表示正常使用，如果为1表示已经删除不能进行使用',
  PRIMARY KEY (`address_id`)
) ENGINE=InnoDB AUTO_INCREMENT=96 DEFAULT CHARSET=utf8;
/*!40101 SET character_set_client = @saved_cs_client */;

--
-- Dumping data for table `address`
--

LOCK TABLES `address` WRITE;
/*!40000 ALTER TABLE `address` DISABLE KEYS */;
INSERT INTO `address` VALUES (89,3,'江苏省-南京市-玄武区-aaa','12','aa','12',0,1),(90,3,'江苏省-南京市-玄武区-11','11','11','11',0,0),(91,26,'江苏省-南京市-玄武区-徐州 北大青鸟','123456','老梗','123456',0,0),(92,26,'江苏省-南京市-玄武区-rewrewfdasfsad','321312','2323','23',0,0),(93,26,'江苏省-南京市-玄武区-rewrewfdasfsad','212','111','23',0,0),(94,26,'江苏省-南京市-玄武区-12','12','abc','12',0,0),(95,27,'江苏省-南京市-玄武区-11111111111111','','1111','1111',1,0);
/*!40000 ALTER TABLE `address` ENABLE KEYS */;
UNLOCK TABLES;

--
-- Table structure for table `brand`
--

DROP TABLE IF EXISTS `brand`;
/*!40101 SET @saved_cs_client     = @@character_set_client */;
/*!40101 SET character_set_client = utf8 */;
CREATE TABLE `brand` (
  `Brand_id` int(11) NOT NULL AUTO_INCREMENT COMMENT '品牌编号，主键，标识列',
  `Brand_name` varchar(50) NOT NULL COMMENT '品牌名称',
  `Commod_id` int(10) NOT NULL COMMENT '商品类型',
  `Brand_type` int(11) DEFAULT '0' COMMENT '品牌是否下架 0表示正常  1下架',
  PRIMARY KEY (`Brand_id`)
) ENGINE=InnoDB AUTO_INCREMENT=15 DEFAULT CHARSET=utf8;
/*!40101 SET character_set_client = @saved_cs_client */;

--
-- Dumping data for table `brand`
--

LOCK TABLES `brand` WRITE;
/*!40000 ALTER TABLE `brand` DISABLE KEYS */;
INSERT INTO `brand` VALUES (1,'惠氏',1,0),(2,'美赞臣',1,0),(3,'美素佳儿',1,0),(4,'美赞臣蓝臻',1,0),(5,'雅培',1,0),(6,'飞鹤',1,0),(7,'金领冠',1,0),(8,'雀巢',1,0),(10,'---',3,0),(14,'qeqwewq',2,0);
/*!40000 ALTER TABLE `brand` ENABLE KEYS */;
UNLOCK TABLES;

--
-- Table structure for table `buy`
--

DROP TABLE IF EXISTS `buy`;
/*!40101 SET @saved_cs_client     = @@character_set_client */;
/*!40101 SET character_set_client = utf8 */;
CREATE TABLE `buy` (
  `Bug_id` int(11) NOT NULL AUTO_INCREMENT COMMENT '购买记录编号，主键，标识列',
  `Bug_enter_cid` int(11) NOT NULL COMMENT '用户表(外键)',
  `Bug_money` float NOT NULL COMMENT '购买总金额',
  `Bug_type` int(11) NOT NULL COMMENT '签收状态 0未发货 1发货 2签收 3未签收 4派送中',
  `Buy_date` timestamp NOT NULL DEFAULT CURRENT_TIMESTAMP ON UPDATE CURRENT_TIMESTAMP COMMENT '购买时间',
  `buy_address_id` int(11) NOT NULL COMMENT '地址编号（外键）',
  PRIMARY KEY (`Bug_id`)
) ENGINE=InnoDB AUTO_INCREMENT=72 DEFAULT CHARSET=utf8;
/*!40101 SET character_set_client = @saved_cs_client */;

--
-- Dumping data for table `buy`
--

LOCK TABLES `buy` WRITE;
/*!40000 ALTER TABLE `buy` DISABLE KEYS */;
INSERT INTO `buy` VALUES (64,3,296,4,'2019-09-27 04:20:39',90),(65,3,296,0,'2019-09-27 04:11:05',90),(66,3,123,0,'2019-09-27 04:15:49',90),(67,26,391,2,'2019-09-27 07:13:29',92),(68,26,1184,1,'2019-09-27 07:13:07',92),(69,26,296,0,'2019-09-27 07:27:24',93),(70,27,240,0,'2019-09-28 06:24:04',95),(71,27,631,1,'2019-09-28 06:44:38',95);
/*!40000 ALTER TABLE `buy` ENABLE KEYS */;
UNLOCK TABLES;

--
-- Table structure for table `buyshow`
--

DROP TABLE IF EXISTS `buyshow`;
/*!40101 SET @saved_cs_client     = @@character_set_client */;
/*!40101 SET character_set_client = utf8 */;
CREATE TABLE `buyshow` (
  `buyshow_id` int(11) NOT NULL AUTO_INCREMENT COMMENT '订单明细编号，主键，标识列',
  `buyshow_Bug_id` int(11) NOT NULL COMMENT '订单编号(外键)',
  `buyshow_commodity _id` int(11) NOT NULL COMMENT '商品表（外键）',
  `buyshow_count` int(11) NOT NULL COMMENT '购买数量',
  `buyshow_price` float NOT NULL COMMENT '购买价格单价',
  `abapt_id` int(11) NOT NULL COMMENT '购买的类型',
  `sum_money` float NOT NULL COMMENT '购买总价格',
  PRIMARY KEY (`buyshow_id`)
) ENGINE=InnoDB AUTO_INCREMENT=91 DEFAULT CHARSET=utf8;
/*!40101 SET character_set_client = @saved_cs_client */;

--
-- Dumping data for table `buyshow`
--

LOCK TABLES `buyshow` WRITE;
/*!40000 ALTER TABLE `buyshow` DISABLE KEYS */;
INSERT INTO `buyshow` VALUES (82,64,176,1,296,1,296),(83,65,176,1,296,1,296),(84,66,320,1,123,1,123),(85,67,265,1,391,1,391),(86,68,176,4,296,2,1184),(87,69,176,1,296,1,296),(88,70,223,1,240,1,240),(89,71,223,1,240,1,240),(90,71,265,1,391,2,391);
/*!40000 ALTER TABLE `buyshow` ENABLE KEYS */;
UNLOCK TABLES;

--
-- Table structure for table `collect`
--

DROP TABLE IF EXISTS `collect`;
/*!40101 SET @saved_cs_client     = @@character_set_client */;
/*!40101 SET character_set_client = utf8 */;
CREATE TABLE `collect` (
  `Collect_id` int(11) NOT NULL AUTO_INCREMENT COMMENT '收藏车编号，主键，标识列',
  `Collect_enter_id` int(11) NOT NULL COMMENT '用户编号 （外键）',
  `Collect_commodity_info_id` int(11) NOT NULL COMMENT '商品信息编号（外键）',
  `Collect_data` datetime NOT NULL COMMENT '收藏商品的时间',
  PRIMARY KEY (`Collect_id`)
) ENGINE=InnoDB AUTO_INCREMENT=31 DEFAULT CHARSET=utf8;
/*!40101 SET character_set_client = @saved_cs_client */;

--
-- Dumping data for table `collect`
--

LOCK TABLES `collect` WRITE;
/*!40000 ALTER TABLE `collect` DISABLE KEYS */;
INSERT INTO `collect` VALUES (1,1,1,'0000-00-00 00:00:00'),(30,26,176,'2019-09-27 15:19:37');
/*!40000 ALTER TABLE `collect` ENABLE KEYS */;
UNLOCK TABLES;

--
-- Table structure for table `commodity`
--

DROP TABLE IF EXISTS `commodity`;
/*!40101 SET @saved_cs_client     = @@character_set_client */;
/*!40101 SET character_set_client = utf8 */;
CREATE TABLE `commodity` (
  `commodity_id` int(11) NOT NULL AUTO_INCREMENT COMMENT '种类编号，主键，标识列',
  `commodity_name` varchar(50) NOT NULL COMMENT '商品种类名',
  PRIMARY KEY (`commodity_id`)
) ENGINE=InnoDB AUTO_INCREMENT=9 DEFAULT CHARSET=utf8;
/*!40101 SET character_set_client = @saved_cs_client */;

--
-- Dumping data for table `commodity`
--

LOCK TABLES `commodity` WRITE;
/*!40000 ALTER TABLE `commodity` DISABLE KEYS */;
INSERT INTO `commodity` VALUES (1,'儿童ll'),(2,'儿童玩具'),(3,'儿童童衣'),(7,'飞天小摩托'),(8,'飞天小摩托');
/*!40000 ALTER TABLE `commodity` ENABLE KEYS */;
UNLOCK TABLES;

--
-- Table structure for table `commodity_info`
--

DROP TABLE IF EXISTS `commodity_info`;
/*!40101 SET @saved_cs_client     = @@character_set_client */;
/*!40101 SET character_set_client = utf8 */;
CREATE TABLE `commodity_info` (
  `commodity_info_id` int(11) NOT NULL AUTO_INCREMENT COMMENT '商品编号，主键，标识列',
  `commodity_info_name` varchar(50) DEFAULT NULL COMMENT '商品名',
  `commodity_info_money` float DEFAULT NULL COMMENT '商品价格',
  `commodity_info_Jmoney` float DEFAULT NULL COMMENT '进货价格',
  `commodity_small_id` int(11) DEFAULT NULL COMMENT '商品小种类编号（外键）',
  `abapt_id` int(11) DEFAULT NULL COMMENT '适用人群编号（外键）',
  `commodity_info_KG` varchar(100) DEFAULT NULL COMMENT '产品规格',
  `commodity_show` varchar(5000) DEFAULT NULL COMMENT '产品描述',
  `commodity_num` int(11) DEFAULT NULL COMMENT '购买数量',
  `commodity_milladdress` varchar(100) DEFAULT NULL COMMENT '产品产地',
  `commodity_millname` varchar(50) DEFAULT NULL COMMENT '厂名',
  `commodity_millphone` varchar(100) DEFAULT NULL COMMENT '厂家联系电话',
  `commodity_millelement` varchar(300) DEFAULT NULL COMMENT '商品配料',
  `commodity_millstock` varchar(300) DEFAULT NULL COMMENT '储存方法',
  `commodity_milldate` int(11) DEFAULT NULL COMMENT '保质期',
  `commodity_millyield` timestamp NULL DEFAULT CURRENT_TIMESTAMP COMMENT '上架日期',
  `commodity_millbrand_id` int(11) DEFAULT NULL COMMENT '品牌    (外键)',
  `commodity_day` int(100) DEFAULT NULL COMMENT '如果是0表示正常商品，1表示今日团购',
  `commodity_dyoptype` int(11) DEFAULT '0' COMMENT '删除状态  0正常  1删除',
  `commodity_tomorrow` int(11) DEFAULT NULL COMMENT '如果是0表示正常商品，1表示明日团购',
  PRIMARY KEY (`commodity_info_id`)
) ENGINE=InnoDB AUTO_INCREMENT=328 DEFAULT CHARSET=utf8;
/*!40101 SET character_set_client = @saved_cs_client */;

--
-- Dumping data for table `commodity_info`
--

LOCK TABLES `commodity_info` WRITE;
/*!40000 ALTER TABLE `commodity_info` DISABLE KEYS */;
INSERT INTO `commodity_info` VALUES (149,'2罐减50臻牧中老年人羊奶粉无蔗糖高钙富硒老人820g成年男女罐装',265,1830,1098,1,'','<p>产品标准号：GB10769-2010<br/>厂名：瑞士<br/>厂址：瑞士<br/>厂家联系方式：021-57741718<br/>配料表：详见<br/>包装说明储藏方法：详见包装说明<br/>保质期：720 天<br/>食品添加剂：详见包装说明<br/>产品名称：Nestle/雀巢 恩敏舒 400g<br/>品牌: Nestle/雀巢<br/>系列: 恩敏舒<br/>规格: 400g<br/>适用年龄: 10个月 11个月 12个月 1个月 2个月 3个月 4个月 5个月 6个月 7个月 8个月 9个月 <br/>新生销售地: 中国大陆<br/>包装种类: 罐装<br/>重量(g): 400<br/>适用阶段: 二段<br/>包装方式: 包装<br/>原产地: 其他<br/></p><p><br/></p>',776,NULL,NULL,NULL,NULL,NULL,NULL,'2019-09-10 16:00:00',1,1,0,1),(150,'大庆老奶粉锌铁钙奶粉老人成人青少年学生女士营养奶粉400gx4盒',261,1266,1098,1,NULL,'产品标准号：GB10769-2010&nbsp;厂名：瑞士&nbsp;厂址：瑞士&nbsp;厂家联系方式：021-57741718&nbsp;配料表：详见&nbsp;包装说明储藏方法：详见包装说明&nbsp;保质期：720 天&nbsp;食品添加剂：详见包装说明&nbsp;产品名称：Nestle/雀巢 恩敏舒 400g&nbsp;品牌: Nestle/雀巢&nbsp;系列: 恩敏舒&nbsp;规格: 400g&nbsp;适用年龄: 10个月 11个月 12个月 1个月 2个月 3个月 4个月 5个月 6个月 7个月 8个月 9个月 &nbsp;新生销售地: 中国大陆&nbsp;包装种类: 罐装&nbsp;重量(g): 400&nbsp;适用阶段: 二段&nbsp;包装方式: 包装&nbsp;原产地: 其他',4783,NULL,NULL,NULL,NULL,NULL,NULL,'2019-09-10 16:00:00',1,1,0,1),(151,'伊利脱脂奶粉小袋装成年女士学生青少年高钙高蛋白健身早餐牛奶粉',375,1029,1098,1,NULL,'产品标准号：GB10769-2010&nbsp;厂名：瑞士&nbsp;厂址：瑞士&nbsp;厂家联系方式：021-57741718&nbsp;配料表：详见&nbsp;包装说明储藏方法：详见包装说明&nbsp;保质期：720 天&nbsp;食品添加剂：详见包装说明&nbsp;产品名称：Nestle/雀巢 恩敏舒 400g&nbsp;品牌: Nestle/雀巢&nbsp;系列: 恩敏舒&nbsp;规格: 400g&nbsp;适用年龄: 10个月 11个月 12个月 1个月 2个月 3个月 4个月 5个月 6个月 7个月 8个月 9个月 &nbsp;新生销售地: 中国大陆&nbsp;包装种类: 罐装&nbsp;重量(g): 400&nbsp;适用阶段: 二段&nbsp;包装方式: 包装&nbsp;原产地: 其他',940,NULL,NULL,NULL,NULL,NULL,NULL,'2019-09-10 16:00:00',1,1,0,1),(152,'送小盒君乐宝乐铂君乐宝奶粉3段乐铂宝宝三段罐装婴儿配方奶粉3段',312,1131,1098,1,NULL,'产品标准号：GB10769-2010&nbsp;厂名：瑞士&nbsp;厂址：瑞士&nbsp;厂家联系方式：021-57741718&nbsp;配料表：详见&nbsp;包装说明储藏方法：详见包装说明&nbsp;保质期：720 天&nbsp;食品添加剂：详见包装说明&nbsp;产品名称：Nestle/雀巢 恩敏舒 400g&nbsp;品牌: Nestle/雀巢&nbsp;系列: 恩敏舒&nbsp;规格: 400g&nbsp;适用年龄: 10个月 11个月 12个月 1个月 2个月 3个月 4个月 5个月 6个月 7个月 8个月 9个月 &nbsp;新生销售地: 中国大陆&nbsp;包装种类: 罐装&nbsp;重量(g): 400&nbsp;适用阶段: 二段&nbsp;包装方式: 包装&nbsp;原产地: 其他',6214,NULL,NULL,NULL,NULL,NULL,NULL,'2019-09-10 16:00:00',1,1,0,1),(153,'澳洲进口美可卓蓝胖子脱脂成人牛奶粉1kg 女士低脂高钙早餐冲饮',370,1415,1098,1,NULL,'产品标准号：GB10769-2010&nbsp;厂名：瑞士&nbsp;厂址：瑞士&nbsp;厂家联系方式：021-57741718&nbsp;配料表：详见&nbsp;包装说明储藏方法：详见包装说明&nbsp;保质期：720 天&nbsp;食品添加剂：详见包装说明&nbsp;产品名称：Nestle/雀巢 恩敏舒 400g&nbsp;品牌: Nestle/雀巢&nbsp;系列: 恩敏舒&nbsp;规格: 400g&nbsp;适用年龄: 10个月 11个月 12个月 1个月 2个月 3个月 4个月 5个月 6个月 7个月 8个月 9个月 &nbsp;新生销售地: 中国大陆&nbsp;包装种类: 罐装&nbsp;重量(g): 400&nbsp;适用阶段: 二段&nbsp;包装方式: 包装&nbsp;原产地: 其他',5693,NULL,NULL,NULL,NULL,NULL,NULL,'2019-09-10 16:00:00',1,1,0,1),(154,'蒙牛女士奶粉400g-2袋 女学生高钙高铁牛奶粉成年人女营养早餐',355,1222,1098,1,NULL,'产品标准号：GB10769-2010&nbsp;厂名：瑞士&nbsp;厂址：瑞士&nbsp;厂家联系方式：021-57741718&nbsp;配料表：详见&nbsp;包装说明储藏方法：详见包装说明&nbsp;保质期：720 天&nbsp;食品添加剂：详见包装说明&nbsp;产品名称：Nestle/雀巢 恩敏舒 400g&nbsp;品牌: Nestle/雀巢&nbsp;系列: 恩敏舒&nbsp;规格: 400g&nbsp;适用年龄: 10个月 11个月 12个月 1个月 2个月 3个月 4个月 5个月 6个月 7个月 8个月 9个月 &nbsp;新生销售地: 中国大陆&nbsp;包装种类: 罐装&nbsp;重量(g): 400&nbsp;适用阶段: 二段&nbsp;包装方式: 包装&nbsp;原产地: 其他',2840,NULL,NULL,NULL,NULL,NULL,NULL,'2019-09-10 16:00:00',1,1,0,1),(155,'秦川牌羊奶粉中老年成人学生儿童女士孕妇青少年高钙富硒配方奶粉',360,1758,1098,1,NULL,'产品标准号：GB10769-2010&nbsp;厂名：瑞士&nbsp;厂址：瑞士&nbsp;厂家联系方式：021-57741718&nbsp;配料表：详见&nbsp;包装说明储藏方法：详见包装说明&nbsp;保质期：720 天&nbsp;食品添加剂：详见包装说明&nbsp;产品名称：Nestle/雀巢 恩敏舒 400g&nbsp;品牌: Nestle/雀巢&nbsp;系列: 恩敏舒&nbsp;规格: 400g&nbsp;适用年龄: 10个月 11个月 12个月 1个月 2个月 3个月 4个月 5个月 6个月 7个月 8个月 9个月 &nbsp;新生销售地: 中国大陆&nbsp;包装种类: 罐装&nbsp;重量(g): 400&nbsp;适用阶段: 二段&nbsp;包装方式: 包装&nbsp;原产地: 其他',3360,NULL,NULL,NULL,NULL,NULL,NULL,'2019-09-10 16:00:00',1,1,0,1),(156,'【旗舰店】雀巢儿童配方中小学生青少年成长营养奶粉1000g-2',218,1659,1098,1,NULL,'产品标准号：GB10769-2010&nbsp;厂名：瑞士&nbsp;厂址：瑞士&nbsp;厂家联系方式：021-57741718&nbsp;配料表：详见&nbsp;包装说明储藏方法：详见包装说明&nbsp;保质期：720 天&nbsp;食品添加剂：详见包装说明&nbsp;产品名称：Nestle/雀巢 恩敏舒 400g&nbsp;品牌: Nestle/雀巢&nbsp;系列: 恩敏舒&nbsp;规格: 400g&nbsp;适用年龄: 10个月 11个月 12个月 1个月 2个月 3个月 4个月 5个月 6个月 7个月 8个月 9个月 &nbsp;新生销售地: 中国大陆&nbsp;包装种类: 罐装&nbsp;重量(g): 400&nbsp;适用阶段: 二段&nbsp;包装方式: 包装&nbsp;原产地: 其他',6626,NULL,NULL,NULL,NULL,NULL,NULL,'2019-09-10 16:00:00',1,1,0,1),(157,'贝因美爱加幼儿配方牛奶粉3段800g-6罐适合12-36月宝宝粉爱整箱装',279,1997,1098,1,NULL,'产品标准号：GB10769-2010&nbsp;厂名：瑞士&nbsp;厂址：瑞士&nbsp;厂家联系方式：021-57741718&nbsp;配料表：详见&nbsp;包装说明储藏方法：详见包装说明&nbsp;保质期：720 天&nbsp;食品添加剂：详见包装说明&nbsp;产品名称：Nestle/雀巢 恩敏舒 400g&nbsp;品牌: Nestle/雀巢&nbsp;系列: 恩敏舒&nbsp;规格: 400g&nbsp;适用年龄: 10个月 11个月 12个月 1个月 2个月 3个月 4个月 5个月 6个月 7个月 8个月 9个月 &nbsp;新生销售地: 中国大陆&nbsp;包装种类: 罐装&nbsp;重量(g): 400&nbsp;适用阶段: 二段&nbsp;包装方式: 包装&nbsp;原产地: 其他',9153,NULL,NULL,NULL,NULL,NULL,NULL,'2019-09-10 16:00:00',1,1,0,1),(158,'Maeil 每日宫有机奶粉3段800g-3 宝宝婴幼儿 每日乳业临期特价',219,1570,1098,1,NULL,'产品标准号：GB10769-2010&nbsp;厂名：瑞士&nbsp;厂址：瑞士&nbsp;厂家联系方式：021-57741718&nbsp;配料表：详见&nbsp;包装说明储藏方法：详见包装说明&nbsp;保质期：720 天&nbsp;食品添加剂：详见包装说明&nbsp;产品名称：Nestle/雀巢 恩敏舒 400g&nbsp;品牌: Nestle/雀巢&nbsp;系列: 恩敏舒&nbsp;规格: 400g&nbsp;适用年龄: 10个月 11个月 12个月 1个月 2个月 3个月 4个月 5个月 6个月 7个月 8个月 9个月 &nbsp;新生销售地: 中国大陆&nbsp;包装种类: 罐装&nbsp;重量(g): 400&nbsp;适用阶段: 二段&nbsp;包装方式: 包装&nbsp;原产地: 其他',1474,NULL,NULL,NULL,NULL,NULL,NULL,'2019-09-10 16:00:00',1,1,0,1),(159,'伊利中老年营养奶粉400克2袋装成人中年老人老年人高钙配方牛奶粉',370,1664,1098,1,NULL,'产品标准号：GB10769-2010&nbsp;厂名：瑞士&nbsp;厂址：瑞士&nbsp;厂家联系方式：021-57741718&nbsp;配料表：详见&nbsp;包装说明储藏方法：详见包装说明&nbsp;保质期：720 天&nbsp;食品添加剂：详见包装说明&nbsp;产品名称：Nestle/雀巢 恩敏舒 400g&nbsp;品牌: Nestle/雀巢&nbsp;系列: 恩敏舒&nbsp;规格: 400g&nbsp;适用年龄: 10个月 11个月 12个月 1个月 2个月 3个月 4个月 5个月 6个月 7个月 8个月 9个月 &nbsp;新生销售地: 中国大陆&nbsp;包装种类: 罐装&nbsp;重量(g): 400&nbsp;适用阶段: 二段&nbsp;包装方式: 包装&nbsp;原产地: 其他',6007,NULL,NULL,NULL,NULL,NULL,NULL,'2019-09-10 16:00:00',1,1,0,NULL),(160,'澳洲新西兰a2进口奶粉3段三段婴幼儿配方白金版A2蛋白质1-3岁4罐',213,1918,1098,1,NULL,'产品标准号：GB10769-2010&nbsp;厂名：瑞士&nbsp;厂址：瑞士&nbsp;厂家联系方式：021-57741718&nbsp;配料表：详见&nbsp;包装说明储藏方法：详见包装说明&nbsp;保质期：720 天&nbsp;食品添加剂：详见包装说明&nbsp;产品名称：Nestle/雀巢 恩敏舒 400g&nbsp;品牌: Nestle/雀巢&nbsp;系列: 恩敏舒&nbsp;规格: 400g&nbsp;适用年龄: 10个月 11个月 12个月 1个月 2个月 3个月 4个月 5个月 6个月 7个月 8个月 9个月 &nbsp;新生销售地: 中国大陆&nbsp;包装种类: 罐装&nbsp;重量(g): 400&nbsp;适用阶段: 二段&nbsp;包装方式: 包装&nbsp;原产地: 其他',1519,NULL,NULL,NULL,NULL,NULL,NULL,'2019-09-10 16:00:00',1,1,0,NULL),(161,'旗舰店官网君乐宝小小鲁班奶粉4段儿童成长学生牛奶粉四段800g罐',365,1222,1098,1,NULL,'产品标准号：GB10769-2010&nbsp;厂名：瑞士&nbsp;厂址：瑞士&nbsp;厂家联系方式：021-57741718&nbsp;配料表：详见&nbsp;包装说明储藏方法：详见包装说明&nbsp;保质期：720 天&nbsp;食品添加剂：详见包装说明&nbsp;产品名称：Nestle/雀巢 恩敏舒 400g&nbsp;品牌: Nestle/雀巢&nbsp;系列: 恩敏舒&nbsp;规格: 400g&nbsp;适用年龄: 10个月 11个月 12个月 1个月 2个月 3个月 4个月 5个月 6个月 7个月 8个月 9个月 &nbsp;新生销售地: 中国大陆&nbsp;包装种类: 罐装&nbsp;重量(g): 400&nbsp;适用阶段: 二段&nbsp;包装方式: 包装&nbsp;原产地: 其他',6044,NULL,NULL,NULL,NULL,NULL,NULL,'2019-09-10 16:00:00',2,1,0,NULL),(164,'合生元官方旗舰店派星幼儿3段配方奶粉900g适合1-3岁宝宝欧洲原罐',211,1908,1098,1,NULL,'产品标准号：GB10769-2010&nbsp;厂名：瑞士&nbsp;厂址：瑞士&nbsp;厂家联系方式：021-57741718&nbsp;配料表：详见&nbsp;包装说明储藏方法：详见包装说明&nbsp;保质期：720 天&nbsp;食品添加剂：详见包装说明&nbsp;产品名称：Nestle/雀巢 恩敏舒 400g&nbsp;品牌: Nestle/雀巢&nbsp;系列: 恩敏舒&nbsp;规格: 400g&nbsp;适用年龄: 10个月 11个月 12个月 1个月 2个月 3个月 4个月 5个月 6个月 7个月 8个月 9个月 &nbsp;新生销售地: 中国大陆&nbsp;包装种类: 罐装&nbsp;重量(g): 400&nbsp;适用阶段: 二段&nbsp;包装方式: 包装&nbsp;原产地: 其他',6596,NULL,NULL,NULL,NULL,NULL,NULL,'2019-09-10 16:00:00',2,1,0,NULL),(165,'买1得7】伊利珍护3段900g克婴幼儿三段金领冠牛奶粉罐装官方正品',262,1349,1098,1,NULL,'产品标准号：GB10769-2010&nbsp;厂名：瑞士&nbsp;厂址：瑞士&nbsp;厂家联系方式：021-57741718&nbsp;配料表：详见&nbsp;包装说明储藏方法：详见包装说明&nbsp;保质期：720 天&nbsp;食品添加剂：详见包装说明&nbsp;产品名称：Nestle/雀巢 恩敏舒 400g&nbsp;品牌: Nestle/雀巢&nbsp;系列: 恩敏舒&nbsp;规格: 400g&nbsp;适用年龄: 10个月 11个月 12个月 1个月 2个月 3个月 4个月 5个月 6个月 7个月 8个月 9个月 &nbsp;新生销售地: 中国大陆&nbsp;包装种类: 罐装&nbsp;重量(g): 400&nbsp;适用阶段: 二段&nbsp;包装方式: 包装&nbsp;原产地: 其他',8006,NULL,NULL,NULL,NULL,NULL,NULL,'2019-09-10 16:00:00',2,1,0,NULL),(166,'澳洲新西兰a2奶粉3段三段婴幼儿配方白金版A2蛋白质1-3岁2罐',377,1147,1098,1,NULL,'产品标准号：GB10769-2010&nbsp;厂名：瑞士&nbsp;厂址：瑞士&nbsp;厂家联系方式：021-57741718&nbsp;配料表：详见&nbsp;包装说明储藏方法：详见包装说明&nbsp;保质期：720 天&nbsp;食品添加剂：详见包装说明&nbsp;产品名称：Nestle/雀巢 恩敏舒 400g&nbsp;品牌: Nestle/雀巢&nbsp;系列: 恩敏舒&nbsp;规格: 400g&nbsp;适用年龄: 10个月 11个月 12个月 1个月 2个月 3个月 4个月 5个月 6个月 7个月 8个月 9个月 &nbsp;新生销售地: 中国大陆&nbsp;包装种类: 罐装&nbsp;重量(g): 400&nbsp;适用阶段: 二段&nbsp;包装方式: 包装&nbsp;原产地: 其他',3881,NULL,NULL,NULL,NULL,NULL,NULL,'2019-09-10 16:00:00',1,1,0,NULL),(167,'Nutrilon诺优能幼儿配方奶粉3段六罐 牛栏原装进口',352,1571,1098,1,NULL,'产品标准号：GB10769-2010&nbsp;厂名：瑞士&nbsp;厂址：瑞士&nbsp;厂家联系方式：021-57741718&nbsp;配料表：详见&nbsp;包装说明储藏方法：详见包装说明&nbsp;保质期：720 天&nbsp;食品添加剂：详见包装说明&nbsp;产品名称：Nestle/雀巢 恩敏舒 400g&nbsp;品牌: Nestle/雀巢&nbsp;系列: 恩敏舒&nbsp;规格: 400g&nbsp;适用年龄: 10个月 11个月 12个月 1个月 2个月 3个月 4个月 5个月 6个月 7个月 8个月 9个月 &nbsp;新生销售地: 中国大陆&nbsp;包装种类: 罐装&nbsp;重量(g): 400&nbsp;适用阶段: 二段&nbsp;包装方式: 包装&nbsp;原产地: 其他',1183,NULL,NULL,NULL,NULL,NULL,NULL,'2019-09-10 16:00:00',2,1,0,NULL),(168,'拍2发3百年龙腾无蔗糖高钙山羊奶粉孕妇成年成人女士中老年人学生',340,1031,1099,1,NULL,'产品标准号：GB10769-2010&nbsp;厂名：瑞士&nbsp;厂址：瑞士&nbsp;厂家联系方式：021-57741718&nbsp;配料表：详见&nbsp;包装说明储藏方法：详见包装说明&nbsp;保质期：720 天&nbsp;食品添加剂：详见包装说明&nbsp;产品名称：Nestle/雀巢 恩敏舒 400g&nbsp;品牌: Nestle/雀巢&nbsp;系列: 恩敏舒&nbsp;规格: 400g&nbsp;适用年龄: 10个月 11个月 12个月 1个月 2个月 3个月 4个月 5个月 6个月 7个月 8个月 9个月 &nbsp;新生销售地: 中国大陆&nbsp;包装种类: 罐装&nbsp;重量(g): 400&nbsp;适用阶段: 二段&nbsp;包装方式: 包装&nbsp;原产地: 其他',6139,NULL,NULL,NULL,NULL,NULL,NULL,'2019-09-10 16:00:00',1,1,0,NULL),(169,'【旗舰店】雀巢怡养金装健心2合1中老年高钙营养奶粉800g-2听',315,1981,1099,1,NULL,'产品标准号：GB10769-2010&nbsp;厂名：瑞士&nbsp;厂址：瑞士&nbsp;厂家联系方式：021-57741718&nbsp;配料表：详见&nbsp;包装说明储藏方法：详见包装说明&nbsp;保质期：720 天&nbsp;食品添加剂：详见包装说明&nbsp;产品名称：Nestle/雀巢 恩敏舒 400g&nbsp;品牌: Nestle/雀巢&nbsp;系列: 恩敏舒&nbsp;规格: 400g&nbsp;适用年龄: 10个月 11个月 12个月 1个月 2个月 3个月 4个月 5个月 6个月 7个月 8个月 9个月 &nbsp;新生销售地: 中国大陆&nbsp;包装种类: 罐装&nbsp;重量(g): 400&nbsp;适用阶段: 二段&nbsp;包装方式: 包装&nbsp;原产地: 其他',9239,NULL,NULL,NULL,NULL,NULL,NULL,'2019-09-10 16:00:00',1,NULL,0,NULL),(172,'8月新】伊利金领冠3段1200g克三联包幼儿配方三段400g-3盒装奶粉',336,1024,1099,1,NULL,'产品标准号：GB10769-2010&nbsp;厂名：瑞士&nbsp;厂址：瑞士&nbsp;厂家联系方式：021-57741718&nbsp;配料表：详见&nbsp;包装说明储藏方法：详见包装说明&nbsp;保质期：720 天&nbsp;食品添加剂：详见包装说明&nbsp;产品名称：Nestle/雀巢 恩敏舒 400g&nbsp;品牌: Nestle/雀巢&nbsp;系列: 恩敏舒&nbsp;规格: 400g&nbsp;适用年龄: 10个月 11个月 12个月 1个月 2个月 3个月 4个月 5个月 6个月 7个月 8个月 9个月 &nbsp;新生销售地: 中国大陆&nbsp;包装种类: 罐装&nbsp;重量(g): 400&nbsp;适用阶段: 二段&nbsp;包装方式: 包装&nbsp;原产地: 其他',6814,NULL,NULL,NULL,NULL,NULL,NULL,'2019-09-10 16:00:00',2,1,0,NULL),(174,'Nutrilon诺优能婴儿幼儿配方奶粉3段双罐装 牛栏原装进口',267,1680,1099,1,NULL,'产品标准号：GB10769-2010&nbsp;厂名：瑞士&nbsp;厂址：瑞士&nbsp;厂家联系方式：021-57741718&nbsp;配料表：详见&nbsp;包装说明储藏方法：详见包装说明&nbsp;保质期：720 天&nbsp;食品添加剂：详见包装说明&nbsp;产品名称：Nestle/雀巢 恩敏舒 400g&nbsp;品牌: Nestle/雀巢&nbsp;系列: 恩敏舒&nbsp;规格: 400g&nbsp;适用年龄: 10个月 11个月 12个月 1个月 2个月 3个月 4个月 5个月 6个月 7个月 8个月 9个月 &nbsp;新生销售地: 中国大陆&nbsp;包装种类: 罐装&nbsp;重量(g): 400&nbsp;适用阶段: 二段&nbsp;包装方式: 包装&nbsp;原产地: 其他',2720,NULL,NULL,NULL,NULL,NULL,NULL,'2019-09-10 16:00:00',1,1,0,NULL),(175,'8月新货】伊利金领冠3段900g克婴儿幼儿配方奶粉三段罐旗舰店官网',248,1365,1098,1,NULL,'产品标准号：GB10769-2010&nbsp;厂名：瑞士&nbsp;厂址：瑞士&nbsp;厂家联系方式：021-57741718&nbsp;配料表：详见&nbsp;包装说明储藏方法：详见包装说明&nbsp;保质期：720 天&nbsp;食品添加剂：详见包装说明&nbsp;产品名称：Nestle/雀巢 恩敏舒 400g&nbsp;品牌: Nestle/雀巢&nbsp;系列: 恩敏舒&nbsp;规格: 400g&nbsp;适用年龄: 10个月 11个月 12个月 1个月 2个月 3个月 4个月 5个月 6个月 7个月 8个月 9个月 &nbsp;新生销售地: 中国大陆&nbsp;包装种类: 罐装&nbsp;重量(g): 400&nbsp;适用阶段: 二段&nbsp;包装方式: 包装&nbsp;原产地: 其他',2400,NULL,NULL,NULL,NULL,NULL,NULL,'2019-09-10 16:00:00',8,1,0,NULL),(176,'合生元官方旗舰店贝塔星婴幼儿配方牛奶粉3段900g适合1-3岁宝宝',296,1222,1099,1,NULL,'产品标准号：GB10769-2010&nbsp;厂名：瑞士&nbsp;厂址：瑞士&nbsp;厂家联系方式：021-57741718&nbsp;配料表：详见&nbsp;包装说明储藏方法：详见包装说明&nbsp;保质期：720 天&nbsp;食品添加剂：详见包装说明&nbsp;产品名称：Nestle/雀巢 恩敏舒 400g&nbsp;品牌: Nestle/雀巢&nbsp;系列: 恩敏舒&nbsp;规格: 400g&nbsp;适用年龄: 10个月 11个月 12个月 1个月 2个月 3个月 4个月 5个月 6个月 7个月 8个月 9个月 &nbsp;新生销售地: 中国大陆&nbsp;包装种类: 罐装&nbsp;重量(g): 400&nbsp;适用阶段: 二段&nbsp;包装方式: 包装&nbsp;原产地: 其他',10005,NULL,NULL,NULL,NULL,NULL,NULL,'2019-09-10 16:00:00',1,NULL,0,NULL),(177,'雀巢官方超启能恩超级能恩3段婴幼儿配方奶粉800g-6罐1-3岁',262,1127,1098,1,NULL,'产品标准号：GB10769-2010&nbsp;厂名：瑞士&nbsp;厂址：瑞士&nbsp;厂家联系方式：021-57741718&nbsp;配料表：详见&nbsp;包装说明储藏方法：详见包装说明&nbsp;保质期：720 天&nbsp;食品添加剂：详见包装说明&nbsp;产品名称：Nestle/雀巢 恩敏舒 400g&nbsp;品牌: Nestle/雀巢&nbsp;系列: 恩敏舒&nbsp;规格: 400g&nbsp;适用年龄: 10个月 11个月 12个月 1个月 2个月 3个月 4个月 5个月 6个月 7个月 8个月 9个月 &nbsp;新生销售地: 中国大陆&nbsp;包装种类: 罐装&nbsp;重量(g): 400&nbsp;适用阶段: 二段&nbsp;包装方式: 包装&nbsp;原产地: 其他',1978,NULL,NULL,NULL,NULL,NULL,NULL,'2019-09-10 16:00:00',1,1,0,NULL),(178,'贝因美旗舰店菁爱1段1kg-2罐0-6月婴儿配方宝宝牛奶粉菁选生牛乳',276,1894,1098,1,NULL,'产品标准号：GB10769-2010&nbsp;厂名：瑞士&nbsp;厂址：瑞士&nbsp;厂家联系方式：021-57741718&nbsp;配料表：详见&nbsp;包装说明储藏方法：详见包装说明&nbsp;保质期：720 天&nbsp;食品添加剂：详见包装说明&nbsp;产品名称：Nestle/雀巢 恩敏舒 400g&nbsp;品牌: Nestle/雀巢&nbsp;系列: 恩敏舒&nbsp;规格: 400g&nbsp;适用年龄: 10个月 11个月 12个月 1个月 2个月 3个月 4个月 5个月 6个月 7个月 8个月 9个月 &nbsp;新生销售地: 中国大陆&nbsp;包装种类: 罐装&nbsp;重量(g): 400&nbsp;适用阶段: 二段&nbsp;包装方式: 包装&nbsp;原产地: 其他',7245,NULL,NULL,NULL,NULL,NULL,NULL,'2019-09-10 16:00:00',1,NULL,0,NULL),(180,'贝因美 菁爱幼儿配方奶粉3段900g-6罐旗舰店菁选生牛乳加乳铁蛋白',324,1578,1098,1,NULL,'产品标准号：GB10769-2010&nbsp;厂名：瑞士&nbsp;厂址：瑞士&nbsp;厂家联系方式：021-57741718&nbsp;配料表：详见&nbsp;包装说明储藏方法：详见包装说明&nbsp;保质期：720 天&nbsp;食品添加剂：详见包装说明&nbsp;产品名称：Nestle/雀巢 恩敏舒 400g&nbsp;品牌: Nestle/雀巢&nbsp;系列: 恩敏舒&nbsp;规格: 400g&nbsp;适用年龄: 10个月 11个月 12个月 1个月 2个月 3个月 4个月 5个月 6个月 7个月 8个月 9个月 &nbsp;新生销售地: 中国大陆&nbsp;包装种类: 罐装&nbsp;重量(g): 400&nbsp;适用阶段: 二段&nbsp;包装方式: 包装&nbsp;原产地: 其他',9897,NULL,NULL,NULL,NULL,NULL,NULL,'2019-09-10 16:00:00',1,NULL,0,NULL),(184,'8月新】伊利金领冠3段1200g克三联包幼儿配方三段400g-3盒装奶粉',299,1084,1098,1,NULL,'产品标准号：GB10769-2010&nbsp;厂名：瑞士&nbsp;厂址：瑞士&nbsp;厂家联系方式：021-57741718&nbsp;配料表：详见&nbsp;包装说明储藏方法：详见包装说明&nbsp;保质期：720 天&nbsp;食品添加剂：详见包装说明&nbsp;产品名称：Nestle/雀巢 恩敏舒 400g&nbsp;品牌: Nestle/雀巢&nbsp;系列: 恩敏舒&nbsp;规格: 400g&nbsp;适用年龄: 10个月 11个月 12个月 1个月 2个月 3个月 4个月 5个月 6个月 7个月 8个月 9个月 &nbsp;新生销售地: 中国大陆&nbsp;包装种类: 罐装&nbsp;重量(g): 400&nbsp;适用阶段: 二段&nbsp;包装方式: 包装&nbsp;原产地: 其他',4287,NULL,NULL,NULL,NULL,NULL,NULL,'2019-09-10 16:00:00',1,NULL,0,NULL),(185,'【下单买1送6】伊利金领冠珍护2段 伊利婴儿奶粉二段 900g罐装',313,1590,1098,1,NULL,'产品标准号：GB10769-2010&nbsp;厂名：瑞士&nbsp;厂址：瑞士&nbsp;厂家联系方式：021-57741718&nbsp;配料表：详见&nbsp;包装说明储藏方法：详见包装说明&nbsp;保质期：720 天&nbsp;食品添加剂：详见包装说明&nbsp;产品名称：Nestle/雀巢 恩敏舒 400g&nbsp;品牌: Nestle/雀巢&nbsp;系列: 恩敏舒&nbsp;规格: 400g&nbsp;适用年龄: 10个月 11个月 12个月 1个月 2个月 3个月 4个月 5个月 6个月 7个月 8个月 9个月 &nbsp;新生销售地: 中国大陆&nbsp;包装种类: 罐装&nbsp;重量(g): 400&nbsp;适用阶段: 二段&nbsp;包装方式: 包装&nbsp;原产地: 其他',1437,NULL,NULL,NULL,NULL,NULL,NULL,'2019-09-10 16:00:00',2,1,0,NULL),(186,'Nutrilon诺优能婴儿幼儿配方奶粉3段双罐装 牛栏原装进口',381,1639,1098,1,NULL,'产品标准号：GB10769-2010&nbsp;厂名：瑞士&nbsp;厂址：瑞士&nbsp;厂家联系方式：021-57741718&nbsp;配料表：详见&nbsp;包装说明储藏方法：详见包装说明&nbsp;保质期：720 天&nbsp;食品添加剂：详见包装说明&nbsp;产品名称：Nestle/雀巢 恩敏舒 400g&nbsp;品牌: Nestle/雀巢&nbsp;系列: 恩敏舒&nbsp;规格: 400g&nbsp;适用年龄: 10个月 11个月 12个月 1个月 2个月 3个月 4个月 5个月 6个月 7个月 8个月 9个月 &nbsp;新生销售地: 中国大陆&nbsp;包装种类: 罐装&nbsp;重量(g): 400&nbsp;适用阶段: 二段&nbsp;包装方式: 包装&nbsp;原产地: 其他',1155,NULL,NULL,NULL,NULL,NULL,NULL,'2019-09-10 16:00:00',1,NULL,0,NULL),(188,'合生元官方旗舰店贝塔星婴幼儿配方牛奶粉3段900g适合1-3岁宝宝',207,1003,1098,1,NULL,'产品标准号：GB10769-2010&nbsp;厂名：瑞士&nbsp;厂址：瑞士&nbsp;厂家联系方式：021-57741718&nbsp;配料表：详见&nbsp;包装说明储藏方法：详见包装说明&nbsp;保质期：720 天&nbsp;食品添加剂：详见包装说明&nbsp;产品名称：Nestle/雀巢 恩敏舒 400g&nbsp;品牌: Nestle/雀巢&nbsp;系列: 恩敏舒&nbsp;规格: 400g&nbsp;适用年龄: 10个月 11个月 12个月 1个月 2个月 3个月 4个月 5个月 6个月 7个月 8个月 9个月 &nbsp;新生销售地: 中国大陆&nbsp;包装种类: 罐装&nbsp;重量(g): 400&nbsp;适用阶段: 二段&nbsp;包装方式: 包装&nbsp;原产地: 其他',3935,NULL,NULL,NULL,NULL,NULL,NULL,'2019-09-10 16:00:00',1,NULL,0,NULL),(189,'雀巢官方超启能恩超级能恩3段婴幼儿配方奶粉800g-6罐1-3岁',274,1710,1098,1,NULL,'产品标准号：GB10769-2010&nbsp;厂名：瑞士&nbsp;厂址：瑞士&nbsp;厂家联系方式：021-57741718&nbsp;配料表：详见&nbsp;包装说明储藏方法：详见包装说明&nbsp;保质期：720 天&nbsp;食品添加剂：详见包装说明&nbsp;产品名称：Nestle/雀巢 恩敏舒 400g&nbsp;品牌: Nestle/雀巢&nbsp;系列: 恩敏舒&nbsp;规格: 400g&nbsp;适用年龄: 10个月 11个月 12个月 1个月 2个月 3个月 4个月 5个月 6个月 7个月 8个月 9个月 &nbsp;新生销售地: 中国大陆&nbsp;包装种类: 罐装&nbsp;重量(g): 400&nbsp;适用阶段: 二段&nbsp;包装方式: 包装&nbsp;原产地: 其他',4857,NULL,NULL,NULL,NULL,NULL,NULL,'2019-09-10 16:00:00',2,0,0,NULL),(190,'贝因美旗舰店菁爱1段1kg-2罐0-6月婴儿配方宝宝牛奶粉菁选生牛乳',245,1511,1110,1,NULL,'产品标准号：GB10769-2010&nbsp;厂名：瑞士&nbsp;厂址：瑞士&nbsp;厂家联系方式：021-57741718&nbsp;配料表：详见&nbsp;包装说明储藏方法：详见包装说明&nbsp;保质期：720 天&nbsp;食品添加剂：详见包装说明&nbsp;产品名称：Nestle/雀巢 恩敏舒 400g&nbsp;品牌: Nestle/雀巢&nbsp;系列: 恩敏舒&nbsp;规格: 400g&nbsp;适用年龄: 10个月 11个月 12个月 1个月 2个月 3个月 4个月 5个月 6个月 7个月 8个月 9个月 &nbsp;新生销售地: 中国大陆&nbsp;包装种类: 罐装&nbsp;重量(g): 400&nbsp;适用阶段: 二段&nbsp;包装方式: 包装&nbsp;原产地: 其他',6947,NULL,NULL,NULL,NULL,NULL,NULL,'2019-09-10 16:00:00',1,NULL,0,NULL),(191,'官方店】新疆骆驼奶粉 千绝精选全脂驼奶粉375g 纯驼乳粉无蔗糖',323,1194,1098,1,NULL,'产品标准号：GB10769-2010&nbsp;厂名：瑞士&nbsp;厂址：瑞士&nbsp;厂家联系方式：021-57741718&nbsp;配料表：详见&nbsp;包装说明储藏方法：详见包装说明&nbsp;保质期：720 天&nbsp;食品添加剂：详见包装说明&nbsp;产品名称：Nestle/雀巢 恩敏舒 400g&nbsp;品牌: Nestle/雀巢&nbsp;系列: 恩敏舒&nbsp;规格: 400g&nbsp;适用年龄: 10个月 11个月 12个月 1个月 2个月 3个月 4个月 5个月 6个月 7个月 8个月 9个月 &nbsp;新生销售地: 中国大陆&nbsp;包装种类: 罐装&nbsp;重量(g): 400&nbsp;适用阶段: 二段&nbsp;包装方式: 包装&nbsp;原产地: 其他',8517,NULL,NULL,NULL,NULL,NULL,NULL,'2019-09-10 16:00:00',2,0,0,NULL),(192,'贝因美 菁爱幼儿配方奶粉3段900g-6罐旗舰店菁选生牛乳加乳铁蛋白',328,1824,1098,1,NULL,'产品标准号：GB10769-2010&nbsp;厂名：瑞士&nbsp;厂址：瑞士&nbsp;厂家联系方式：021-57741718&nbsp;配料表：详见&nbsp;包装说明储藏方法：详见包装说明&nbsp;保质期：720 天&nbsp;食品添加剂：详见包装说明&nbsp;产品名称：Nestle/雀巢 恩敏舒 400g&nbsp;品牌: Nestle/雀巢&nbsp;系列: 恩敏舒&nbsp;规格: 400g&nbsp;适用年龄: 10个月 11个月 12个月 1个月 2个月 3个月 4个月 5个月 6个月 7个月 8个月 9个月 &nbsp;新生销售地: 中国大陆&nbsp;包装种类: 罐装&nbsp;重量(g): 400&nbsp;适用阶段: 二段&nbsp;包装方式: 包装&nbsp;原产地: 其他',3802,NULL,NULL,NULL,NULL,NULL,NULL,'2019-09-10 16:00:00',1,NULL,0,NULL),(193,'雅培铂优恩美力欧洲原罐进口婴幼儿儿童牛奶粉3段900g-4罐 1-3岁',272,1286,1098,1,NULL,'产品标准号：GB10769-2010&nbsp;厂名：瑞士&nbsp;厂址：瑞士&nbsp;厂家联系方式：021-57741718&nbsp;配料表：详见&nbsp;包装说明储藏方法：详见包装说明&nbsp;保质期：720 天&nbsp;食品添加剂：详见包装说明&nbsp;产品名称：Nestle/雀巢 恩敏舒 400g&nbsp;品牌: Nestle/雀巢&nbsp;系列: 恩敏舒&nbsp;规格: 400g&nbsp;适用年龄: 10个月 11个月 12个月 1个月 2个月 3个月 4个月 5个月 6个月 7个月 8个月 9个月 &nbsp;新生销售地: 中国大陆&nbsp;包装种类: 罐装&nbsp;重量(g): 400&nbsp;适用阶段: 二段&nbsp;包装方式: 包装&nbsp;原产地: 其他',9962,NULL,NULL,NULL,NULL,NULL,NULL,'2019-09-10 16:00:00',7,1,0,NULL),(198,'官方飞鹤星飞帆2段较大婴幼儿配方奶粉700g适用于6-12个月',391,1859,1098,1,NULL,'产品标准号：GB10769-2010&nbsp;厂名：瑞士&nbsp;厂址：瑞士&nbsp;厂家联系方式：021-57741718&nbsp;配料表：详见&nbsp;包装说明储藏方法：详见包装说明&nbsp;保质期：720 天&nbsp;食品添加剂：详见包装说明&nbsp;产品名称：Nestle/雀巢 恩敏舒 400g&nbsp;品牌: Nestle/雀巢&nbsp;系列: 恩敏舒&nbsp;规格: 400g&nbsp;适用年龄: 10个月 11个月 12个月 1个月 2个月 3个月 4个月 5个月 6个月 7个月 8个月 9个月 &nbsp;新生销售地: 中国大陆&nbsp;包装种类: 罐装&nbsp;重量(g): 400&nbsp;适用阶段: 二段&nbsp;包装方式: 包装&nbsp;原产地: 其他',9849,NULL,NULL,NULL,NULL,NULL,NULL,'2019-09-10 16:00:00',1,NULL,0,NULL),(199,'官方Aptamil爱他美卓萃（白金版）欧洲进口幼儿配方奶粉3段900g',269,1824,1098,1,NULL,'产品标准号：GB10769-2010&nbsp;厂名：瑞士&nbsp;厂址：瑞士&nbsp;厂家联系方式：021-57741718&nbsp;配料表：详见&nbsp;包装说明储藏方法：详见包装说明&nbsp;保质期：720 天&nbsp;食品添加剂：详见包装说明&nbsp;产品名称：Nestle/雀巢 恩敏舒 400g&nbsp;品牌: Nestle/雀巢&nbsp;系列: 恩敏舒&nbsp;规格: 400g&nbsp;适用年龄: 10个月 11个月 12个月 1个月 2个月 3个月 4个月 5个月 6个月 7个月 8个月 9个月 &nbsp;新生销售地: 中国大陆&nbsp;包装种类: 罐装&nbsp;重量(g): 400&nbsp;适用阶段: 二段&nbsp;包装方式: 包装&nbsp;原产地: 其他',1998,NULL,NULL,NULL,NULL,NULL,NULL,'2019-09-10 16:00:00',2,1,0,NULL),(200,'荷兰进口风车牧场小绿盒纯羊奶粉成人儿童中老年人学生女士奶粉',374,1393,1098,1,NULL,'产品标准号：GB10769-2010&nbsp;厂名：瑞士&nbsp;厂址：瑞士&nbsp;厂家联系方式：021-57741718&nbsp;配料表：详见&nbsp;包装说明储藏方法：详见包装说明&nbsp;保质期：720 天&nbsp;食品添加剂：详见包装说明&nbsp;产品名称：Nestle/雀巢 恩敏舒 400g&nbsp;品牌: Nestle/雀巢&nbsp;系列: 恩敏舒&nbsp;规格: 400g&nbsp;适用年龄: 10个月 11个月 12个月 1个月 2个月 3个月 4个月 5个月 6个月 7个月 8个月 9个月 &nbsp;新生销售地: 中国大陆&nbsp;包装种类: 罐装&nbsp;重量(g): 400&nbsp;适用阶段: 二段&nbsp;包装方式: 包装&nbsp;原产地: 其他',2327,NULL,NULL,NULL,NULL,NULL,NULL,'2019-09-10 16:00:00',1,NULL,0,NULL),(201,'官方飞鹤星飞帆2段较大婴幼儿配方奶粉700g适用于6-12个月',317,1602,1098,1,NULL,'产品标准号：GB10769-2010&nbsp;厂名：瑞士&nbsp;厂址：瑞士&nbsp;厂家联系方式：021-57741718&nbsp;配料表：详见&nbsp;包装说明储藏方法：详见包装说明&nbsp;保质期：720 天&nbsp;食品添加剂：详见包装说明&nbsp;产品名称：Nestle/雀巢 恩敏舒 400g&nbsp;品牌: Nestle/雀巢&nbsp;系列: 恩敏舒&nbsp;规格: 400g&nbsp;适用年龄: 10个月 11个月 12个月 1个月 2个月 3个月 4个月 5个月 6个月 7个月 8个月 9个月 &nbsp;新生销售地: 中国大陆&nbsp;包装种类: 罐装&nbsp;重量(g): 400&nbsp;适用阶段: 二段&nbsp;包装方式: 包装&nbsp;原产地: 其他',4207,NULL,NULL,NULL,NULL,NULL,NULL,'2019-09-10 16:00:00',1,1,0,NULL),(202,'官方Aptamil爱他美卓萃（白金版）欧洲进口幼儿配方奶粉3段900g',333,1266,1098,1,NULL,'产品标准号：GB10769-2010&nbsp;厂名：瑞士&nbsp;厂址：瑞士&nbsp;厂家联系方式：021-57741718&nbsp;配料表：详见&nbsp;包装说明储藏方法：详见包装说明&nbsp;保质期：720 天&nbsp;食品添加剂：详见包装说明&nbsp;产品名称：Nestle/雀巢 恩敏舒 400g&nbsp;品牌: Nestle/雀巢&nbsp;系列: 恩敏舒&nbsp;规格: 400g&nbsp;适用年龄: 10个月 11个月 12个月 1个月 2个月 3个月 4个月 5个月 6个月 7个月 8个月 9个月 &nbsp;新生销售地: 中国大陆&nbsp;包装种类: 罐装&nbsp;重量(g): 400&nbsp;适用阶段: 二段&nbsp;包装方式: 包装&nbsp;原产地: 其他',6941,NULL,NULL,NULL,NULL,NULL,NULL,'2019-09-10 16:00:00',2,NULL,0,NULL),(203,'荷兰进口风车牧场小绿盒纯羊奶粉成人儿童中老年人学生女士奶粉',347,1594,1098,1,NULL,'产品标准号：GB10769-2010&nbsp;厂名：瑞士&nbsp;厂址：瑞士&nbsp;厂家联系方式：021-57741718&nbsp;配料表：详见&nbsp;包装说明储藏方法：详见包装说明&nbsp;保质期：720 天&nbsp;食品添加剂：详见包装说明&nbsp;产品名称：Nestle/雀巢 恩敏舒 400g&nbsp;品牌: Nestle/雀巢&nbsp;系列: 恩敏舒&nbsp;规格: 400g&nbsp;适用年龄: 10个月 11个月 12个月 1个月 2个月 3个月 4个月 5个月 6个月 7个月 8个月 9个月 &nbsp;新生销售地: 中国大陆&nbsp;包装种类: 罐装&nbsp;重量(g): 400&nbsp;适用阶段: 二段&nbsp;包装方式: 包装&nbsp;原产地: 其他',3468,NULL,NULL,NULL,NULL,NULL,NULL,'2019-09-10 16:00:00',1,NULL,0,NULL),(204,'【官方】美赞臣蓝臻幼儿奶粉3段900g-2罐（1-3岁）故宫礼盒定制装',298,1088,1098,1,NULL,'产品标准号：GB10769-2010&nbsp;厂名：瑞士&nbsp;厂址：瑞士&nbsp;厂家联系方式：021-57741718&nbsp;配料表：详见&nbsp;包装说明储藏方法：详见包装说明&nbsp;保质期：720 天&nbsp;食品添加剂：详见包装说明&nbsp;产品名称：Nestle/雀巢 恩敏舒 400g&nbsp;品牌: Nestle/雀巢&nbsp;系列: 恩敏舒&nbsp;规格: 400g&nbsp;适用年龄: 10个月 11个月 12个月 1个月 2个月 3个月 4个月 5个月 6个月 7个月 8个月 9个月 &nbsp;新生销售地: 中国大陆&nbsp;包装种类: 罐装&nbsp;重量(g): 400&nbsp;适用阶段: 二段&nbsp;包装方式: 包装&nbsp;原产地: 其他',5903,NULL,NULL,NULL,NULL,NULL,NULL,'2019-09-10 16:00:00',2,NULL,0,NULL),(206,'aptamil-爱他美卓萃白金版 较大婴儿幼儿配方奶粉 2段 900g',359,1219,1098,1,NULL,'产品标准号：GB10769-2010&nbsp;厂名：瑞士&nbsp;厂址：瑞士&nbsp;厂家联系方式：021-57741718&nbsp;配料表：详见&nbsp;包装说明储藏方法：详见包装说明&nbsp;保质期：720 天&nbsp;食品添加剂：详见包装说明&nbsp;产品名称：Nestle/雀巢 恩敏舒 400g&nbsp;品牌: Nestle/雀巢&nbsp;系列: 恩敏舒&nbsp;规格: 400g&nbsp;适用年龄: 10个月 11个月 12个月 1个月 2个月 3个月 4个月 5个月 6个月 7个月 8个月 9个月 &nbsp;新生销售地: 中国大陆&nbsp;包装种类: 罐装&nbsp;重量(g): 400&nbsp;适用阶段: 二段&nbsp;包装方式: 包装&nbsp;原产地: 其他',5389,NULL,NULL,NULL,NULL,NULL,NULL,'2019-09-10 16:00:00',1,NULL,0,NULL),(209,'澳洲a2进口原装婴幼儿配方奶粉1-3周岁宝宝适用3段900g-3罐',375,1733,1098,1,NULL,'产品标准号：GB10769-2010&nbsp;厂名：瑞士&nbsp;厂址：瑞士&nbsp;厂家联系方式：021-57741718&nbsp;配料表：详见&nbsp;包装说明储藏方法：详见包装说明&nbsp;保质期：720 天&nbsp;食品添加剂：详见包装说明&nbsp;产品名称：Nestle/雀巢 恩敏舒 400g&nbsp;品牌: Nestle/雀巢&nbsp;系列: 恩敏舒&nbsp;规格: 400g&nbsp;适用年龄: 10个月 11个月 12个月 1个月 2个月 3个月 4个月 5个月 6个月 7个月 8个月 9个月 &nbsp;新生销售地: 中国大陆&nbsp;包装种类: 罐装&nbsp;重量(g): 400&nbsp;适用阶段: 二段&nbsp;包装方式: 包装&nbsp;原产地: 其他',8272,NULL,NULL,NULL,NULL,NULL,NULL,'2019-09-10 16:00:00',2,NULL,0,NULL),(210,'德国原装进口aptamil爱他美婴幼儿牛奶粉3段1-3岁800g罐装三段',272,1259,1098,1,NULL,'产品标准号：GB10769-2010&nbsp;厂名：瑞士&nbsp;厂址：瑞士&nbsp;厂家联系方式：021-57741718&nbsp;配料表：详见&nbsp;包装说明储藏方法：详见包装说明&nbsp;保质期：720 天&nbsp;食品添加剂：详见包装说明&nbsp;产品名称：Nestle/雀巢 恩敏舒 400g&nbsp;品牌: Nestle/雀巢&nbsp;系列: 恩敏舒&nbsp;规格: 400g&nbsp;适用年龄: 10个月 11个月 12个月 1个月 2个月 3个月 4个月 5个月 6个月 7个月 8个月 9个月 &nbsp;新生销售地: 中国大陆&nbsp;包装种类: 罐装&nbsp;重量(g): 400&nbsp;适用阶段: 二段&nbsp;包装方式: 包装&nbsp;原产地: 其他',2340,NULL,NULL,NULL,NULL,NULL,NULL,'2019-09-10 16:00:00',1,NULL,0,NULL),(211,'德国aptamil爱他美进口白金版婴儿配方奶粉 1段0-6月龄 800g',352,1908,1098,1,NULL,'产品标准号：GB10769-2010&nbsp;厂名：瑞士&nbsp;厂址：瑞士&nbsp;厂家联系方式：021-57741718&nbsp;配料表：详见&nbsp;包装说明储藏方法：详见包装说明&nbsp;保质期：720 天&nbsp;食品添加剂：详见包装说明&nbsp;产品名称：Nestle/雀巢 恩敏舒 400g&nbsp;品牌: Nestle/雀巢&nbsp;系列: 恩敏舒&nbsp;规格: 400g&nbsp;适用年龄: 10个月 11个月 12个月 1个月 2个月 3个月 4个月 5个月 6个月 7个月 8个月 9个月 &nbsp;新生销售地: 中国大陆&nbsp;包装种类: 罐装&nbsp;重量(g): 400&nbsp;适用阶段: 二段&nbsp;包装方式: 包装&nbsp;原产地: 其他',7712,NULL,NULL,NULL,NULL,NULL,NULL,'2019-09-10 16:00:00',1,NULL,0,NULL),(212,'牛栏Nutrilon诺优能3段800g婴幼儿奶粉1-3岁罐装三段原装进口',300,1097,1098,1,NULL,'产品标准号：GB10769-2010&nbsp;厂名：瑞士&nbsp;厂址：瑞士&nbsp;厂家联系方式：021-57741718&nbsp;配料表：详见&nbsp;包装说明储藏方法：详见包装说明&nbsp;保质期：720 天&nbsp;食品添加剂：详见包装说明&nbsp;产品名称：Nestle/雀巢 恩敏舒 400g&nbsp;品牌: Nestle/雀巢&nbsp;系列: 恩敏舒&nbsp;规格: 400g&nbsp;适用年龄: 10个月 11个月 12个月 1个月 2个月 3个月 4个月 5个月 6个月 7个月 8个月 9个月 &nbsp;新生销售地: 中国大陆&nbsp;包装种类: 罐装&nbsp;重量(g): 400&nbsp;适用阶段: 二段&nbsp;包装方式: 包装&nbsp;原产地: 其他',7695,NULL,NULL,NULL,NULL,NULL,NULL,'2019-09-10 16:00:00',1,NULL,0,NULL),(214,'雅士利优怡高钙中老年奶粉900g罐中老年营养高钙补老人奶粉无蔗糖',314,1535,1098,1,NULL,'产品标准号：GB10769-2010&nbsp;厂名：瑞士&nbsp;厂址：瑞士&nbsp;厂家联系方式：021-57741718&nbsp;配料表：详见&nbsp;包装说明储藏方法：详见包装说明&nbsp;保质期：720 天&nbsp;食品添加剂：详见包装说明&nbsp;产品名称：Nestle/雀巢 恩敏舒 400g&nbsp;品牌: Nestle/雀巢&nbsp;系列: 恩敏舒&nbsp;规格: 400g&nbsp;适用年龄: 10个月 11个月 12个月 1个月 2个月 3个月 4个月 5个月 6个月 7个月 8个月 9个月 &nbsp;新生销售地: 中国大陆&nbsp;包装种类: 罐装&nbsp;重量(g): 400&nbsp;适用阶段: 二段&nbsp;包装方式: 包装&nbsp;原产地: 其他',329,NULL,NULL,NULL,NULL,NULL,NULL,'2019-09-10 16:00:00',2,NULL,0,NULL),(215,'蒙牛未来星儿童学生青少年成长4段牛奶粉400g-2盒DHA高钙奶粉',231,1298,1098,1,NULL,'产品标准号：GB10769-2010&nbsp;厂名：瑞士&nbsp;厂址：瑞士&nbsp;厂家联系方式：021-57741718&nbsp;配料表：详见&nbsp;包装说明储藏方法：详见包装说明&nbsp;保质期：720 天&nbsp;食品添加剂：详见包装说明&nbsp;产品名称：Nestle/雀巢 恩敏舒 400g&nbsp;品牌: Nestle/雀巢&nbsp;系列: 恩敏舒&nbsp;规格: 400g&nbsp;适用年龄: 10个月 11个月 12个月 1个月 2个月 3个月 4个月 5个月 6个月 7个月 8个月 9个月 &nbsp;新生销售地: 中国大陆&nbsp;包装种类: 罐装&nbsp;重量(g): 400&nbsp;适用阶段: 二段&nbsp;包装方式: 包装&nbsp;原产地: 其他',4950,NULL,NULL,NULL,NULL,NULL,NULL,'2019-09-10 16:00:00',1,NULL,0,NULL),(216,'Nutrilon诺优能婴儿幼儿配方奶粉3段四罐装',233,1747,1098,1,NULL,'产品标准号：GB10769-2010&nbsp;厂名：瑞士&nbsp;厂址：瑞士&nbsp;厂家联系方式：021-57741718&nbsp;配料表：详见&nbsp;包装说明储藏方法：详见包装说明&nbsp;保质期：720 天&nbsp;食品添加剂：详见包装说明&nbsp;产品名称：Nestle/雀巢 恩敏舒 400g&nbsp;品牌: Nestle/雀巢&nbsp;系列: 恩敏舒&nbsp;规格: 400g&nbsp;适用年龄: 10个月 11个月 12个月 1个月 2个月 3个月 4个月 5个月 6个月 7个月 8个月 9个月 &nbsp;新生销售地: 中国大陆&nbsp;包装种类: 罐装&nbsp;重量(g): 400&nbsp;适用阶段: 二段&nbsp;包装方式: 包装&nbsp;原产地: 其他',7952,NULL,NULL,NULL,NULL,NULL,NULL,'2019-09-10 16:00:00',2,NULL,0,NULL),(217,'雅培铂优恩美力欧洲原罐进口婴幼儿儿童牛奶粉3段900g-4罐 1-3岁',377,1628,1098,1,NULL,'产品标准号：GB10769-2010&nbsp;厂名：瑞士&nbsp;厂址：瑞士&nbsp;厂家联系方式：021-57741718&nbsp;配料表：详见&nbsp;包装说明储藏方法：详见包装说明&nbsp;保质期：720 天&nbsp;食品添加剂：详见包装说明&nbsp;产品名称：Nestle/雀巢 恩敏舒 400g&nbsp;品牌: Nestle/雀巢&nbsp;系列: 恩敏舒&nbsp;规格: 400g&nbsp;适用年龄: 10个月 11个月 12个月 1个月 2个月 3个月 4个月 5个月 6个月 7个月 8个月 9个月 &nbsp;新生销售地: 中国大陆&nbsp;包装种类: 罐装&nbsp;重量(g): 400&nbsp;适用阶段: 二段&nbsp;包装方式: 包装&nbsp;原产地: 其他',276,NULL,NULL,NULL,NULL,NULL,NULL,'2019-09-10 16:00:00',1,NULL,0,NULL),(218,'【买1送6】伊利金领冠珍护3段奶粉婴儿幼儿三段900g罐旗舰店正品',380,1206,1098,1,NULL,'产品标准号：GB10769-2010&nbsp;厂名：瑞士&nbsp;厂址：瑞士&nbsp;厂家联系方式：021-57741718&nbsp;配料表：详见&nbsp;包装说明储藏方法：详见包装说明&nbsp;保质期：720 天&nbsp;食品添加剂：详见包装说明&nbsp;产品名称：Nestle/雀巢 恩敏舒 400g&nbsp;品牌: Nestle/雀巢&nbsp;系列: 恩敏舒&nbsp;规格: 400g&nbsp;适用年龄: 10个月 11个月 12个月 1个月 2个月 3个月 4个月 5个月 6个月 7个月 8个月 9个月 &nbsp;新生销售地: 中国大陆&nbsp;包装种类: 罐装&nbsp;重量(g): 400&nbsp;适用阶段: 二段&nbsp;包装方式: 包装&nbsp;原产地: 其他',4186,NULL,NULL,NULL,NULL,NULL,NULL,'2019-09-10 16:00:00',3,NULL,0,NULL),(219,'【买1罐得7罐】伊利金领冠珍护3段 伊利婴儿奶粉三段 900g罐装',262,1875,1098,1,NULL,'产品标准号：GB10769-2010&nbsp;厂名：瑞士&nbsp;厂址：瑞士&nbsp;厂家联系方式：021-57741718&nbsp;配料表：详见&nbsp;包装说明储藏方法：详见包装说明&nbsp;保质期：720 天&nbsp;食品添加剂：详见包装说明&nbsp;产品名称：Nestle/雀巢 恩敏舒 400g&nbsp;品牌: Nestle/雀巢&nbsp;系列: 恩敏舒&nbsp;规格: 400g&nbsp;适用年龄: 10个月 11个月 12个月 1个月 2个月 3个月 4个月 5个月 6个月 7个月 8个月 9个月 &nbsp;新生销售地: 中国大陆&nbsp;包装种类: 罐装&nbsp;重量(g): 400&nbsp;适用阶段: 二段&nbsp;包装方式: 包装&nbsp;原产地: 其他',8527,NULL,NULL,NULL,NULL,NULL,NULL,'2019-09-10 16:00:00',2,NULL,0,NULL),(220,'【升级锁鲜盖】贝因美 菁爱幼儿配方奶粉3段900g-2罐添加乳铁蛋白',258,1849,1098,1,NULL,'产品标准号：GB10769-2010&nbsp;厂名：瑞士&nbsp;厂址：瑞士&nbsp;厂家联系方式：021-57741718&nbsp;配料表：详见&nbsp;包装说明储藏方法：详见包装说明&nbsp;保质期：720 天&nbsp;食品添加剂：详见包装说明&nbsp;产品名称：Nestle/雀巢 恩敏舒 400g&nbsp;品牌: Nestle/雀巢&nbsp;系列: 恩敏舒&nbsp;规格: 400g&nbsp;适用年龄: 10个月 11个月 12个月 1个月 2个月 3个月 4个月 5个月 6个月 7个月 8个月 9个月 &nbsp;新生销售地: 中国大陆&nbsp;包装种类: 罐装&nbsp;重量(g): 400&nbsp;适用阶段: 二段&nbsp;包装方式: 包装&nbsp;原产地: 其他',6141,NULL,NULL,NULL,NULL,NULL,NULL,'2019-09-10 16:00:00',1,NULL,0,NULL),(221,'佳贝艾特kabrita旗舰店婴儿羊奶粉3段悠装800g-7无官网积分荷兰',374,1799,1098,1,NULL,'产品标准号：GB10769-2010&nbsp;厂名：瑞士&nbsp;厂址：瑞士&nbsp;厂家联系方式：021-57741718&nbsp;配料表：详见&nbsp;包装说明储藏方法：详见包装说明&nbsp;保质期：720 天&nbsp;食品添加剂：详见包装说明&nbsp;产品名称：Nestle/雀巢 恩敏舒 400g&nbsp;品牌: Nestle/雀巢&nbsp;系列: 恩敏舒&nbsp;规格: 400g&nbsp;适用年龄: 10个月 11个月 12个月 1个月 2个月 3个月 4个月 5个月 6个月 7个月 8个月 9个月 &nbsp;新生销售地: 中国大陆&nbsp;包装种类: 罐装&nbsp;重量(g): 400&nbsp;适用阶段: 二段&nbsp;包装方式: 包装&nbsp;原产地: 其他',3189,NULL,NULL,NULL,NULL,NULL,NULL,'2019-09-10 16:00:00',1,NULL,0,NULL),(222,'伊利学生营养奶粉2袋 儿童青少年高中生中学生成长高钙成人牛奶粉',236,1884,1098,1,NULL,'产品标准号：GB10769-2010&nbsp;厂名：瑞士&nbsp;厂址：瑞士&nbsp;厂家联系方式：021-57741718&nbsp;配料表：详见&nbsp;包装说明储藏方法：详见包装说明&nbsp;保质期：720 天&nbsp;食品添加剂：详见包装说明&nbsp;产品名称：Nestle/雀巢 恩敏舒 400g&nbsp;品牌: Nestle/雀巢&nbsp;系列: 恩敏舒&nbsp;规格: 400g&nbsp;适用年龄: 10个月 11个月 12个月 1个月 2个月 3个月 4个月 5个月 6个月 7个月 8个月 9个月 &nbsp;新生销售地: 中国大陆&nbsp;包装种类: 罐装&nbsp;重量(g): 400&nbsp;适用阶段: 二段&nbsp;包装方式: 包装&nbsp;原产地: 其他',8195,NULL,NULL,NULL,NULL,NULL,NULL,'2019-09-10 16:00:00',1,NULL,0,NULL),(223,'送大礼官网旗舰完达山奶粉金装元乳3段婴幼儿配方奶粉900g桶三',240,1406,1098,1,NULL,'产品标准号：GB10769-2010&nbsp;厂名：瑞士&nbsp;厂址：瑞士&nbsp;厂家联系方式：021-57741718&nbsp;配料表：详见&nbsp;包装说明储藏方法：详见包装说明&nbsp;保质期：720 天&nbsp;食品添加剂：详见包装说明&nbsp;产品名称：Nestle/雀巢 恩敏舒 400g&nbsp;品牌: Nestle/雀巢&nbsp;系列: 恩敏舒&nbsp;规格: 400g&nbsp;适用年龄: 10个月 11个月 12个月 1个月 2个月 3个月 4个月 5个月 6个月 7个月 8个月 9个月 &nbsp;新生销售地: 中国大陆&nbsp;包装种类: 罐装&nbsp;重量(g): 400&nbsp;适用阶段: 二段&nbsp;包装方式: 包装&nbsp;原产地: 其他',8599,NULL,NULL,NULL,NULL,NULL,NULL,'2019-09-10 16:00:00',1,NULL,0,NULL),(224,'伊利金领冠菁护3段婴幼儿牛奶粉菁护三段奶粉800g克罐旗舰店官网',239,1640,1098,1,NULL,'产品标准号：GB10769-2010&nbsp;厂名：瑞士&nbsp;厂址：瑞士&nbsp;厂家联系方式：021-57741718&nbsp;配料表：详见&nbsp;包装说明储藏方法：详见包装说明&nbsp;保质期：720 天&nbsp;食品添加剂：详见包装说明&nbsp;产品名称：Nestle/雀巢 恩敏舒 400g&nbsp;品牌: Nestle/雀巢&nbsp;系列: 恩敏舒&nbsp;规格: 400g&nbsp;适用年龄: 10个月 11个月 12个月 1个月 2个月 3个月 4个月 5个月 6个月 7个月 8个月 9个月 &nbsp;新生销售地: 中国大陆&nbsp;包装种类: 罐装&nbsp;重量(g): 400&nbsp;适用阶段: 二段&nbsp;包装方式: 包装&nbsp;原产地: 其他',2330,NULL,NULL,NULL,NULL,NULL,NULL,'2019-09-10 16:00:00',1,NULL,0,NULL),(225,'澳洲可瑞康羊奶粉3段新西兰进口婴儿幼儿宝宝奶粉三段900g 3罐装',251,1253,1098,1,NULL,'产品标准号：GB10769-2010&nbsp;厂名：瑞士&nbsp;厂址：瑞士&nbsp;厂家联系方式：021-57741718&nbsp;配料表：详见&nbsp;包装说明储藏方法：详见包装说明&nbsp;保质期：720 天&nbsp;食品添加剂：详见包装说明&nbsp;产品名称：Nestle/雀巢 恩敏舒 400g&nbsp;品牌: Nestle/雀巢&nbsp;系列: 恩敏舒&nbsp;规格: 400g&nbsp;适用年龄: 10个月 11个月 12个月 1个月 2个月 3个月 4个月 5个月 6个月 7个月 8个月 9个月 &nbsp;新生销售地: 中国大陆&nbsp;包装种类: 罐装&nbsp;重量(g): 400&nbsp;适用阶段: 二段&nbsp;包装方式: 包装&nbsp;原产地: 其他',9832,NULL,NULL,NULL,NULL,NULL,NULL,'2019-09-10 16:00:00',2,NULL,0,NULL),(226,'【雀巢官方】超级能恩超启能恩2段 适度水解婴儿配方奶粉800g罐装',223,1111,1098,1,NULL,'产品标准号：GB10769-2010&nbsp;厂名：瑞士&nbsp;厂址：瑞士&nbsp;厂家联系方式：021-57741718&nbsp;配料表：详见&nbsp;包装说明储藏方法：详见包装说明&nbsp;保质期：720 天&nbsp;食品添加剂：详见包装说明&nbsp;产品名称：Nestle/雀巢 恩敏舒 400g&nbsp;品牌: Nestle/雀巢&nbsp;系列: 恩敏舒&nbsp;规格: 400g&nbsp;适用年龄: 10个月 11个月 12个月 1个月 2个月 3个月 4个月 5个月 6个月 7个月 8个月 9个月 &nbsp;新生销售地: 中国大陆&nbsp;包装种类: 罐装&nbsp;重量(g): 400&nbsp;适用阶段: 二段&nbsp;包装方式: 包装&nbsp;原产地: 其他',9426,NULL,NULL,NULL,NULL,NULL,NULL,'2019-09-10 16:00:00',1,NULL,0,NULL),(227,'澳洲可瑞康羊奶粉3段karicare新西兰进口婴儿宝宝幼儿奶粉900g',298,1816,1098,1,NULL,'产品标准号：GB10769-2010&nbsp;厂名：瑞士&nbsp;厂址：瑞士&nbsp;厂家联系方式：021-57741718&nbsp;配料表：详见&nbsp;包装说明储藏方法：详见包装说明&nbsp;保质期：720 天&nbsp;食品添加剂：详见包装说明&nbsp;产品名称：Nestle/雀巢 恩敏舒 400g&nbsp;品牌: Nestle/雀巢&nbsp;系列: 恩敏舒&nbsp;规格: 400g&nbsp;适用年龄: 10个月 11个月 12个月 1个月 2个月 3个月 4个月 5个月 6个月 7个月 8个月 9个月 &nbsp;新生销售地: 中国大陆&nbsp;包装种类: 罐装&nbsp;重量(g): 400&nbsp;适用阶段: 二段&nbsp;包装方式: 包装&nbsp;原产地: 其他',3527,NULL,NULL,NULL,NULL,NULL,NULL,'2019-09-10 16:00:00',1,NULL,0,NULL),(229,'澳洲A2奶粉2段 新西兰进口婴幼儿牛奶粉白金二段900g-6罐 SHW',334,1154,1098,1,NULL,'产品标准号：GB10769-2010&nbsp;厂名：瑞士&nbsp;厂址：瑞士&nbsp;厂家联系方式：021-57741718&nbsp;配料表：详见&nbsp;包装说明储藏方法：详见包装说明&nbsp;保质期：720 天&nbsp;食品添加剂：详见包装说明&nbsp;产品名称：Nestle/雀巢 恩敏舒 400g&nbsp;品牌: Nestle/雀巢&nbsp;系列: 恩敏舒&nbsp;规格: 400g&nbsp;适用年龄: 10个月 11个月 12个月 1个月 2个月 3个月 4个月 5个月 6个月 7个月 8个月 9个月 &nbsp;新生销售地: 中国大陆&nbsp;包装种类: 罐装&nbsp;重量(g): 400&nbsp;适用阶段: 二段&nbsp;包装方式: 包装&nbsp;原产地: 其他',8862,NULL,NULL,NULL,NULL,NULL,NULL,'2019-09-10 16:00:00',1,NULL,0,NULL),(230,'买1得7】伊利金领冠珍护1段新生婴儿奶粉一段900g罐装旗舰店官网',203,1297,1098,1,NULL,'产品标准号：GB10769-2010&nbsp;厂名：瑞士&nbsp;厂址：瑞士&nbsp;厂家联系方式：021-57741718&nbsp;配料表：详见&nbsp;包装说明储藏方法：详见包装说明&nbsp;保质期：720 天&nbsp;食品添加剂：详见包装说明&nbsp;产品名称：Nestle/雀巢 恩敏舒 400g&nbsp;品牌: Nestle/雀巢&nbsp;系列: 恩敏舒&nbsp;规格: 400g&nbsp;适用年龄: 10个月 11个月 12个月 1个月 2个月 3个月 4个月 5个月 6个月 7个月 8个月 9个月 &nbsp;新生销售地: 中国大陆&nbsp;包装种类: 罐装&nbsp;重量(g): 400&nbsp;适用阶段: 二段&nbsp;包装方式: 包装&nbsp;原产地: 其他',3253,NULL,NULL,NULL,NULL,NULL,NULL,'2019-09-10 16:00:00',1,NULL,0,NULL),(231,'【直营】雀巢能恩NAN PRO HA适度水解蛋白婴幼儿奶粉3段800g-4罐',330,1679,1098,1,NULL,'产品标准号：GB10769-2010&nbsp;厂名：瑞士&nbsp;厂址：瑞士&nbsp;厂家联系方式：021-57741718&nbsp;配料表：详见&nbsp;包装说明储藏方法：详见包装说明&nbsp;保质期：720 天&nbsp;食品添加剂：详见包装说明&nbsp;产品名称：Nestle/雀巢 恩敏舒 400g&nbsp;品牌: Nestle/雀巢&nbsp;系列: 恩敏舒&nbsp;规格: 400g&nbsp;适用年龄: 10个月 11个月 12个月 1个月 2个月 3个月 4个月 5个月 6个月 7个月 8个月 9个月 &nbsp;新生销售地: 中国大陆&nbsp;包装种类: 罐装&nbsp;重量(g): 400&nbsp;适用阶段: 二段&nbsp;包装方式: 包装&nbsp;原产地: 其他',8073,NULL,NULL,NULL,NULL,NULL,NULL,'2019-09-10 16:00:00',1,NULL,0,NULL),(233,'【新客0元试喝】百跃御宝羊奶粉跃贝儿婴儿宝宝羊奶粉3段800g',395,1587,1098,1,NULL,'产品标准号：GB10769-2010&nbsp;厂名：瑞士&nbsp;厂址：瑞士&nbsp;厂家联系方式：021-57741718&nbsp;配料表：详见&nbsp;包装说明储藏方法：详见包装说明&nbsp;保质期：720 天&nbsp;食品添加剂：详见包装说明&nbsp;产品名称：Nestle/雀巢 恩敏舒 400g&nbsp;品牌: Nestle/雀巢&nbsp;系列: 恩敏舒&nbsp;规格: 400g&nbsp;适用年龄: 10个月 11个月 12个月 1个月 2个月 3个月 4个月 5个月 6个月 7个月 8个月 9个月 &nbsp;新生销售地: 中国大陆&nbsp;包装种类: 罐装&nbsp;重量(g): 400&nbsp;适用阶段: 二段&nbsp;包装方式: 包装&nbsp;原产地: 其他',2269,NULL,NULL,NULL,NULL,NULL,NULL,'2019-09-10 16:00:00',1,NULL,0,NULL),(234,'买1得6】 伊利珍护3段900g克婴幼儿三段金领冠牛奶粉罐装旗舰店网',285,1600,1098,1,NULL,'产品标准号：GB10769-2010&nbsp;厂名：瑞士&nbsp;厂址：瑞士&nbsp;厂家联系方式：021-57741718&nbsp;配料表：详见&nbsp;包装说明储藏方法：详见包装说明&nbsp;保质期：720 天&nbsp;食品添加剂：详见包装说明&nbsp;产品名称：Nestle/雀巢 恩敏舒 400g&nbsp;品牌: Nestle/雀巢&nbsp;系列: 恩敏舒&nbsp;规格: 400g&nbsp;适用年龄: 10个月 11个月 12个月 1个月 2个月 3个月 4个月 5个月 6个月 7个月 8个月 9个月 &nbsp;新生销售地: 中国大陆&nbsp;包装种类: 罐装&nbsp;重量(g): 400&nbsp;适用阶段: 二段&nbsp;包装方式: 包装&nbsp;原产地: 其他',8870,NULL,NULL,NULL,NULL,NULL,NULL,'2019-09-10 16:00:00',1,NULL,0,NULL),(235,'君乐宝奶粉4段小小鲁班3-7岁儿童学生成长牛奶粉800克旗舰店官网',328,1466,1098,1,NULL,'产品标准号：GB10769-2010&nbsp;厂名：瑞士&nbsp;厂址：瑞士&nbsp;厂家联系方式：021-57741718&nbsp;配料表：详见&nbsp;包装说明储藏方法：详见包装说明&nbsp;保质期：720 天&nbsp;食品添加剂：详见包装说明&nbsp;产品名称：Nestle/雀巢 恩敏舒 400g&nbsp;品牌: Nestle/雀巢&nbsp;系列: 恩敏舒&nbsp;规格: 400g&nbsp;适用年龄: 10个月 11个月 12个月 1个月 2个月 3个月 4个月 5个月 6个月 7个月 8个月 9个月 &nbsp;新生销售地: 中国大陆&nbsp;包装种类: 罐装&nbsp;重量(g): 400&nbsp;适用阶段: 二段&nbsp;包装方式: 包装&nbsp;原产地: 其他',5152,NULL,NULL,NULL,NULL,NULL,NULL,'2019-09-10 16:00:00',1,NULL,0,NULL),(236,'旗舰店官方正品 贝因美奶粉童享三段婴儿幼儿宝贝3段800g克-6罐',203,1230,1098,1,NULL,'产品标准号：GB10769-2010&nbsp;厂名：瑞士&nbsp;厂址：瑞士&nbsp;厂家联系方式：021-57741718&nbsp;配料表：详见&nbsp;包装说明储藏方法：详见包装说明&nbsp;保质期：720 天&nbsp;食品添加剂：详见包装说明&nbsp;产品名称：Nestle/雀巢 恩敏舒 400g&nbsp;品牌: Nestle/雀巢&nbsp;系列: 恩敏舒&nbsp;规格: 400g&nbsp;适用年龄: 10个月 11个月 12个月 1个月 2个月 3个月 4个月 5个月 6个月 7个月 8个月 9个月 &nbsp;新生销售地: 中国大陆&nbsp;包装种类: 罐装&nbsp;重量(g): 400&nbsp;适用阶段: 二段&nbsp;包装方式: 包装&nbsp;原产地: 其他',4071,NULL,NULL,NULL,NULL,NULL,NULL,'2019-09-10 16:00:00',1,NULL,0,NULL),(237,'【旗舰店官网】飞鹤飞帆3段幼儿奶粉三段400g四联包1600g盒装',257,1433,1098,1,NULL,'产品标准号：GB10769-2010&nbsp;厂名：瑞士&nbsp;厂址：瑞士&nbsp;厂家联系方式：021-57741718&nbsp;配料表：详见&nbsp;包装说明储藏方法：详见包装说明&nbsp;保质期：720 天&nbsp;食品添加剂：详见包装说明&nbsp;产品名称：Nestle/雀巢 恩敏舒 400g&nbsp;品牌: Nestle/雀巢&nbsp;系列: 恩敏舒&nbsp;规格: 400g&nbsp;适用年龄: 10个月 11个月 12个月 1个月 2个月 3个月 4个月 5个月 6个月 7个月 8个月 9个月 &nbsp;新生销售地: 中国大陆&nbsp;包装种类: 罐装&nbsp;重量(g): 400&nbsp;适用阶段: 二段&nbsp;包装方式: 包装&nbsp;原产地: 其他',5883,NULL,NULL,NULL,NULL,NULL,NULL,'2019-09-10 16:00:00',1,NULL,0,NULL),(238,'【旗舰店官网】飞鹤奶粉3段超级飞帆臻爱三段牛奶粉900g-6',396,1395,1098,1,NULL,'产品标准号：GB10769-2010&nbsp;厂名：瑞士&nbsp;厂址：瑞士&nbsp;厂家联系方式：021-57741718&nbsp;配料表：详见&nbsp;包装说明储藏方法：详见包装说明&nbsp;保质期：720 天&nbsp;食品添加剂：详见包装说明&nbsp;产品名称：Nestle/雀巢 恩敏舒 400g&nbsp;品牌: Nestle/雀巢&nbsp;系列: 恩敏舒&nbsp;规格: 400g&nbsp;适用年龄: 10个月 11个月 12个月 1个月 2个月 3个月 4个月 5个月 6个月 7个月 8个月 9个月 &nbsp;新生销售地: 中国大陆&nbsp;包装种类: 罐装&nbsp;重量(g): 400&nbsp;适用阶段: 二段&nbsp;包装方式: 包装&nbsp;原产地: 其他',4400,NULL,NULL,NULL,NULL,NULL,NULL,'2019-09-10 16:00:00',5,NULL,0,NULL),(239,'8月新货】伊利金领冠4段900g克儿童配方奶粉四段3-7岁旗舰店官网',204,1070,1098,1,NULL,'产品标准号：GB10769-2010&nbsp;厂名：瑞士&nbsp;厂址：瑞士&nbsp;厂家联系方式：021-57741718&nbsp;配料表：详见&nbsp;包装说明储藏方法：详见包装说明&nbsp;保质期：720 天&nbsp;食品添加剂：详见包装说明&nbsp;产品名称：Nestle/雀巢 恩敏舒 400g&nbsp;品牌: Nestle/雀巢&nbsp;系列: 恩敏舒&nbsp;规格: 400g&nbsp;适用年龄: 10个月 11个月 12个月 1个月 2个月 3个月 4个月 5个月 6个月 7个月 8个月 9个月 &nbsp;新生销售地: 中国大陆&nbsp;包装种类: 罐装&nbsp;重量(g): 400&nbsp;适用阶段: 二段&nbsp;包装方式: 包装&nbsp;原产地: 其他',2522,NULL,NULL,NULL,NULL,NULL,NULL,'2019-09-10 16:00:00',8,NULL,0,NULL),(240,'君乐宝奶粉4段君乐宝乐铂k2儿童奶粉3-7岁学生6岁以上旗舰店官网',222,1761,1098,1,NULL,'产品标准号：GB10769-2010&nbsp;厂名：瑞士&nbsp;厂址：瑞士&nbsp;厂家联系方式：021-57741718&nbsp;配料表：详见&nbsp;包装说明储藏方法：详见包装说明&nbsp;保质期：720 天&nbsp;食品添加剂：详见包装说明&nbsp;产品名称：Nestle/雀巢 恩敏舒 400g&nbsp;品牌: Nestle/雀巢&nbsp;系列: 恩敏舒&nbsp;规格: 400g&nbsp;适用年龄: 10个月 11个月 12个月 1个月 2个月 3个月 4个月 5个月 6个月 7个月 8个月 9个月 &nbsp;新生销售地: 中国大陆&nbsp;包装种类: 罐装&nbsp;重量(g): 400&nbsp;适用阶段: 二段&nbsp;包装方式: 包装&nbsp;原产地: 其他',7592,NULL,NULL,NULL,NULL,NULL,NULL,'2019-09-10 16:00:00',1,NULL,0,NULL),(241,'6月新货伊利金领冠3段菁护幼儿牛奶粉900g升级800g旗舰店官方正品',366,1751,1098,1,NULL,'产品标准号：GB10769-2010&nbsp;厂名：瑞士&nbsp;厂址：瑞士&nbsp;厂家联系方式：021-57741718&nbsp;配料表：详见&nbsp;包装说明储藏方法：详见包装说明&nbsp;保质期：720 天&nbsp;食品添加剂：详见包装说明&nbsp;产品名称：Nestle/雀巢 恩敏舒 400g&nbsp;品牌: Nestle/雀巢&nbsp;系列: 恩敏舒&nbsp;规格: 400g&nbsp;适用年龄: 10个月 11个月 12个月 1个月 2个月 3个月 4个月 5个月 6个月 7个月 8个月 9个月 &nbsp;新生销售地: 中国大陆&nbsp;包装种类: 罐装&nbsp;重量(g): 400&nbsp;适用阶段: 二段&nbsp;包装方式: 包装&nbsp;原产地: 其他',67,NULL,NULL,NULL,NULL,NULL,NULL,'2019-09-10 16:00:00',1,NULL,0,NULL),(242,'旗舰店官网】飞鹤飞帆3段幼儿奶粉三段400g四联包1600g四连包盒装',240,1084,1098,1,NULL,'产品标准号：GB10769-2010&nbsp;厂名：瑞士&nbsp;厂址：瑞士&nbsp;厂家联系方式：021-57741718&nbsp;配料表：详见&nbsp;包装说明储藏方法：详见包装说明&nbsp;保质期：720 天&nbsp;食品添加剂：详见包装说明&nbsp;产品名称：Nestle/雀巢 恩敏舒 400g&nbsp;品牌: Nestle/雀巢&nbsp;系列: 恩敏舒&nbsp;规格: 400g&nbsp;适用年龄: 10个月 11个月 12个月 1个月 2个月 3个月 4个月 5个月 6个月 7个月 8个月 9个月 &nbsp;新生销售地: 中国大陆&nbsp;包装种类: 罐装&nbsp;重量(g): 400&nbsp;适用阶段: 二段&nbsp;包装方式: 包装&nbsp;原产地: 其他',5653,NULL,NULL,NULL,NULL,NULL,NULL,'2019-09-10 16:00:00',1,NULL,0,NULL),(243,'【雀巢官方】小百肽全营养配方粉400g-6 防腹泻 水解乳清蛋白奶粉',329,1164,1098,1,NULL,'产品标准号：GB10769-2010&nbsp;厂名：瑞士&nbsp;厂址：瑞士&nbsp;厂家联系方式：021-57741718&nbsp;配料表：详见&nbsp;包装说明储藏方法：详见包装说明&nbsp;保质期：720 天&nbsp;食品添加剂：详见包装说明&nbsp;产品名称：Nestle/雀巢 恩敏舒 400g&nbsp;品牌: Nestle/雀巢&nbsp;系列: 恩敏舒&nbsp;规格: 400g&nbsp;适用年龄: 10个月 11个月 12个月 1个月 2个月 3个月 4个月 5个月 6个月 7个月 8个月 9个月 &nbsp;新生销售地: 中国大陆&nbsp;包装种类: 罐装&nbsp;重量(g): 400&nbsp;适用阶段: 二段&nbsp;包装方式: 包装&nbsp;原产地: 其他',8494,NULL,NULL,NULL,NULL,NULL,NULL,'2019-09-10 16:00:00',1,NULL,0,NULL),(244,'伊利儿童成长高钙奶粉400g-2袋装6岁以上小学生钙铁锌营养牛奶粉',271,1010,1098,1,NULL,'产品标准号：GB10769-2010&nbsp;厂名：瑞士&nbsp;厂址：瑞士&nbsp;厂家联系方式：021-57741718&nbsp;配料表：详见&nbsp;包装说明储藏方法：详见包装说明&nbsp;保质期：720 天&nbsp;食品添加剂：详见包装说明&nbsp;产品名称：Nestle/雀巢 恩敏舒 400g&nbsp;品牌: Nestle/雀巢&nbsp;系列: 恩敏舒&nbsp;规格: 400g&nbsp;适用年龄: 10个月 11个月 12个月 1个月 2个月 3个月 4个月 5个月 6个月 7个月 8个月 9个月 &nbsp;新生销售地: 中国大陆&nbsp;包装种类: 罐装&nbsp;重量(g): 400&nbsp;适用阶段: 二段&nbsp;包装方式: 包装&nbsp;原产地: 其他',3501,NULL,NULL,NULL,NULL,NULL,NULL,'2019-09-10 16:00:00',1,NULL,0,NULL),(245,'蒙牛全脂甜奶粉成人成年学生男女士全脂高钙牛奶粉烘焙小袋装早餐',381,1513,1098,1,NULL,'产品标准号：GB10769-2010&nbsp;厂名：瑞士&nbsp;厂址：瑞士&nbsp;厂家联系方式：021-57741718&nbsp;配料表：详见&nbsp;包装说明储藏方法：详见包装说明&nbsp;保质期：720 天&nbsp;食品添加剂：详见包装说明&nbsp;产品名称：Nestle/雀巢 恩敏舒 400g&nbsp;品牌: Nestle/雀巢&nbsp;系列: 恩敏舒&nbsp;规格: 400g&nbsp;适用年龄: 10个月 11个月 12个月 1个月 2个月 3个月 4个月 5个月 6个月 7个月 8个月 9个月 &nbsp;新生销售地: 中国大陆&nbsp;包装种类: 罐装&nbsp;重量(g): 400&nbsp;适用阶段: 二段&nbsp;包装方式: 包装&nbsp;原产地: 其他',5203,NULL,NULL,NULL,NULL,NULL,NULL,'2019-09-10 16:00:00',2,NULL,0,NULL),(247,'【官方】美赞臣蓝臻幼儿配方奶粉3段900g-罐（1-3岁）荷兰进口',278,1292,1098,1,NULL,'产品标准号：GB10769-2010&nbsp;厂名：瑞士&nbsp;厂址：瑞士&nbsp;厂家联系方式：021-57741718&nbsp;配料表：详见&nbsp;包装说明储藏方法：详见包装说明&nbsp;保质期：720 天&nbsp;食品添加剂：详见包装说明&nbsp;产品名称：Nestle/雀巢 恩敏舒 400g&nbsp;品牌: Nestle/雀巢&nbsp;系列: 恩敏舒&nbsp;规格: 400g&nbsp;适用年龄: 10个月 11个月 12个月 1个月 2个月 3个月 4个月 5个月 6个月 7个月 8个月 9个月 &nbsp;新生销售地: 中国大陆&nbsp;包装种类: 罐装&nbsp;重量(g): 400&nbsp;适用阶段: 二段&nbsp;包装方式: 包装&nbsp;原产地: 其他',5108,NULL,NULL,NULL,NULL,NULL,NULL,'2019-09-10 16:00:00',3,NULL,0,NULL),(250,'【官方】爱尔兰进口惠氏启赋4段奶粉调制乳粉900g新包装升级配方',282,1602,1098,1,NULL,'产品标准号：GB10769-2010&nbsp;厂名：瑞士&nbsp;厂址：瑞士&nbsp;厂家联系方式：021-57741718&nbsp;配料表：详见&nbsp;包装说明储藏方法：详见包装说明&nbsp;保质期：720 天&nbsp;食品添加剂：详见包装说明&nbsp;产品名称：Nestle/雀巢 恩敏舒 400g&nbsp;品牌: Nestle/雀巢&nbsp;系列: 恩敏舒&nbsp;规格: 400g&nbsp;适用年龄: 10个月 11个月 12个月 1个月 2个月 3个月 4个月 5个月 6个月 7个月 8个月 9个月 &nbsp;新生销售地: 中国大陆&nbsp;包装种类: 罐装&nbsp;重量(g): 400&nbsp;适用阶段: 二段&nbsp;包装方式: 包装&nbsp;原产地: 其他',1450,NULL,NULL,NULL,NULL,NULL,NULL,'2019-09-11 16:00:00',1,NULL,0,NULL),(251,'Nutrilon 诺优能（牛栏）婴儿配方奶粉 900G1段爱尔兰宝宝牛奶粉',241,1328,1098,1,NULL,'产品标准号：GB10769-2010&nbsp;厂名：瑞士&nbsp;厂址：瑞士&nbsp;厂家联系方式：021-57741718&nbsp;配料表：详见&nbsp;包装说明储藏方法：详见包装说明&nbsp;保质期：720 天&nbsp;食品添加剂：详见包装说明&nbsp;产品名称：Nestle/雀巢 恩敏舒 400g&nbsp;品牌: Nestle/雀巢&nbsp;系列: 恩敏舒&nbsp;规格: 400g&nbsp;适用年龄: 10个月 11个月 12个月 1个月 2个月 3个月 4个月 5个月 6个月 7个月 8个月 9个月 &nbsp;新生销售地: 中国大陆&nbsp;包装种类: 罐装&nbsp;重量(g): 400&nbsp;适用阶段: 二段&nbsp;包装方式: 包装&nbsp;原产地: 其他',8216,NULL,NULL,NULL,NULL,NULL,NULL,'2019-09-11 16:00:00',1,NULL,0,NULL),(252,'Aptamil白金版爱他美幼儿配方奶粉3段六罐卓萃',282,1261,1098,1,NULL,'产品标准号：GB10769-2010&nbsp;厂名：瑞士&nbsp;厂址：瑞士&nbsp;厂家联系方式：021-57741718&nbsp;配料表：详见&nbsp;包装说明储藏方法：详见包装说明&nbsp;保质期：720 天&nbsp;食品添加剂：详见包装说明&nbsp;产品名称：Nestle/雀巢 恩敏舒 400g&nbsp;品牌: Nestle/雀巢&nbsp;系列: 恩敏舒&nbsp;规格: 400g&nbsp;适用年龄: 10个月 11个月 12个月 1个月 2个月 3个月 4个月 5个月 6个月 7个月 8个月 9个月 &nbsp;新生销售地: 中国大陆&nbsp;包装种类: 罐装&nbsp;重量(g): 400&nbsp;适用阶段: 二段&nbsp;包装方式: 包装&nbsp;原产地: 其他',1356,NULL,NULL,NULL,NULL,NULL,NULL,'2019-09-11 16:00:00',7,NULL,0,NULL),(253,'Aptamil 爱他美卓萃幼儿配方奶粉3段1-3岁 (白金版)宝宝牛奶粉',301,1621,1098,1,NULL,'产品标准号：GB10769-2010&nbsp;厂名：瑞士&nbsp;厂址：瑞士&nbsp;厂家联系方式：021-57741718&nbsp;配料表：详见&nbsp;包装说明储藏方法：详见包装说明&nbsp;保质期：720 天&nbsp;食品添加剂：详见包装说明&nbsp;产品名称：Nestle/雀巢 恩敏舒 400g&nbsp;品牌: Nestle/雀巢&nbsp;系列: 恩敏舒&nbsp;规格: 400g&nbsp;适用年龄: 10个月 11个月 12个月 1个月 2个月 3个月 4个月 5个月 6个月 7个月 8个月 9个月 &nbsp;新生销售地: 中国大陆&nbsp;包装种类: 罐装&nbsp;重量(g): 400&nbsp;适用阶段: 二段&nbsp;包装方式: 包装&nbsp;原产地: 其他',997,NULL,NULL,NULL,NULL,NULL,NULL,'2019-09-11 16:00:00',5,NULL,0,NULL),(255,'国产奶粉飞鹤星飞帆3段婴幼儿牛奶粉1-3岁700g双罐装三段水解蛋白',360,1107,1098,1,NULL,'产品标准号：GB10769-2010&nbsp;厂名：瑞士&nbsp;厂址：瑞士&nbsp;厂家联系方式：021-57741718&nbsp;配料表：详见&nbsp;包装说明储藏方法：详见包装说明&nbsp;保质期：720 天&nbsp;食品添加剂：详见包装说明&nbsp;产品名称：Nestle/雀巢 恩敏舒 400g&nbsp;品牌: Nestle/雀巢&nbsp;系列: 恩敏舒&nbsp;规格: 400g&nbsp;适用年龄: 10个月 11个月 12个月 1个月 2个月 3个月 4个月 5个月 6个月 7个月 8个月 9个月 &nbsp;新生销售地: 中国大陆&nbsp;包装种类: 罐装&nbsp;重量(g): 400&nbsp;适用阶段: 二段&nbsp;包装方式: 包装&nbsp;原产地: 其他',902,NULL,NULL,NULL,NULL,NULL,NULL,'2019-09-11 16:00:00',1,NULL,0,NULL),(256,'蒙牛未来星儿童成长配方牛奶粉400g-4青少年学生高钙DHA益生菌',321,1718,1098,1,NULL,'产品标准号：GB10769-2010&nbsp;厂名：瑞士&nbsp;厂址：瑞士&nbsp;厂家联系方式：021-57741718&nbsp;配料表：详见&nbsp;包装说明储藏方法：详见包装说明&nbsp;保质期：720 天&nbsp;食品添加剂：详见包装说明&nbsp;产品名称：Nestle/雀巢 恩敏舒 400g&nbsp;品牌: Nestle/雀巢&nbsp;系列: 恩敏舒&nbsp;规格: 400g&nbsp;适用年龄: 10个月 11个月 12个月 1个月 2个月 3个月 4个月 5个月 6个月 7个月 8个月 9个月 &nbsp;新生销售地: 中国大陆&nbsp;包装种类: 罐装&nbsp;重量(g): 400&nbsp;适用阶段: 二段&nbsp;包装方式: 包装&nbsp;原产地: 其他',5018,NULL,NULL,NULL,NULL,NULL,NULL,'2019-09-11 16:00:00',7,NULL,0,NULL),(257,'蒙牛金装多维高钙中老年奶粉400g-2袋 老人高钙奶粉老年营养代餐',396,1062,1098,1,NULL,'产品标准号：GB10769-2010&nbsp;厂名：瑞士&nbsp;厂址：瑞士&nbsp;厂家联系方式：021-57741718&nbsp;配料表：详见&nbsp;包装说明储藏方法：详见包装说明&nbsp;保质期：720 天&nbsp;食品添加剂：详见包装说明&nbsp;产品名称：Nestle/雀巢 恩敏舒 400g&nbsp;品牌: Nestle/雀巢&nbsp;系列: 恩敏舒&nbsp;规格: 400g&nbsp;适用年龄: 10个月 11个月 12个月 1个月 2个月 3个月 4个月 5个月 6个月 7个月 8个月 9个月 &nbsp;新生销售地: 中国大陆&nbsp;包装种类: 罐装&nbsp;重量(g): 400&nbsp;适用阶段: 二段&nbsp;包装方式: 包装&nbsp;原产地: 其他',9656,NULL,NULL,NULL,NULL,NULL,NULL,'2019-09-11 16:00:00',1,NULL,0,NULL),(258,'【旗舰店官网】合生元奶粉呵护3段 阿尔法星幼儿3段配方奶粉900g',248,1051,1098,1,NULL,'产品标准号：GB10769-2010&nbsp;厂名：瑞士&nbsp;厂址：瑞士&nbsp;厂家联系方式：021-57741718&nbsp;配料表：详见&nbsp;包装说明储藏方法：详见包装说明&nbsp;保质期：720 天&nbsp;食品添加剂：详见包装说明&nbsp;产品名称：Nestle/雀巢 恩敏舒 400g&nbsp;品牌: Nestle/雀巢&nbsp;系列: 恩敏舒&nbsp;规格: 400g&nbsp;适用年龄: 10个月 11个月 12个月 1个月 2个月 3个月 4个月 5个月 6个月 7个月 8个月 9个月 &nbsp;新生销售地: 中国大陆&nbsp;包装种类: 罐装&nbsp;重量(g): 400&nbsp;适用阶段: 二段&nbsp;包装方式: 包装&nbsp;原产地: 其他',9695,NULL,NULL,NULL,NULL,NULL,NULL,'2019-09-11 16:00:00',1,NULL,0,NULL),(259,'【直营】荷兰Friso原装进口港版美素佳儿婴幼配方奶粉3段900g-2罐',247,1384,1098,1,NULL,'产品标准号：GB10769-2010&nbsp;厂名：瑞士&nbsp;厂址：瑞士&nbsp;厂家联系方式：021-57741718&nbsp;配料表：详见&nbsp;包装说明储藏方法：详见包装说明&nbsp;保质期：720 天&nbsp;食品添加剂：详见包装说明&nbsp;产品名称：Nestle/雀巢 恩敏舒 400g&nbsp;品牌: Nestle/雀巢&nbsp;系列: 恩敏舒&nbsp;规格: 400g&nbsp;适用年龄: 10个月 11个月 12个月 1个月 2个月 3个月 4个月 5个月 6个月 7个月 8个月 9个月 &nbsp;新生销售地: 中国大陆&nbsp;包装种类: 罐装&nbsp;重量(g): 400&nbsp;适用阶段: 二段&nbsp;包装方式: 包装&nbsp;原产地: 其他',4684,NULL,NULL,NULL,NULL,NULL,NULL,'2019-09-11 16:00:00',5,NULL,0,NULL),(260,'澳洲爱他美4段新西兰金装宝宝婴儿进口Aptamil婴幼儿奶粉 可购3段',295,1332,1098,1,NULL,'产品标准号：GB10769-2010&nbsp;厂名：瑞士&nbsp;厂址：瑞士&nbsp;厂家联系方式：021-57741718&nbsp;配料表：详见&nbsp;包装说明储藏方法：详见包装说明&nbsp;保质期：720 天&nbsp;食品添加剂：详见包装说明&nbsp;产品名称：Nestle/雀巢 恩敏舒 400g&nbsp;品牌: Nestle/雀巢&nbsp;系列: 恩敏舒&nbsp;规格: 400g&nbsp;适用年龄: 10个月 11个月 12个月 1个月 2个月 3个月 4个月 5个月 6个月 7个月 8个月 9个月 &nbsp;新生销售地: 中国大陆&nbsp;包装种类: 罐装&nbsp;重量(g): 400&nbsp;适用阶段: 二段&nbsp;包装方式: 包装&nbsp;原产地: 其他',4425,NULL,NULL,NULL,NULL,NULL,NULL,'2019-09-11 16:00:00',1,NULL,0,NULL),(261,'【直营】荷兰Friso原装进口港版美素佳儿婴幼配方奶粉2段900g-2罐',291,1315,1098,1,NULL,'产品标准号：GB10769-2010&nbsp;厂名：瑞士&nbsp;厂址：瑞士&nbsp;厂家联系方式：021-57741718&nbsp;配料表：详见&nbsp;包装说明储藏方法：详见包装说明&nbsp;保质期：720 天&nbsp;食品添加剂：详见包装说明&nbsp;产品名称：Nestle/雀巢 恩敏舒 400g&nbsp;品牌: Nestle/雀巢&nbsp;系列: 恩敏舒&nbsp;规格: 400g&nbsp;适用年龄: 10个月 11个月 12个月 1个月 2个月 3个月 4个月 5个月 6个月 7个月 8个月 9个月 &nbsp;新生销售地: 中国大陆&nbsp;包装种类: 罐装&nbsp;重量(g): 400&nbsp;适用阶段: 二段&nbsp;包装方式: 包装&nbsp;原产地: 其他',2580,NULL,NULL,NULL,NULL,NULL,NULL,'2019-09-11 16:00:00',1,NULL,0,NULL),(262,'合生元官方旗舰店贝塔星婴儿1段配方奶粉400g 适合0-6个月宝宝',303,1923,1098,1,NULL,'产品标准号：GB10769-2010&nbsp;厂名：瑞士&nbsp;厂址：瑞士&nbsp;厂家联系方式：021-57741718&nbsp;配料表：详见&nbsp;包装说明储藏方法：详见包装说明&nbsp;保质期：720 天&nbsp;食品添加剂：详见包装说明&nbsp;产品名称：Nestle/雀巢 恩敏舒 400g&nbsp;品牌: Nestle/雀巢&nbsp;系列: 恩敏舒&nbsp;规格: 400g&nbsp;适用年龄: 10个月 11个月 12个月 1个月 2个月 3个月 4个月 5个月 6个月 7个月 8个月 9个月 &nbsp;新生销售地: 中国大陆&nbsp;包装种类: 罐装&nbsp;重量(g): 400&nbsp;适用阶段: 二段&nbsp;包装方式: 包装&nbsp;原产地: 其他',3652,NULL,NULL,NULL,NULL,NULL,NULL,'2019-09-11 16:00:00',2,NULL,0,NULL),(265,'【0元试喝】法国圣元优博3段奶粉法版优博三段奶粉900g旗舰店官网',391,1299,1098,1,NULL,'产品标准号：GB10769-2010&nbsp;厂名：瑞士&nbsp;厂址：瑞士&nbsp;厂家联系方式：021-57741718&nbsp;配料表：详见&nbsp;包装说明储藏方法：详见包装说明&nbsp;保质期：720 天&nbsp;食品添加剂：详见包装说明&nbsp;产品名称：Nestle/雀巢 恩敏舒 400g&nbsp;品牌: Nestle/雀巢&nbsp;系列: 恩敏舒&nbsp;规格: 400g&nbsp;适用年龄: 10个月 11个月 12个月 1个月 2个月 3个月 4个月 5个月 6个月 7个月 8个月 9个月 &nbsp;新生销售地: 中国大陆&nbsp;包装种类: 罐装&nbsp;重量(g): 400&nbsp;适用阶段: 二段&nbsp;包装方式: 包装&nbsp;原产地: 其他',10000,NULL,NULL,NULL,NULL,NULL,NULL,'2019-09-11 16:00:00',1,NULL,0,NULL),(266,'蒙牛中老年多维牛奶粉800g-2罐装高钙铁锌营养奶粉蒙牛早餐奶礼盒',294,1655,1098,1,NULL,'产品标准号：GB10769-2010&nbsp;厂名：瑞士&nbsp;厂址：瑞士&nbsp;厂家联系方式：021-57741718&nbsp;配料表：详见&nbsp;包装说明储藏方法：详见包装说明&nbsp;保质期：720 天&nbsp;食品添加剂：详见包装说明&nbsp;产品名称：Nestle/雀巢 恩敏舒 400g&nbsp;品牌: Nestle/雀巢&nbsp;系列: 恩敏舒&nbsp;规格: 400g&nbsp;适用年龄: 10个月 11个月 12个月 1个月 2个月 3个月 4个月 5个月 6个月 7个月 8个月 9个月 &nbsp;新生销售地: 中国大陆&nbsp;包装种类: 罐装&nbsp;重量(g): 400&nbsp;适用阶段: 二段&nbsp;包装方式: 包装&nbsp;原产地: 其他',7541,NULL,NULL,NULL,NULL,NULL,NULL,'2019-09-11 16:00:00',3,NULL,0,NULL),(267,'正品骆驼奶粉新疆伊犁中老年成年新鲜驼乳纯奶官方官网旗艦店包邮',271,1458,1098,1,NULL,'产品标准号：GB10769-2010&nbsp;厂名：瑞士&nbsp;厂址：瑞士&nbsp;厂家联系方式：021-57741718&nbsp;配料表：详见&nbsp;包装说明储藏方法：详见包装说明&nbsp;保质期：720 天&nbsp;食品添加剂：详见包装说明&nbsp;产品名称：Nestle/雀巢 恩敏舒 400g&nbsp;品牌: Nestle/雀巢&nbsp;系列: 恩敏舒&nbsp;规格: 400g&nbsp;适用年龄: 10个月 11个月 12个月 1个月 2个月 3个月 4个月 5个月 6个月 7个月 8个月 9个月 &nbsp;新生销售地: 中国大陆&nbsp;包装种类: 罐装&nbsp;重量(g): 400&nbsp;适用阶段: 二段&nbsp;包装方式: 包装&nbsp;原产地: 其他',8907,NULL,NULL,NULL,NULL,NULL,NULL,'2019-09-11 16:00:00',1,NULL,0,NULL),(268,'蒙牛金装多维高钙中老年奶粉400g-2袋 营养高钙补老年人奶粉包邮',365,1558,1098,1,NULL,'产品标准号：GB10769-2010&nbsp;厂名：瑞士&nbsp;厂址：瑞士&nbsp;厂家联系方式：021-57741718&nbsp;配料表：详见&nbsp;包装说明储藏方法：详见包装说明&nbsp;保质期：720 天&nbsp;食品添加剂：详见包装说明&nbsp;产品名称：Nestle/雀巢 恩敏舒 400g&nbsp;品牌: Nestle/雀巢&nbsp;系列: 恩敏舒&nbsp;规格: 400g&nbsp;适用年龄: 10个月 11个月 12个月 1个月 2个月 3个月 4个月 5个月 6个月 7个月 8个月 9个月 &nbsp;新生销售地: 中国大陆&nbsp;包装种类: 罐装&nbsp;重量(g): 400&nbsp;适用阶段: 二段&nbsp;包装方式: 包装&nbsp;原产地: 其他',5246,NULL,NULL,NULL,NULL,NULL,NULL,'2019-09-11 16:00:00',1,NULL,0,NULL),(269,'【3盒】武优乐纯骆驼奶粉成人中老年儿童学生青少年新疆驼乳粉',364,1822,1098,1,NULL,'产品标准号：GB10769-2010&nbsp;厂名：瑞士&nbsp;厂址：瑞士&nbsp;厂家联系方式：021-57741718&nbsp;配料表：详见&nbsp;包装说明储藏方法：详见包装说明&nbsp;保质期：720 天&nbsp;食品添加剂：详见包装说明&nbsp;产品名称：Nestle/雀巢 恩敏舒 400g&nbsp;品牌: Nestle/雀巢&nbsp;系列: 恩敏舒&nbsp;规格: 400g&nbsp;适用年龄: 10个月 11个月 12个月 1个月 2个月 3个月 4个月 5个月 6个月 7个月 8个月 9个月 &nbsp;新生销售地: 中国大陆&nbsp;包装种类: 罐装&nbsp;重量(g): 400&nbsp;适用阶段: 二段&nbsp;包装方式: 包装&nbsp;原产地: 其他',4004,NULL,NULL,NULL,NULL,NULL,NULL,'2019-09-11 16:00:00',2,NULL,0,NULL),(270,'【1送3】伊利金领冠3段奶粉婴幼儿配方奶粉900g罐旗舰店官网正品',400,1244,1098,1,NULL,'产品标准号：GB10769-2010&nbsp;厂名：瑞士&nbsp;厂址：瑞士&nbsp;厂家联系方式：021-57741718&nbsp;配料表：详见&nbsp;包装说明储藏方法：详见包装说明&nbsp;保质期：720 天&nbsp;食品添加剂：详见包装说明&nbsp;产品名称：Nestle/雀巢 恩敏舒 400g&nbsp;品牌: Nestle/雀巢&nbsp;系列: 恩敏舒&nbsp;规格: 400g&nbsp;适用年龄: 10个月 11个月 12个月 1个月 2个月 3个月 4个月 5个月 6个月 7个月 8个月 9个月 &nbsp;新生销售地: 中国大陆&nbsp;包装种类: 罐装&nbsp;重量(g): 400&nbsp;适用阶段: 二段&nbsp;包装方式: 包装&nbsp;原产地: 其他',7568,NULL,NULL,NULL,NULL,NULL,NULL,'2019-09-11 16:00:00',2,NULL,0,NULL),(271,'买1得6】 伊利珍护3段900g克婴幼儿三段金领冠牛奶粉罐装旗舰店网',277,1753,1098,1,NULL,'产品标准号：GB10769-2010&nbsp;厂名：瑞士&nbsp;厂址：瑞士&nbsp;厂家联系方式：021-57741718&nbsp;配料表：详见&nbsp;包装说明储藏方法：详见包装说明&nbsp;保质期：720 天&nbsp;食品添加剂：详见包装说明&nbsp;产品名称：Nestle/雀巢 恩敏舒 400g&nbsp;品牌: Nestle/雀巢&nbsp;系列: 恩敏舒&nbsp;规格: 400g&nbsp;适用年龄: 10个月 11个月 12个月 1个月 2个月 3个月 4个月 5个月 6个月 7个月 8个月 9个月 &nbsp;新生销售地: 中国大陆&nbsp;包装种类: 罐装&nbsp;重量(g): 400&nbsp;适用阶段: 二段&nbsp;包装方式: 包装&nbsp;原产地: 其他',9785,NULL,NULL,NULL,NULL,NULL,NULL,'2019-09-11 16:00:00',1,NULL,0,NULL),(272,'买1送1】伊利金领冠珍护2段较大婴儿牛奶粉二段900g罐旗舰店正品',221,1522,1098,1,NULL,'产品标准号：GB10769-2010&nbsp;厂名：瑞士&nbsp;厂址：瑞士&nbsp;厂家联系方式：021-57741718&nbsp;配料表：详见&nbsp;包装说明储藏方法：详见包装说明&nbsp;保质期：720 天&nbsp;食品添加剂：详见包装说明&nbsp;产品名称：Nestle/雀巢 恩敏舒 400g&nbsp;品牌: Nestle/雀巢&nbsp;系列: 恩敏舒&nbsp;规格: 400g&nbsp;适用年龄: 10个月 11个月 12个月 1个月 2个月 3个月 4个月 5个月 6个月 7个月 8个月 9个月 &nbsp;新生销售地: 中国大陆&nbsp;包装种类: 罐装&nbsp;重量(g): 400&nbsp;适用阶段: 二段&nbsp;包装方式: 包装&nbsp;原产地: 其他',9293,NULL,NULL,NULL,NULL,NULL,NULL,'2019-09-11 16:00:00',3,NULL,0,NULL),(275,'mipo儿童撞色糖果卫衣宝宝拼接字母套头上衣2019秋新款男女童衣服',299,1204,5,1,NULL,'品牌: mipo/蜜扑&nbsp;适用年龄: 12个月 9个月 18个月 2岁 3岁 4岁 5岁 6岁 7岁 8岁&nbsp;面料: 其他&nbsp;图案: 其他&nbsp;风格: 运动&nbsp;产地: 中国大陆&nbsp;省份: 浙江省&nbsp;地市: 杭州市&nbsp;适用性别: 中性&nbsp;模特实拍: 官方图片&nbsp;衣门襟: 套头&nbsp;是否带帽子: 无&nbsp;颜色分类: 荔枝 LITCHI 草莓 STRAW BERRY 牛油果 AVOCADO 香蕉 BANANA&nbsp;货号: MP19QWY03&nbsp;参考身高: 90cm 100cm 110cm 120cm 130cm 140cm&nbsp;适用季节: 春秋&nbsp;上市年份季节: 2019年秋季&nbsp;厚薄: 常规&nbsp;安全等级: 其他&nbsp;材质成分: 聚酯纤维50% 棉44.8% 粘胶纤维(粘纤)5.2%&nbsp;',4568,NULL,NULL,NULL,NULL,NULL,NULL,'2019-09-15 16:00:00',10,NULL,0,NULL),(276,'papa爬爬秋冬男女宝宝内里拉绒卫衣婴儿保暖绒衫儿童衣服0-4岁',364,1657,5,1,NULL,'品牌: PaPa/爬爬&nbsp;适用年龄: 3个月 6个月 12个月 9个月 18个月 2岁 3岁 4岁&nbsp;适用性别: 中性&nbsp;是否带帽子: 无&nbsp;颜色分类: 绿色 黄色&nbsp;货号: PB19QWY09&nbsp;参考身高: 66cm 73cm 80cm 90cm 100cm 110cm&nbsp;适用季节: 春秋&nbsp;上市年份季节: 2019年秋季&nbsp;安全等级: A类&nbsp;材质成分: 棉92.6% 聚氨酯弹性纤维(氨纶)7.4%&nbsp;',665,NULL,NULL,NULL,NULL,NULL,NULL,'2019-09-15 16:00:00',10,NULL,0,NULL),(279,'宝宝T恤女长袖短袖0男秋装1纯棉3岁儿童婴儿夏装上衣半袖女童衣服',372,1082,5,1,NULL,'品牌: ONETU/丸图&nbsp;适用年龄: 3个月 6个月 12个月 9个月 18个月 2岁 3岁&nbsp;功能: 吸汗&nbsp;面料: 棉&nbsp;图案: 卡通动漫&nbsp;风格: 休闲&nbsp;领型: 圆领&nbsp;适用性别: 中性&nbsp;模特实拍: 实拍无模特&nbsp;是否带帽子: 无&nbsp;颜色分类: 兔子 燕子 螃蟹 降落伞 彩雪糕 小蝴蝶 小猪 蝴蝶结 纯棉透气款 青苹果款 纯棉透气款 太阳款 纯棉透气款 雪糕款 纯棉透气款 狐狸 纯棉透气款 圆圈五角星 纯棉透气款 绿色方块 印花透气款 小鸡 纯棉透气款&nbsp;货号: 9913-&nbsp;参考身高: 80cm（收藏宝贝领金币） 90cm（加购物车领金币） 100cm（收藏店铺领福利） 110cm（分享好友先发货） 120cm（晒图享受vip）&nbsp;适用季节: 夏季&nbsp;上市年份季节: 2018年夏季&nbsp;袖长: 短袖&nbsp;安全等级: A类&nbsp;材质成分: 棉100%&nbsp;',4656,NULL,NULL,NULL,NULL,NULL,NULL,'2019-09-15 16:00:00',NULL,NULL,0,NULL),(282,'童泰婴幼儿春秋套头连帽卫衣1-3岁男女宝宝外出休闲卫衣儿童衣服',331,1587,5,1,NULL,'品牌: 童泰&nbsp;适用年龄: 12个月 2岁 3岁 4岁&nbsp;面料: 棉&nbsp;风格: 休闲&nbsp;产地: 中国大陆&nbsp;省份: 河北省&nbsp;地市: 邢台市&nbsp;适用性别: 中性&nbsp;衣门襟: 套头&nbsp;是否带帽子: 有帽不可拆&nbsp;颜色分类: 灰色 粉色 红色&nbsp;货号: T93Q2212&nbsp;参考身高: 80cm 90cm 100cm 110cm&nbsp;适用季节: 春秋&nbsp;上市年份季节: 2019年秋季&nbsp;安全等级: A类&nbsp;材质成分: 棉94% 聚氨酯弹性纤维(氨纶)6%&nbsp;',342,NULL,NULL,NULL,NULL,NULL,NULL,'2019-09-15 16:00:00',NULL,NULL,0,NULL),(284,'童装春装男童长袖t恤上衣宝宝打底衫儿童衣服小孩体恤春季T恤',321,1425,5,1,NULL,'品牌: 贝儿依&nbsp;适用年龄: 4岁 5岁 6岁 7岁 8岁 9岁 10岁 11岁 12岁 13岁 14岁&nbsp;面料: 棉&nbsp;领型: 圆领&nbsp;适用性别: 男&nbsp;颜色分类: 绿暴龙 灰色恐龙 白霸王龙 恐龙世界&nbsp;货号: HB198&nbsp;参考身高: 120cm 130cm 140cm 150cm 160cm&nbsp;袖长: 长袖&nbsp;材质成分: 棉100%&nbsp;',1365,NULL,NULL,NULL,NULL,NULL,NULL,'2019-09-15 16:00:00',NULL,NULL,0,NULL),(285,'南极人男童卫衣套装2019春款童装潮酷男孩春装帅气两件套儿童衣服',303,1160,5,1,NULL,'品牌: 南极人&nbsp;适用年龄: 5岁 6岁 7岁 8岁 9岁 10岁 11岁 12岁 13岁 14岁&nbsp;面料: 棉&nbsp;图案: 卡通动漫&nbsp;风格: 休闲&nbsp;适用性别: 男&nbsp;模特实拍: 实拍有模特&nbsp;衣门襟: 套头&nbsp;是否带帽子: 有帽不可拆&nbsp;颜色分类: 拳击猫黑+黑裤 拳击猫黑+灰裤 拳击猫黑+深灰裤 拳击猫红+黑裤 拳击猫红+灰裤 拳击猫红+深灰裤 拳击猫黄+黑裤 拳击猫黄+灰裤 拳击猫黄+深灰裤 拳击猫墨绿+黑裤 拳击猫墨绿+灰裤 拳击猫墨绿+深灰裤&nbsp;货号: LE1902222115&nbsp;内胆类型: 棉内胆&nbsp;参考身高: 110cm 120cm 130cm 140cm 150cm 160cm 165cm&nbsp;适用季节: 春秋&nbsp;上市年份季节: 2019年春季&nbsp;厚薄: 常规&nbsp;材质成分: 棉83% 聚酯纤维17%&nbsp;',2547,NULL,NULL,NULL,NULL,NULL,NULL,'2019-09-15 16:00:00',NULL,NULL,0,NULL),(286,'男童长袖t恤 纯棉薄款大童男上衣童装男孩秋装韩版洋气儿童衣服男',244,1548,5,1,NULL,'品牌: 南极人&nbsp;适用年龄: 3岁 4岁 5岁 6岁 7岁 8岁 9岁 10岁 11岁 12岁 13岁 14岁&nbsp;图案: 卡通动漫&nbsp;适用性别: 男&nbsp;模特实拍: 实拍有模特&nbsp;是否带帽子: 无&nbsp;颜色分类: 【长袖三件】黑 大KK黑/黄 Q版侠/红 蒙面忍者 【长袖三件】红 大KK黑/黄 Q版侠/红 蒙面忍者 【长袖三件】黄 蜘蛛人/黑 大黄蜂/红 甩盾队长 【长袖三件】红 蒙面忍者/黑 大黄蜂/白 甩盾队长 【长袖三件】黑 悟空丘/白 大黄蜂/黄 甩盾队长 【长袖三件】红 悟空丘/黄 耳机/黑 NEW 【长袖三件】白 Q版侠/红 蒙面忍者/黄 NEW 【长袖三件】黄 Q版侠/红 大KK黑/黑 大黄蜂 【长袖三件】白 大黄蜂/红 甩盾队长/黄 耳机 【长袖三件】黄 大鲸鱼/白 悟空丘/红 耳机 【长袖三件】红 甩盾队长/黑 悟空丘/黄 耳机 【长袖三件】黑 NEW/白 蜘蛛人/红 甩盾队长&nbsp;货号: NJRXP00323&nbsp;参考身高: 110cm 120cm 130cm 140cm 150cm 160cm 165cm&nbsp;上市年份季节: 2019年秋季&nbsp;袖长: 长袖&nbsp;安全等级: B类&nbsp;材质成分: 棉100%&nbsp;',3298,NULL,NULL,NULL,NULL,NULL,NULL,'2019-09-15 16:00:00',NULL,NULL,0,NULL),(287,'中大童长袖t恤上衣薄款洋气纯棉女童秋装新款韩版时尚儿童衣服潮',262,1698,5,1,NULL,'品牌: 南极人&nbsp;适用年龄: 5岁 6岁 7岁 8岁 9岁 10岁 11岁 12岁 13岁 14岁&nbsp;功能: 吸汗&nbsp;面料: 棉&nbsp;图案: 卡通动漫&nbsp;风格: 运动&nbsp;领型: 圆领&nbsp;产地: 中国大陆&nbsp;适用性别: 女&nbsp;模特实拍: 实拍有模特&nbsp;是否带帽子: 无&nbsp;颜色分类: 美好一天/白-梦想/粉 美好一天/白-梦想/黄 美好一天/粉-梦想/黄 美好一天/白-梦想/红 美好一天/黄-梦想/粉 T夏天/白-爱心/粉 T夏天/白-爱心/黑 T夏天/粉-爱心/黄 T夏天/黄-爱心/白 T夏天/白-爱心/红 T夏天/黄-爱心/粉&nbsp;货号: 1907181528&nbsp;参考身高: 110cm 120cm 130cm 140cm 150cm 160cm&nbsp;适用季节: 春秋&nbsp;上市年份季节: 2019年夏季&nbsp;袖长: 长袖&nbsp;安全等级: B类&nbsp;材质成分: 棉100%&nbsp;',2425,NULL,NULL,NULL,NULL,NULL,NULL,'2019-09-15 16:00:00',NULL,NULL,0,NULL),(288,'连帽套头卫衣女宽松儿童衣服秋款童装小女孩长袖上衣韩版女童外套',365,1688,5,1,NULL,'品牌: 南极人&nbsp;适用年龄: 5岁 6岁 7岁 8岁 9岁 10岁 11岁 12岁 13岁 14岁&nbsp;面料: 棉混纺布&nbsp;图案: 卡通动漫&nbsp;风格: 运动&nbsp;产地: 中国大陆&nbsp;省份: 湖北省&nbsp;地市: 武汉市&nbsp;适用性别: 女&nbsp;模特实拍: 实拍无模特&nbsp;衣门襟: 套头&nbsp;是否带帽子: 有帽不可拆&nbsp;颜色分类: （白）小姐姐黑色 （黑）小姐姐黄色 （黑）小姐姐红色 （黑）小姐姐粉色 （黑）小姐姐墨绿色 （白）小姐姐墨绿色 （白）小姐姐粉色&nbsp;货号: N1907211448&nbsp;内胆类型: 棉内胆&nbsp;参考身高: 110cm 120cm 130cm 140cm 150cm 160cm 165cm&nbsp;适用季节: 春秋&nbsp;上市年份季节: 2019年秋季&nbsp;厚薄: 常规&nbsp;安全等级: B类&nbsp;材质成分: 棉83% 聚酯纤维17%&nbsp;',3965,NULL,NULL,NULL,NULL,NULL,NULL,'2019-09-15 16:00:00',NULL,NULL,0,NULL),(289,'宝宝t恤男2019春秋装新款新生儿长袖小童上衣婴儿打底衫儿童衣服',392,1386,5,1,NULL,NULL,1109,NULL,NULL,NULL,NULL,NULL,NULL,'2019-09-15 16:00:00',NULL,NULL,0,NULL),(290,'男童卫衣2019秋装新款彩条纹婴儿上衣宝宝洋气潮衣长袖儿童衣服小',254,1226,5,1,NULL,NULL,2466,NULL,NULL,NULL,NULL,NULL,NULL,'2019-09-15 16:00:00',NULL,NULL,0,NULL),(291,'魔童降世卫衣童装小哪咤儿童衣服秋季帅气男女童秋款2019上衣洋气',210,1522,5,1,NULL,'品牌: 南极人&nbsp;适用年龄: 3岁 4岁 5岁 6岁 7岁 8岁 9岁 10岁 11岁 12岁 13岁 14岁&nbsp;面料: 棉混纺布&nbsp;图案: 卡通动漫&nbsp;风格: 运动&nbsp;产地: 中国大陆&nbsp;省份: 湖北省&nbsp;地市: 武汉市&nbsp;适用性别: 中性&nbsp;模特实拍: 实拍有模特&nbsp;衣门襟: 套头&nbsp;是否带帽子: 无&nbsp;颜色分类: 我命紫 我命粉 我命黑 我命红 我命白 我命黄 （白）魔童胸标紫（前图后字） （白）魔童胸标粉（前图后字） （白）魔童胸标黑（前图后字） （白）魔童胸标红（前图后字） （白）魔童胸标黄（前图后字） （黑）魔童胸标紫（前图后字） （黑）魔童胸标粉（前图后字） （黑）魔童胸标红（前图后字） （黑）魔童胸标白（前图后字） （黑）魔童胸标黄（前图后字） 哪咤紫 哪咤粉 哪咤黑 哪咤红 哪咤白 哪咤黄&nbsp;货号: LE1908112222&nbsp;内胆类型: 棉内胆&nbsp;参考身高: 110cm 120cm 130cm 140cm 150cm 160cm 165cm&nbsp;适用季节: 春秋&nbsp;上市年份季节: 2019年秋季&nbsp;厚薄: 薄款&nbsp;安全等级: B类&nbsp;材质成分: 棉83% 聚酯纤维17%&nbsp;',102,NULL,NULL,NULL,NULL,NULL,NULL,'2019-09-15 16:00:00',NULL,NULL,0,NULL),(292,'男童短袖T恤夏装薄汽车儿童衣服婴幼儿小童宝宝纯棉半袖1-2-3-4岁',320,1236,5,1,NULL,NULL,4738,NULL,NULL,NULL,NULL,NULL,NULL,'2019-09-15 16:00:00',NULL,NULL,0,NULL),(293,'ivan家童装男童秋装泫雅风T恤男宝宝假两件长袖上衣儿童衣服潮',355,1313,5,1,NULL,NULL,3502,NULL,NULL,NULL,NULL,NULL,NULL,'2019-09-15 16:00:00',NULL,NULL,0,NULL),(294,'2019新款儿童衣服宝宝t恤男1-3岁春秋装小童长袖打底衫婴儿上衣潮',211,1214,5,1,NULL,NULL,963,NULL,NULL,NULL,NULL,NULL,NULL,'2019-09-15 16:00:00',NULL,NULL,0,NULL),(295,'宝宝卫衣春秋装2019新款童装连帽婴儿上衣男童潮洋气韩版儿童衣服',348,1725,5,1,NULL,NULL,2462,NULL,NULL,NULL,NULL,NULL,NULL,'2019-09-15 16:00:00',NULL,NULL,0,NULL),(296,'儿童短袖t恤夏季男童上衣纯棉夏天女童衣服2-9岁小孩汪汪队童装潮',370,1982,5,1,NULL,NULL,4743,NULL,NULL,NULL,NULL,NULL,NULL,'2019-09-15 16:00:00',NULL,NULL,0,NULL),(297,'霖霖家婴童装 男婴儿打底衫宝宝秋装长袖t恤男童字母上衣儿童衣服',351,1618,5,1,NULL,NULL,2151,NULL,NULL,NULL,NULL,NULL,NULL,'2019-09-15 16:00:00',NULL,NULL,0,NULL),(298,'雨果脚踏钢琴健身架器可充电幼儿宝宝婴儿玩具毯0-1岁男女孩3个月',353,1539,2,1,NULL,'证书编号：2015152202014371&nbsp;证书状态：有效&nbsp;申请人名称：汕头市澄海区合翔鑫玩具有限公司&nbsp;制造商名称：汕头市澄海区合翔鑫玩具有限公司&nbsp;产品名称：产品类别：声光玩具&nbsp;3C产品型号：合翔益智玩具：HX121、HX122、HX3201、HX4012、HX7101、HX7102、HX7...&nbsp;3C规格型号：合翔益智玩具：HX121、HX122、HX3201、HX4012、HX7101、HX7102、HX7...&nbsp;品牌: 雨果&nbsp;型号: HX20107&nbsp;适用年龄: 3个月 6个月 12个月 18个月&nbsp;材质: 塑料&nbsp;产地: 中国大陆&nbsp;适用性别: 中性&nbsp;玩具类型: 塑胶玩具&nbsp;颜色分类: 长款【充电版】 圆款【充电版】 床围款【充电版】&nbsp;是否有导购视频: 有&nbsp;',4427,NULL,NULL,NULL,NULL,NULL,NULL,'2019-09-15 16:00:00',NULL,NULL,0,NULL),(301,'【直营】日本面包超人进口婴幼儿摇铃鼓铃沙锤快板响板儿童玩具',292,1832,2,1,NULL,'品牌: ANPANMAN&nbsp;型号: 1435&nbsp;适用年龄: 3个月 6个月 12个月 18个月&nbsp;材质: 塑料&nbsp;产地: 中国大陆&nbsp;适用性别: 中性&nbsp;玩具类型: 塑胶玩具&nbsp;包装种类: 1个&nbsp;颜色分类: 大铃铛摇铃 鼓铃 沙锤（两支装） 儿童快板 拍打板 星星彩铃 花瓣咬胶摇铃 五边形手摇铃 手摇鼓 小喇叭&nbsp;',502,NULL,NULL,NULL,NULL,NULL,NULL,'2019-09-15 16:00:00',NULL,NULL,0,NULL),(302,'贝易婴儿玩具0-1岁新生儿宝宝益智牙胶幼儿手摇铃抓握0-3-6个月12',268,1437,2,1,NULL,'证书编号：2018012203067017&nbsp;证书状态：有效&nbsp;产品名称：静态塑胶玩具/摇铃玩具&nbsp;3C规格型号：B7003 B7004 B7005 B7003-1 B7003-2 B7003-3 B7004-1 ...&nbsp;品牌: BeiE/贝易&nbsp;型号: B7003&nbsp;适用年龄: 新生 3个月 6个月 12个月 18个月&nbsp;材质: 塑胶&nbsp;产地: 中国大陆&nbsp;适用性别: 中性&nbsp;玩具类型: 塑胶玩具&nbsp;包装种类: 套装/礼盒&nbsp;颜色分类: 送人需要礼品袋进店联系客服哦【卖点勿拍】 猪年定制大礼盒：升级配色8只摇铃+手抓球+绿色不倒翁 套餐二：摇铃10只装:8只摇铃+2个毛绒摇铃【6个可响】 套餐三：摇铃8只装+手抓球【4个有响声】 套餐四：摇铃8只装【4个有响声】 套餐五：摇铃5只装+手抓球【2个有响声】 套餐六：摇铃5只装【2个有响声】 套餐七：摇铃5只装+晾干架【2个有响声】 套餐八：摇铃5只装+手抓球+晾干架【2个有响声】 套餐九：摇铃8只装+晾干架【4个有响声】 套餐十：摇铃8只装+手抓球+晾干架【4个有响声】 套餐十一：摇铃10只装+晾干架【6个可响】 套餐十二：猪年大礼盒+晾干架 可高温水煮消毒不变形【卖点勿拍】 套餐十三：摇铃8只装+手抓球+粉色不倒翁 送人需礼品袋进店联系客服哦【卖点勿拍】&nbsp;是否有导购视频: 有&nbsp;',1925,NULL,NULL,NULL,NULL,NULL,NULL,'2019-09-15 16:00:00',NULL,NULL,0,NULL),(304,'新生婴儿儿玩具初生早教益智宝宝0-1岁3音乐6摇铃7男女孩1-12个月',354,1552,2,1,NULL,'证书编号：2017152202017927&nbsp;证书状态：有效&nbsp;产品名称：产品类别：声光玩具&nbsp;3C规格型号：花朵旋转动物音乐琴：3002、益智乐园：958-4、2019、梦幻冰雪音乐琴：PS228、欢乐摩天轮...&nbsp;品牌: 永烁（母婴）&nbsp;型号: 958-4&nbsp;适用年龄: 新生 3个月 6个月 12个月 18个月&nbsp;产地: 中国大陆&nbsp;适用性别: 中性&nbsp;玩具类型: 电玩具&nbsp;包装种类: 套装/礼盒&nbsp;颜色分类: 摇摇益智乐园（多功能版） 摇摇益智乐园（多功能版）+充电套装 摇摇益智乐园（音乐琴版） 摇摇益智乐园（音乐琴版）+充电套装 章鱼秋千乐园（音乐琴版） 章鱼秋千乐园（音乐琴版）+充电套装 【新品】月亮琴（多功能版） 【新品】月亮琴（多功能版）+充电套装 摩天轮乐园（多功能版） 摩天轮乐园（多功能版）+充电套装 豪华组合宝宝乐园（多功能版） 豪华组合宝宝乐园（多功能版）+充电套装 【新品】益智乐园（多功能版）+月亮琴（多功能版） 【新品】益智乐园（多功能版）+月亮琴（多功能版）+充电套装 【新品】益智乐园（音乐琴版）+月亮琴（多功能版） 【新品】益智乐园（音乐琴版）+月亮琴（多功能版）+充电套装 益智乐园（多功能版）+秋千乐园（音乐琴版） 益智乐园（多功能版）+秋千乐园（音乐琴版）+充电套装 益智乐园（音乐琴版）+摩天轮乐园（多功能版） 益智乐园（音乐琴版）+摩天轮乐园（多功能版）+充电套装 章鱼乐园（音乐琴版）+摩天轮乐园（多功能版） 章鱼乐园（音乐琴版）+摩天轮乐园（多功能版）+充电套装 益智乐园（音乐琴版）+豪华乐园（多功能版） 益智乐园（音乐琴版）+豪华乐园（多功能版）+充电套装&nbsp;是否有导购视频: 有&nbsp;',2114,NULL,NULL,NULL,NULL,NULL,NULL,'2019-09-15 16:00:00',NULL,NULL,0,NULL),(305,'婴儿玩具6-12个月儿童益智8幼儿9宝宝0到1岁半男女孩早教一八九七',318,1292,2,1,NULL,'证书编号：2018152202021320&nbsp;证书状态：有效&nbsp;申请人名称：汕头市澄海区婴乐玩具厂&nbsp;制造商名称：汕头市澄海区婴乐玩具厂&nbsp;产品名称：产品类别：声光玩具&nbsp;3C产品型号：406A.407B.408.409.410.411.503A.503B.504A.504B.505-...&nbsp;3C规格型号：婴儿玩具：406A、407B、408、409、410、411、503A、503B、504A、504B...&nbsp;品牌: JuLeBaby/聚乐宝贝&nbsp;型号: 611&nbsp;适用年龄: 新生 3个月 6个月 12个月 18个月&nbsp;材质: 塑料&nbsp;产地: 中国大陆&nbsp;适用性别: 中性&nbsp;玩具类型: 电玩具&nbsp;包装种类: 其他&nbsp;颜色分类: 多功能手拍鼓【智慧之门，送电池】 多功能手拍鼓【智慧之门，充电版】 多功能拍拍鼓【六面可玩，送电池】 多功能拍拍鼓【六面可玩，充电版】 多功能拍拍鼓充电版+小猪不倒翁【猪年到】 六面手拍鼓充电版+早教手拍鼓【乐曲 儿歌 故事】 拍拍鼓充电版+学习机【2000早教内容，可遥控】 多功能拍拍鼓充电版+敲琴车【音乐益智】 六面多功能手拍鼓充电版+布书6件套【早教益智】 六面手拍鼓充电版+手摇铃【伴眠音乐 儿歌 故事】 六面手拍鼓充电版+软胶积木6件套【Q萌动物造型】 六面手拍鼓充电版+惯性大飞机【粉，学爬神器】 六面手拍鼓充电版+惯性大飞机【绿，学爬神器】 六面手拍鼓充电版+13件套摇铃【超值套装】&nbsp;是否有导购视频: 无&nbsp;',1624,NULL,NULL,NULL,NULL,NULL,NULL,'2019-09-15 16:00:00',NULL,NULL,0,NULL),(306,'新生婴儿玩具0-1岁咬牙胶摇铃6-12个月3宝宝早教益智男女孩手抓握',305,1379,2,1,NULL,'证书编号：2019012202210141&nbsp;证书状态：有效&nbsp;产品名称：声光玩具/音乐玩具&nbsp;3C规格型号：见证书附件&nbsp;品牌: JuLeBaby/聚乐宝贝&nbsp;型号: JL6210C&nbsp;适用年龄: 新生 3个月 6个月 12个月 18个月&nbsp;材质: 硅胶&nbsp;产地: 中国大陆&nbsp;适用性别: 中性&nbsp;玩具类型: 塑胶玩具&nbsp;包装种类: 套装/礼盒&nbsp;颜色分类: 14件套全牙胶摇铃（可水煮，收纳盒） [抓握训练]14件套摇铃+搪胶2只 [宝宝必备]曼哈顿球（可水煮，礼盒装） [学爬引导]14件套摇铃+呆萌猪不倒翁 [早教 • 益智]14件套摇铃+星月故事机（4099内容） [音乐益智]14件套摇铃+拨浪鼓 [磨牙好伴侣]14件套摇铃+曼哈顿球（可水煮） [音乐 • 益智]14件套摇铃+音乐手拍鼓 [磨牙 • 学爬]14件套摇铃+曼哈顿球+不倒翁 [磨牙 • 音乐]14件套摇铃+曼哈顿球+音乐手拍鼓 [大礼包]14件套摇铃+曼哈顿球+音乐手拍鼓+不倒翁+拨浪鼓&nbsp;是否有导购视频: 有&nbsp;',729,NULL,NULL,NULL,NULL,NULL,NULL,'2019-09-15 16:00:00',NULL,NULL,0,NULL),(307,'新生婴儿0-1岁益智摇铃婴幼儿宝宝早教3-6-12个月小男孩女孩玩具',396,1185,2,1,NULL,'证书编号：2017152202018827&nbsp;证书状态：有效&nbsp;产品名称：产品类别：声光玩具&nbsp;3C规格型号：婴儿玩具：666-7、666-7A、666-7B、666-7C、666-8、666-8A、666-8...&nbsp;品牌: 皇儿&nbsp;型号: 789-13A&nbsp;适用年龄: 新生 3个月 6个月 12个月 18个月&nbsp;材质: 塑料&nbsp;产地: 中国大陆&nbsp;适用性别: 中性&nbsp;玩具类型: 电玩具&nbsp;包装种类: 套装/礼盒&nbsp;颜色分类: 蘑菇乐园清新版+护栏-蓝色（礼盒装）+送两本布书 蘑菇乐园清新版+护栏-红色（礼盒装）+送两本布书 蘑菇乐园至尊版+护栏-蓝色（礼盒装）+送两本布书 蘑菇乐园至尊版+护栏-红色（礼盒装）+送两本布书 动物乐园清新版+护栏（礼盒装） 动物乐园乐享版+护栏（礼盒装） 动物乐园清新版+护栏（礼盒装）+故事机+送冰丝凉席 动物乐园至尊版+护栏（礼盒装）+送冰丝凉席 音乐乐园清新版粉色（礼盒装）+送冰丝凉席 音乐乐园清新版蓝色（礼盒装）+送冰丝凉席 音乐乐园至尊版粉色（礼盒装）+送冰丝凉席 音乐乐园至尊版蓝色（礼盒装）+送冰丝凉席 音乐乐园至尊版蓝色+护栏（礼盒装）+送冰丝凉席 音乐乐园至尊版粉色+护栏（礼盒装）+送冰丝凉席 梦幻乐园至尊版绿色（礼盒装） 梦幻乐园至尊版粉色（礼盒装） ★★蘑菇乐园至尊版+护栏-蓝色（礼盒装）可水煮摇铃八件套 ★★蘑菇乐园至尊版+护栏-红色（礼盒装）可水煮摇铃八件套 ★★动物乐园至尊装+护栏+可水煮摇铃八件套+送冰丝凉席 ★★音乐乐园至尊版粉色+护栏+可水煮摇铃八件套+送冰丝凉席 ★★音乐乐园至尊版蓝色可水煮+护栏+摇铃八件套+送冰丝凉席 ★★梦幻乐园至尊版绿色+可水煮摇铃八件套 ★★梦幻乐园至尊版粉色+可水煮摇铃八件套 成长大礼包&nbsp;是否有导购视频: 有&nbsp;',3313,NULL,NULL,NULL,NULL,NULL,NULL,'2019-09-15 16:00:00',NULL,NULL,0,NULL),(308,'婴儿手摇铃玩具0-1岁新生儿宝宝益智牙胶3-6-9个月男女响抓握训练',398,1705,2,1,NULL,'证书编号：2016152203017501&nbsp;证书状态：有效&nbsp;产品名称：产品类别：静态塑胶玩具&nbsp;3C规格型号：婴儿摇铃：2601、2602、2603、2604、2605、2606、2607、2608、2609、...&nbsp;品牌: ROYDEN&nbsp;型号: 2638&nbsp;适用年龄: 新生 3个月 6个月 12个月&nbsp;材质: 塑料&nbsp;产地: 中国大陆&nbsp;适用性别: 中性&nbsp;玩具类型: 塑胶玩具&nbsp;包装种类: 套装/礼盒&nbsp;颜色分类: 8件套可水煮摇铃（收纳盒） 曼哈顿球（可水煮） [音乐安抚]12件套摇铃+拨浪鼓（收纳盒） [早教益智]12件套摇铃+多功能故事机（收纳盒） [学爬引导]12件套摇铃+铃铛不倒翁（收纳盒） [长牙必备]12件套摇铃+曼哈顿球（收纳盒） [磨牙+音乐]12件套摇铃+曼哈顿+拨浪鼓 [磨牙+早教]12件套摇铃+曼哈顿+故事机 [磨牙+学爬]12件套摇铃+曼哈顿+不倒翁 [初生必备]12件套摇铃+曼哈顿+拨浪鼓+故事机 [初生必备]12件套摇铃+曼哈顿+不倒翁+拨浪鼓 [初生必备]12件套摇铃+曼哈顿+不倒翁+故事机 [超大礼包]12件套摇铃+曼哈顿+拨浪鼓+故事机+不倒翁&nbsp;是否有导购视频: 有&nbsp;',2401,NULL,NULL,NULL,NULL,NULL,NULL,'2019-09-15 16:00:00',NULL,NULL,0,NULL),(309,'婴儿手摇铃0-1岁宝宝新生儿婴幼儿早教益智牙胶玩具0-3-6-12个月',279,1116,2,1,NULL,'证书编号：2016152203016535&nbsp;证书状态：有效&nbsp;申请人名称：汕头市澄海区岫泓玩具厂&nbsp;制造商名称：汕头市澄海区岫泓玩具厂&nbsp;产品名称：产品类别：静态塑胶玩具&nbsp;3C产品型号：摇铃：6603、6605、6606、6607、6608、6609、6610、6612、6705、67...&nbsp;3C规格型号：摇铃：6603、6605、6606、6607、6608、6609、6610、6612、6705、67...&nbsp;品牌: 甜逗&nbsp;型号: BA6850A&nbsp;适用年龄: 新生 3个月 6个月 12个月 18个月&nbsp;材质: 硅胶&nbsp;产地: 中国大陆&nbsp;适用性别: 中性&nbsp;玩具类型: 塑胶玩具&nbsp;包装种类: 套装/礼盒&nbsp;颜色分类: 水煮全牙胶8件套（收纳礼盒） 水煮全牙胶8件套（收纳礼盒）+水煮曼哈顿手抓球 水煮全牙胶8件套（收纳礼盒）+牙胶投影拨浪鼓音乐棒 水煮全牙胶8件套（收纳礼盒）+遥控投影早教机6000+内容 水煮全牙胶8件套（收纳礼盒）+Q弹蜜桃水晶全牙胶 水煮全牙胶8件套（收纳礼盒）+水煮消毒早教认知布书六件套 水煮全牙胶8件套（收纳礼盒）+多纹理触觉按摩感知球（送收纳盒） 水煮全牙胶8件套（收纳礼盒）+遥控投影音乐旋转床铃 水煮全牙胶10件套（收纳礼盒） 水煮全牙胶10件套（收纳礼盒）+水煮曼哈顿手抓球 水煮全牙胶10件套（收纳礼盒）+牙胶投影拨浪鼓音乐棒 水煮全牙胶10件套（收纳礼盒）+遥控投影早教机6000+内容 水煮全牙胶10件套（收纳礼盒）+Q弹蜜桃水晶全牙胶 水煮全牙胶10件套（收纳礼盒）+水煮消毒早教认知布书六件套 水煮全牙胶10件套（收纳礼盒）+多纹理触觉按摩感知球 水煮全牙胶10件套（收纳礼盒）+遥控投影音乐旋转床铃&nbsp;是否有导购视频: 有&nbsp;',213,NULL,NULL,NULL,NULL,NULL,NULL,'2019-09-15 16:00:00',NULL,NULL,0,NULL),(310,'婴儿玩具新生男宝宝0-1岁儿童益智早教幼儿男孩3女孩12个月6启蒙',217,1211,2,1,NULL,'证书编号：2016152202015948&nbsp;证书状态：有效&nbsp;申请人名称：广东高盛玩具实业有限公司&nbsp;制造商名称：广东高盛玩具实业有限公司&nbsp;产品名称：产品类别：电动玩具&nbsp;3C产品型号：萌萌狗：NO.80093、NO.80063、笨笨狗智能小宠物：NO.80061、智能可可狗：NO.8...&nbsp;3C规格型号：萌萌狗：NO.80093、NO.80063、笨笨狗智能小宠物：NO.80061、智能可可狗：NO.8...&nbsp;品牌: ginirabbit/吉妮兔&nbsp;型号: 80061&nbsp;适用年龄: 3个月 6个月 12个月 18个月&nbsp;产地: 中国大陆&nbsp;适用性别: 中性&nbsp;玩具类型: 电玩具&nbsp;包装种类: 套装/礼盒&nbsp;颜色分类: 笨笨狗（电池版）牙胶球+戏水小乌龟 笨笨狗（充电器+充电池）+牙胶球+戏水小乌龟 笨笨狗（电池版）+兔子故事机+戏水小乌龟 笨笨狗（充电套装）+兔子故事机+戏水小乌龟 笨笨狗【送电池+螺丝刀】 笨笨狗【充电池+充电器+螺丝刀】&nbsp;是否有导购视频: 有&nbsp;',3537,NULL,NULL,NULL,NULL,NULL,NULL,'2019-09-15 16:00:00',NULL,NULL,0,NULL),(311,'火火兔R1手摇铃0-1岁 新生婴幼儿宝宝益智早教玩具0-3-6-12个月',285,1994,2,1,NULL,'证书编号：2018012202073770&nbsp;证书状态：有效&nbsp;产品名称：声光玩具/火火兔亲子互动启蒙智能摇铃&nbsp;3C规格型号：R1S(蓝 粉 紫 黄）&nbsp;品牌: 火火兔&nbsp;型号: 火火兔R1摇铃&nbsp;适用年龄: 新生 3个月 6个月 12个月 18个月&nbsp;材质: 硅胶&nbsp;产地: 中国大陆&nbsp;适用性别: 中性&nbsp;玩具类型: 电玩具&nbsp;包装种类: 套装/礼盒&nbsp;颜色分类: R1S 花蜜蓝 R1S 柠檬黄 R1S 樱桃红 R1S 香芋紫 R1花蜜蓝 R1樱桃红 R1C 樱桃红 R1C 花蜜蓝&nbsp;',296,NULL,NULL,NULL,NULL,NULL,NULL,'2019-09-15 16:00:00',NULL,NULL,0,NULL),(312,'婴儿新生玩具3-6三个月7手摇铃抓握训练益智4两宝宝四五六0-1半岁',304,1463,2,1,NULL,'证书编号：2017152203018773&nbsp;证书状态：有效&nbsp;产品名称：产品类别：静态塑胶玩具&nbsp;3C规格型号：婴儿玩具：777-20、777-20A、777-21、777-21A、777-22、777-22A、...&nbsp;品牌: 兔小贝&nbsp;型号: 777-21&nbsp;适用年龄: 新生 3个月 6个月 12个月 18个月&nbsp;材质: 塑胶&nbsp;产地: 中国大陆&nbsp;适用性别: 中性&nbsp;玩具类型: 塑胶玩具&nbsp;包装种类: 套装/礼盒&nbsp;颜色分类: 新摇铃5件套（礼盒装） 新摇铃8件套 （送收纳盒） 新摇铃8件套+不倒翁 （送收纳盒+2小车） 新摇铃8件套+曼哈顿球（送收纳盒+2小车） 新摇铃8件套+曼哈顿球+不倒翁 （送收纳盒+3小车） 新摇铃8件套+不倒翁+曼哈球+动物布书3本（送收纳盒+3小车） 新摇铃8件套+不倒翁+曼哈球+软胶积木（送收纳盒+3小车） 新摇铃8件套+不倒翁+曼哈球+手抓球（送收纳盒+3小车） 摇铃8件套+布书3本+手抓球10件+软积木（送不倒翁+曼哈顿球） 摇铃8件套+手抓球10件套+不倒翁+曼哈顿球（送收纳盒+3小车）&nbsp;是否有导购视频: 无&nbsp;',1518,NULL,NULL,NULL,NULL,NULL,NULL,'2019-09-15 16:00:00',NULL,NULL,0,NULL),(313,'新生婴儿玩具摇铃幼儿早教牙胶6-12月3益智抓握训练宝宝初生0-1岁',388,1371,2,1,NULL,'证书编号：2015152203013006&nbsp;证书状态：有效&nbsp;申请人名称：汕头市澄海区莱芜美生工艺玩具厂&nbsp;制造商名称：汕头市澄海区莱芜美生工艺玩具厂&nbsp;产品名称：产品类别：静态塑胶玩具&nbsp;3C产品型号：婴儿玩具：MBL 0002、MBL 0003、MBL 0004、MBL 0005、MBL 0006、...&nbsp;3C规格型号：婴儿玩具：MBL 0002、MBL 0003、MBL 0004、MBL 0005、MBL 0006、...&nbsp;品牌: JuLeBaby/聚乐宝贝&nbsp;型号: MBL 0107&nbsp;适用年龄: 新生 3个月 6个月 12个月 18个月&nbsp;材质: 塑料&nbsp;产地: 中国大陆&nbsp;适用性别: 中性&nbsp;玩具类型: 塑胶玩具&nbsp;包装种类: 套装/礼盒&nbsp;颜色分类: ??收藏加购送运费险，优先发货?? 【欧美色系 视觉审美】7件A款(收纳盒装) 【欧美色系 可水煮】7件A款+曼哈顿球(磨牙伴侣) 【欧美色系 视觉审美】7件A款+小猫小狗搪胶【洗澡戏水】 【欧美色系 抓握训练】7件A款+不倒翁(不可水煮) 【欧美色系 视觉审美】7件+红色手摇铃 【欧美色系 视觉审美】9件(收纳盒) 【欧美色系 可水煮】9件+曼哈顿球(磨牙伴侣) 【欧美色系 视觉审美】9件+小猫小狗搪胶【洗澡戏水】 【欧美色系 抓握训练】9件+不倒翁(不可水煮) 【欧美色系 视觉审美】9件+红色手摇铃 【可水煮 放心咬】7件A款(收纳盒装) 【可水煮 放心咬】7件A款+曼哈顿球(磨牙伴侣) 【抓握训练】7件A款+不倒翁(不可水煮) 【可水煮 放心咬】7件A款+小猫小狗搪胶【洗澡戏水】 【马卡龙色系 视觉审美】7件+蓝色手摇铃 【可水煮 放心咬】9件(收纳盒) 【可水煮 放心咬】9件+曼哈顿球(磨牙伴侣) 【可水煮 放心咬】9件+小猫小狗搪胶【洗澡戏水】 【抓握训练】9件+不倒翁(不可水煮) 【马卡龙色系 视觉审美】9件+蓝色手摇铃 【可水煮 放心咬】6件(礼盒装) 【可水煮 放心咬】6件+曼哈顿球(磨牙伴侣) 【抓握训练】6件+不倒翁(不可水煮)&nbsp;是否有导购视频: 无&nbsp;',3257,NULL,NULL,NULL,NULL,NULL,NULL,'2019-09-15 16:00:00',NULL,NULL,0,NULL),(314,'婴儿玩具女宝宝0-1岁半有声会动幼儿12个月启蒙6儿童男孩早教益智',204,1135,2,1,NULL,'证书编号：2016152202015948&nbsp;证书状态：有效&nbsp;申请人名称：广东高盛玩具实业有限公司&nbsp;制造商名称：广东高盛玩具实业有限公司&nbsp;产品名称：产品类别：电动玩具&nbsp;3C产品型号：萌萌狗：NO.80093、NO.80063、笨笨狗智能小宠物：NO.80061、智能可可狗：NO.8...&nbsp;3C规格型号：萌萌狗：NO.80093、NO.80063、笨笨狗智能小宠物：NO.80061、智能可可狗：NO.8...&nbsp;品牌: JuLeBaby/聚乐宝贝&nbsp;型号: NO.80061&nbsp;适用年龄: 新生 3个月 6个月 12个月 18个月&nbsp;材质: 塑料&nbsp;产地: 中国大陆&nbsp;适用性别: 中性&nbsp;玩具类型: 电玩具&nbsp;包装种类: 套装/礼盒&nbsp;颜色分类: 笨笨狗 智能互动【电池版】 笨笨狗 智能互动【充电版】 笨笨狗 智能互动【充电版】+声光拨浪鼓 笨笨狗 智能互动【充电版】+可咬手抓球 笨笨狗 智能互动【充电版】+投影故事机 笨笨狗 智能互动【充电版】+绕珠敲琴车 可可狗 智能互动【电池版】 可可狗 智能互动【充电版】 可可狗 智能互动【充电版】+声光拨浪鼓 可可狗 智能互动【充电版】+可咬手抓球 可可狗 智能互动【充电版】+投影故事机 可可狗 智能互动【充电版】+绕珠敲琴车 斑斑狗 智能遥控 7种功能【电池版】 斑斑狗 智能遥控 7种功能【充电版】 斑斑狗 智能遥控 7种功能【充电版】+声光拨浪鼓 斑斑狗 智能遥控 7种功能【充电版】+可咬手抓球&nbsp;是否有导购视频: 有&nbsp;',450,NULL,NULL,NULL,NULL,NULL,NULL,'2019-09-15 16:00:00',NULL,NULL,0,NULL),(320,'飞天小摩托222222222222222222222222222222222',123,213123,1098,NULL,'2131231','<p>222222222222222222222222222222222</p>',23,NULL,NULL,NULL,NULL,NULL,NULL,'2019-09-24 16:00:00',1,NULL,0,NULL),(321,'2322222222222222222222222222',32,222212,1098,NULL,'213','<p>21312312</p>',123,NULL,NULL,NULL,NULL,NULL,NULL,'2019-09-10 16:00:00',1,NULL,0,NULL),(325,'12121111111111111111111111111111111111111',1,1,2,NULL,'1','<p>111</p>',11,NULL,NULL,NULL,NULL,NULL,NULL,'2019-09-06 16:00:00',14,NULL,0,NULL),(326,'abcsdewwwwwwwwwwwwweeeeeeee',11,1111,1102,NULL,'12121212','<p>111</p>',11,NULL,NULL,NULL,NULL,NULL,NULL,'2019-09-12 16:00:00',-1,NULL,0,NULL),(327,'ooooooooooooooooooooooooooo',200,200,1099,NULL,'kkkkkk','<p>kkkkkkkkkkkk</p>',0,NULL,NULL,NULL,NULL,NULL,NULL,'2019-09-11 16:00:00',7,NULL,0,NULL);
/*!40000 ALTER TABLE `commodity_info` ENABLE KEYS */;
UNLOCK TABLES;

--
-- Table structure for table `commodity_small`
--

DROP TABLE IF EXISTS `commodity_small`;
/*!40101 SET @saved_cs_client     = @@character_set_client */;
/*!40101 SET character_set_client = utf8 */;
CREATE TABLE `commodity_small` (
  `commodity_small_id` int(11) NOT NULL AUTO_INCREMENT COMMENT '商品小种类编号，主键，标识列',
  `commodity_small_name` varchar(50) NOT NULL COMMENT '商品小种类名',
  `commodity_id` int(11) NOT NULL COMMENT '种类编号（外键）',
  PRIMARY KEY (`commodity_small_id`)
) ENGINE=InnoDB AUTO_INCREMENT=1104 DEFAULT CHARSET=utf8;
/*!40101 SET character_set_client = @saved_cs_client */;

--
-- Dumping data for table `commodity_small`
--

LOCK TABLES `commodity_small` WRITE;
/*!40000 ALTER TABLE `commodity_small` DISABLE KEYS */;
INSERT INTO `commodity_small` VALUES (2,'婴幼玩具',2),(3,'遥控玩具',2),(4,'积木拼插',2),(5,'童装',3),(6,'飞鹤',3),(7,'婴童内衣及配饰',3),(1098,'惠氏',1),(1099,'美赞臣',1),(1101,'飞天小摩托',2),(1102,'哈哈',4),(1103,'lllll',3);
/*!40000 ALTER TABLE `commodity_small` ENABLE KEYS */;
UNLOCK TABLES;

--
-- Table structure for table `counseling`
--

DROP TABLE IF EXISTS `counseling`;
/*!40101 SET @saved_cs_client     = @@character_set_client */;
/*!40101 SET character_set_client = utf8 */;
CREATE TABLE `counseling` (
  `id` int(11) NOT NULL AUTO_INCREMENT,
  `title` varchar(200) NOT NULL,
  `datatime` datetime NOT NULL,
  `urlImg` varchar(200) DEFAULT NULL,
  `content` varchar(2000) NOT NULL,
  PRIMARY KEY (`id`)
) ENGINE=InnoDB AUTO_INCREMENT=95 DEFAULT CHARSET=utf8;
/*!40101 SET character_set_client = @saved_cs_client */;

--
-- Dumping data for table `counseling`
--

LOCK TABLES `counseling` WRITE;
/*!40000 ALTER TABLE `counseling` DISABLE KEYS */;
INSERT INTO `counseling` VALUES (16,'产褥期卫生巾该怎么用','2019-09-19 10:19:37','content/产褥期卫生巾该怎么用/img0.jpg','\r\n	很多购买了产褥期卫生巾的产妇都很不明白，为什么产妇专用的卫生巾和普通的卫生巾看着差不多，为什么医生会一直叮嘱用产妇卫生巾？其实，虽然两者看着没有什么不一样，但产妇卫生巾会更卫生，因为是专门为产妇生产准备的，当然会经过多次的消毒，这样才能避免细菌感染。另一方面，产妇在使用专用卫生巾的时候其实也要注意一些细节才行。首先，必须要勤换。很多产妇的恶露都比较多，不用多久卫生巾就湿透了，但也有部分产妇没有排出太多的恶露，所以她们觉得时间长一点再换也没关系。其实不然，卫生巾使用时间过长会滋生细菌，不管恶露的多少，都应该勤换。此外，产妇在使用专用卫生巾的时候，还需要注意款式，因为每个人的身体情况都不一样，选择更适合自己的产妇卫生巾能更为舒适。但在选择的时候，一定要注意透气性，在使用的时候，也不可以过于贴近伤口。'),(17,'fgf','2019-09-19 10:19:38',NULL,'<p>\r\n	　恶露到底多久才能干净，是很多产妇都比较关心的问题。在这里小编要告诉大家，恶露到底多久才会干净其实和多方面的因素都有关系，比如生产的方式，比如产妇个人体质，还有产后是否有运动等。相信大家都有所了解，自然产与剖腹产的产妇恢复时间是不一样的，就连恶露排出的量、所需要的时间长短也会有所差异。剖腹产是直接开刀生产，在缝合伤口之前，医生会将腔内的血块、胎盘、胎膜等东西都一并清理掉，所以大多剖腹产产妇的恶露维持两个星期之后就干净了。而选择顺产的则需要三个星期左右的时间才能将恶露排完。正常情况下，产妇生完孩子后的3～4天之内流出的恶露是鲜红色的，随着时间的推移，恶露的颜色会变成棕红色或粉红色，大</p>'),(18,'产褥期护理要点','2019-09-19 10:19:40',NULL,'\r\n	　，好不容易把孩子生了下来，妈妈们还需要面对产褥期的一些细节护理，因为在这段时间里，如果不注意护理和，日后可能需要产后虽然悬着的心终于落下来了，但又出现很多新的问题，希望本文对您的产后恢复有所帮助。\r\n	因为生孩子需要较长的时间，很多产妇都出现了膀胱逼尿肌麻痹的现象，有一段时间排尿的感觉，会没有那么灵敏。所以建议产妇每隔一两个小时就去排尿一次，不管有没有尿意，这样可以有效防止尿潴留。\r\n	在产褥期里面，产妇是不适合进行性生活的，一般情况下，产妇需要在生完孩子六个星期后，接受产后复查，确定完全恢复之后，才可以同房。另外，产后发生性生活也需要避孕。这段时间即使没有来月经也可能会排卵，为了避免意外怀孕，避孕措施一定要做好。\r\n	女性怀孕后，有很大的可能会变胖，另外，生完孩子后，还会出现腹肌松驰腹直肌分离的现象，甚至有可能有盆底肌松弛的问题。这种情况该怎么办才好？小编的建议是产后先进行盆底肌康复，再腹壁肌肉，产后康复需要到正规去做。'),(19,'产褥期饮食要点','2019-09-19 10:19:41',NULL,'\r\n	　产褥期里产妇是否有充足的奶水和她们的饮食习惯直接相关，所以产妇不仅要注意生活中的护理细节，更要做到饮食均匀，确保身体摄入到足够多的营养。\r\n	对于产褥期的妈妈们而言，富含蛋白质的食物是最适合她们的。足够的蛋白质摄入能确保乳汁分泌量，所以妈妈们可以多吃鸡、鱼、瘦肉、动物肝、牛奶等食物。但也要注意量，吃得太多也不好，可能会影响到肝肾的功能。\r\n	生完孩子之后，妈妈们还要多吃高钙食物，因为在产褥期里面，产妇对钙的需求量十分大。同时，产妇还应该多晒太阳，这样能帮助身体更好的吸收食物中的钙。\r\n	很多产妇都有挑食的坏习惯，喜欢吃比较精细的食物，其实这样对身体并没有好处。产褥期里的产妇不仅要吃细粮还要多吃粗粮，像小米、燕麦、玉米粉、糙米等食物都应该多吃，对身体恢复有着很大的帮助。'),(20,'产褥期可以运动吗','2019-09-19 10:19:42',NULL,'\r\n	　虽然医生都建议产妇在生产后注意休息，但并不代表产妇需要长期卧床休息，产妇可以进行适当的运动。当然，适当的运动并不包括激烈运动，因为产褥期里进行激烈运动会直接影响子宫康复，可能导致子宫出血。产褥期里做运动应该以动作幅度不大的有氧运动，比如有氧舞蹈、康复体操等。刚开始的时候，运动量不可以太大，可以先从每天十分钟开始，等身体适应之后，再慢慢增加到半个小时。在运动的过程中，产妇需要及时补充水分，一般情况下，建议每隔15~20分钟喝一次水，如果出含量比较大，也可以喝一些含电解质的饮料，给身体补充所缺元素。还有一点需要注意的，那就是运动后不要立即给孩子喂奶，因为运动后产妇的身体会产生较多的乳酸，导致乳汁的质量被影响到。所以，为了孩子的而，妈妈们在运动后应该隔两三个小时再哺乳。'),(21,'坐月子能吃花菇吗','2019-09-19 10:19:44',NULL,'\r\n	　花菇是菌中之星，花菇的顶面呈现淡黑色，菇纹开暴花，白色，菇底呈淡黄色。花菇因顶面有花纹而得名。天气越冷，花菇的产量越高，质量也越好，肉厚、细嫩、鲜美，食之有爽口感。它是世界第二大食用菌，也是我国特产之一，在民间素有“山珍”之称。是一种生长在木材上的真菌。味道鲜美，香气沁人，营养丰富，素有“植物皇后”美誉，是现代来发展起来的一种食用菌新秀，是香菇在生产过程中通过控制温度、湿度、光照和通风等自然条件，人为改变香菇的正常生长发育，使菌盖形成褐白相间的花纹，因而形成花菇。花菇在生产过程中不使用农药肥料和任何激素，不受任何污染，可达到有机标准。而且，花菇中含有17种人体所必需的氨基酸，30多种酶类和丰富的香菇多糖，维生素D含量达到120个国际单位，并含有大量的香菇嘌呤碱，可降低和抑制胆固醇吸收，减少脑血管硬化。坐月子时能不能吃花菇？答案当然是肯定的了。具体还要根据各地地方风俗和个人体质来决定的。'),(22,'坐月子吃花菇的好处','2019-09-19 10:19:45',NULL,'\r\n	既然知道坐月子可以吃花菇，那么你想不想知道更多关于花菇的知识呢？下面就让我来为大家介绍一下花菇的营养价值吧，让妈妈们吃的放心，吃的开心！（1）花菇是具有高蛋白、低脂肪、多糖、多种氨基酸和多种维生素的菌类食物 。（2）花菇可以提高机体免疫功能，还可促进T淋巴细胞的产生，并提高T淋巴细胞的杀伤活性；（3）延缓衰老：花菇的水提取物对过氧化氢有清除作用，对体内的过氧化氢有一定的消除作用；（4）防癌抗癌：花菇菌盖部分含有双链结构的核糖核酸，进入人体后，会产生具有抗癌作用的干扰素；（5）降血压、降血脂、降胆固醇：花菇中含有嘌呤、胆碱、酪氨酸、氧化酶以及某些核酸物质，能起到降血压、降胆固醇、降血脂的作用，又可预防动脉硬化、肝硬化等疾病 ；（6）花菇还对糖尿病 、肺结核、传染性肝炎、神经炎等起治疗作用，又可用于消化不良、便秘等。'),(23,'如何挑选花菇','2019-09-19 10:19:47',NULL,'\r\n	购食用菌产品最好到规模较大的商场或超市购买具有一定知名度企业生产的产品，查看包装上厂名、厂址、净含量、生产日期、保质期、产品标准号、质量等级等内容是否齐备，然后通过“眼看、鼻闻、手握”三步对产品进行简单的感官检验。1、眼看：主要是看形态和色泽以及有无霉烂、虫蛀现象。花菇一般以体圆齐整，杂质含量少，菌伞肥厚，盖面平滑为好。花菇按照菌盖直径大小不同可分一、二、三和普级四个等级，其中一级品花菇的菌盖直径要在4.0厘米以上。2、鼻闻：质量好的食用菌应香气纯正自然无异味，不要购买有刺鼻气味的产品。鲜食用菌若闻着有酸味则可能变质，不宜食用。3、手握：选购干制食用菌时应选择水分含量较少的产品，若含水量过高则不仅压秤，而且不易保存。花菇若手捏菌柄有坚硬感，放开后菌伞随即膨松如故，则质量较好。'),(24,'坐月子吃花菇的饮食禁忌','2019-09-19 10:19:48',NULL,'\r\n	（1）鹌鹑肉与花菇食物相克，不宜与鹌鹑肉同食，否则可能会使人体产生血管痉挛。（2）贫血者、抵抗力低下者、患者、高血压患者、动脉硬化患者、糖尿病患者、癌症患者、肾炎患者忌食用。（3）花菇是发物， 脾胃寒湿气滞或皮肤骚痒病患者忌食。\r\n	（1）花菇+莴笋。莴笋与花菇搭配食用，有利尿通便、降血脂降血压的功效。适用于慢性肾炎、习惯性便秘、高血压病、高脂血症。（2）花菇+西兰花。二者搭配可滋补元气，润肺，化痰，改善食欲不振、身体容易疲倦等状况。（3）花菇+荸荠。荸荠性味甘寒，具有清热、化痰、消积等功效;花菇能补气益胃、滋补强身，具有降血益胃助食，有助于治疗脾胃虚弱、食欲不振或久病脾胃虚、湿热等病症。特别适合作为原发性高血压、高脂血症、冠心病 、癌症及糖尿病等病患者的辅助治疗食物。花菇味道鲜美，而且益处众多，是很多朋友的最爱，但是，在食用的时候也一定要多加注意其注意事项，如果不正确的食用花菇很可能会导致我们的生命受到威胁，所以一定要提高警惕！'),(25,'春季待产包清单：日常用品','2019-09-19 10:24:27',NULL,'\r\n	　季节不同，孕妈所要准备的待产包清单还是略显差异的。下面，来查看一下小编为您收集的春季孕妇待产包清单，希望对您有所帮助。1.手机、充电器。第一时间给亲友们报喜，平时用于与家人的联络，非常重要哦。2.数码相机、摄像机。用于记录宝宝的出生及成长过程，这样珍贵的经典时刻，以后可不会再有了。3.笔记本、笔。可以随时记录阵痛时间及宝宝出生时间、每次大小便时间等，以便于更加科学合理地护理宝宝。4.电饭煲。现在都提供微波炉。住单间的妈咪可以带一只小电饭煲，因为妈咪们需要少食多餐，三餐之间及深夜都要加餐，如果有一只小电饭煲，可以随时做些稀饭或加热汤水，甚至给奶瓶、餐具消毒都是很方便的。'),(26,'春季待产包清单：妈妈用品','2019-09-19 10:24:28',NULL,'\r\n	老辈人认为，女人坐好月子是最重要的，而产后的几天，更是重中之重，为了照顾好产后虚弱的自己，妈妈们一定要准备好下列物品。1.睡衣：3—5套。春季气候转暖、潮湿，衣服不容易干，因此多买几套以备不时之需。而且衣服要以棉质为主，透气舒适。2.哺乳内衣：3—5件。最好临产时买，而且建议买比当时的尺码再大一点的。3.拖鞋：1—2双。选择鞋底柔软、防滑的拖鞋；初春的晚上气候还会偏凉，还要准备一双薄棉家居鞋，保暖舒适。如果有亲人陪床，最好准备双人份，晚上起来照顾宝宝时穿也非常方便。4.毛巾：4—6块。主要用于妈妈自身的清洁，可分别用于擦身、清洁、清洗下身、擦脚等。建议毛巾尽量不要混用，最好是不同花色的，分别用于不同的用途；还要请照顾自己的人每天用开水给毛巾消毒。产后身体不比平时，容易感染细菌，护理时应该更加谨慎。5.内裤：4—6条。产后恶露多，需要随时更换，旧的内裤也可以，但最好多带几条。6.吸奶器：1个。对于剖腹产或者奶水不多的妈妈来说，如果想要顺利进行母乳喂养，除了可以让护士帮忙按摩之外，吸奶器也可以帮助妈妈吸出更多奶水。7.产妇卫生巾：2—4包。不管是剖宫产还是顺产的妈妈，下床以后就要用到卫生巾了。最好准备夜用加长型的卫生巾，现在市面上也有卖产妇专用的卫生巾，妈妈们可以根据据自己的情况进行选择。8.餐具。民以食为天，妈妈们更是要吃好喝好，争取早日恢复。水杯要准备一个可弯曲的长吸管，产后不能起身时，可用吸管、喝汤，很方便9.妈妈。可提前准备好红糖、巧克力等食品。巧克力可用于生产时增加体力，红糖是产后补血之用。10.洗漱用品：1套。牙具、梳子、小镜子、护肤霜、洗浴用品等。11.出院衣物：1套。春天生产的妈妈除了要准备一套衣服，还要准备一双防滑鞋、雨具，以免碰上下雨。'),(27,'春季待产包清单：宝宝用品','2019-09-19 10:24:30',NULL,'\r\n	1.纸尿裤：一包。对于刚刚生完宝宝的妈妈来说，使用纸尿裤会比较方便，碰巧在多雨的春季，尿布潮湿不干容易滋生细菌。2.口水巾：5条。多多益善，宝宝溢奶用得着。3.新生儿衣服：带肚衣2—4件。婴童连体衣2～4件，春秋款。小外套2件，宝宝外出穿。包被2条，外出时包裹宝宝用。4.脚套：脚套3—6对，防抓手套2对。5.帽子：薄帽子2个，外出时戴。6.毛巾被：2条，宝宝时用。7.奶瓶：2个。可以准备大小不一样的，最好选择容易清洗的宽口玻璃奶瓶。8.奶嘴：4个。小号、十字开口。9.奶瓶刷：1个。用于清洁奶瓶和奶嘴。10.婴儿护臀膏：1瓶，可以红屁股。11.婴儿专用浴盆：1个。给宝宝洗澡用，避免交叉使用造成细菌感染。12.洗澡带：1个。让宝宝躺在水中而不至于被水呛到。13.婴儿专用洗发沐浴露：1瓶。春季细菌病毒滋生，宝宝的卫生清洁要做好，避免感染。14.婴儿专用洗衣液：1瓶。宝宝的自身抵抗力弱，所以衣物要保持清洁卫生，同时要舒适柔软，不能越洗越粗糙，以免伤到宝宝肌肤。15.湿纸巾：婴儿专用，湿巾可以用于宝宝日常的清洁，如清洁鼻口和小屁屁。16.指甲钳：婴儿专用，新生儿新陈代谢快，指甲很快就长出来了。要是不剪指甲，他们很容易在不经意间把自己抓伤。婴儿专用的指甲钳小巧而且不会太锋利，可以避免剪到宝宝的手指。'),(28,'准备春季季待产包注意事项','2019-09-19 10:24:31',NULL,'\r\n	春季的气候多变、雨量多、昼夜温差大，因此不要忽略了保暖，但不要捂热，衣物还是选透气的为主。另外，春季是病毒、细菌最容易滋生的季节，也是呼吸道、消化系统疾病的高发期，春季待产包应该放感冒药、止泻药等药品等。'),(29,'一周岁宝宝如何断母乳','2019-09-19 10:24:34','content/一周岁宝宝如何断母乳/img0.jpg','\r\n	看着宝宝小生命一天一天地长大，从吃手手，到爬，在会走，会跑，这时候妈妈要面临宝宝会发生的问题就变得越来越多。新妈妈们开始头疼的事情就是周岁宝宝怎么断母乳？如何才能让宝宝断奶，这应该就是每一个妈妈都会面临的问题，那么怎么才能科学地不强制性给宝宝断奶？我们快来看看吧。首先断奶的时期很重要，如果天气太冷或者太热都是不适合宝宝断奶的，因为太热太冷，宝宝会自我感觉不舒服，加上断奶就会给宝宝带来心理上的抗拒，因此最佳的断奶时期就应该是春或者秋季。可以尝试着从白天让宝宝减少母乳的次数，然后给他喜欢吃的水果、零食或者其他的，降低宝宝对母乳的依赖程度。还可以将宝宝晚上喝奶的时间向后推，也就是原本宝宝一晚上要吃三、四次奶，就可以渐渐变成吃两餐，然后变成吃一餐，也是有助于宝宝断奶。'),(30,'打无痛分娩针多久能生','2019-09-19 10:24:38','content/打无痛分娩针多久能生/img0.jpg','\r\n	是不是打了无痛分娩针就可以马上生了？这个就要看你选择的和同一时间分娩的孕妇有多少、医院的人手安排如何才能确定？一般来说，打无痛分娩针多久能生呢？1、一般来说，开三指就可以生了。但是每个人开三指的速度不一定一样，但通常都是几个小时就可以了。2、体质较虚弱的产妇，特殊情况可能会一天一夜。这个情况可能需要拔出来1个小时，再插进去会比较快一点。这是这个有可能会造成轻微的感染。3、医院医护人员不足或者同一天内太多产妇，打了也不能马上生，只能是等医院的安排。或者转到其他医院，但是这个也是存在风险的，毕竟新的医院新的医生对你的病情不了解，哪怕现在是全省医疗系统病史档案电子化和信息互通，但看了也是需要进行几个小时的研究讨论才能进行手术的。'),(31,'无痛分娩真的不会痛吗','2019-09-19 10:24:39',NULL,'\r\n	　打了无痛分娩针真的不会痛？这个就跟你打了之后多久能生有关了。所以无痛分娩真的不会痛吗？1、开三指几个小时内打的话，基本感觉不到痛。但是并不是一针就直至分娩都不痛，一阵只能维持大概1个半小时左右。但是这个世界是完全没有任何东西是可以让一个活人具有知觉的人感觉到不痛的，除非你是植物人或者是没有生命体征的人，所以就算打了还是会有轻微的感觉的，所以不用过于神话这个无痛分娩。2、打针后三指不开或者是开得很慢，过了药效，依然会很痛。这个可以根据自己的经济条件，到时候再看是否再打，如果不打就会很痛。3、打分娩针后遇到分娩不顺利，手术时间增加或者是不适宜再打针，也是需要自己咬牙坚持阵痛的。跟顺产的阵痛是一样的，而且会更加强烈，因为我们的尾龙骨已经收到伤害，这时骨盘又需要用力分娩，自然会更痛。'),(32,'6岁宝宝身高体重是多少标准','2019-09-19 10:29:02',NULL,'\r\n	　体重14.74-32.57kg，身高104.1-132.1cm；女孩体重14.11-30.94kg，身高103.2-130.8cm。注：以上数据根据卫生部《中国7岁以下儿童生长发育参照标准》整理而成。'),(33,'6岁宝宝发育指标详解','2019-09-19 10:29:03',NULL,'\r\n	牙齿：6岁左右，在最后1只乳牙的后面、上、下、左、右共长出4个大牙，叫做第一恒，又叫六龄齿，这是最先长出的恒齿。手指：现在宝宝可以学写字了，开始写的字很大，大小不一、歪七扭八。这时要教他正确的书写姿势，多鼓励少强迫。运动：身体平衡及控制有改善，但仍有轻度的手脚不灵活，粗心及不安静。语言：有2500字的词汇；能读简单的句子并能拼出字。认知：课堂注意力集中时间短;长时间坐有困难。下肢：能很好地控制身体，下肢灵活，运动也较以前更为剧烈，但已不太容易摔跤。能在一条直线上走、单足跳、跳绳、跳舞等。社交：喜欢别人读或讲故事给他听；喜欢看电视。情感接受着周围世界的知识，对接触到的具体物体进行感受、思维、以至接受，内心世界也越来越复杂，更加敏感，自尊心也更强了。'),(34,'6岁宝宝发育营养建议','2019-09-19 10:29:04',NULL,'\r\n	1、要补充孩子智力发育的营养，多吃胡萝卜、生姜水、黄豆、核桃、洋葱、花生和小米，能提高孩子的创造能力，让孩子更聪明。2、含铅高的食物会谋杀孩子的智力，如油炸食物，油条、煎饼、甜甜圈、粉丝、凉粉等，厨具不要使用铝锅、铝壶。'),(35,'6岁宝宝护理要点','2019-09-19 10:29:06',NULL,'\r\n	　此时宝宝能很好地控制身体，手脚灵活，运动也较以前更为剧烈，但已不太容易摔跤。能在一条直线上走、单足跳、跳绳、跳舞等，这时的宝宝喜欢蹦蹦跳跳，可能学会一些舞步，特别是小女孩会很喜欢跳舞。妈妈们也要及时留意宝宝的一举一动，做好护理工作，防止宝宝出现损伤。\r\n	学龄前儿童睡眠时间应为11小时以上。儿童正在长身体的时候，睡眠时间要适当，既不能过多睡懒觉，又不能缺觉太多，两者都是有碍儿童的。还有部分儿童入睡前需要双亲的拥抱、抚摸以及玩具、枕头和音乐等的帮助，如不能满足要求，其则表现出入睡困难、兴奋甚至哭闹，这些都会影响到宝宝的睡眠质量。\r\n	六龄牙是里最早萌发的恒牙，因为它在六岁左右生长，故称六龄牙。口腔内陆续长出的恒牙都根据六龄牙的位置排列，牙齿的咬合度也是以此为准。所以，六龄牙对宝宝保持上下牙弓间的咬合关系，维持面部下三分之一部位的端正，起着重要作用。此外，六龄牙又是牙列中的中坚力量”，它牙冠最大，咀嚼面最大，牙根也长得特别结实，是人们咀嚼食物发挥作用最大的牙齿，也是担负咀嚼压力最大的牙齿，据测定，一个强壮的或六龄牙的咬合力分别能达到八十公斤和五十公斤。\r\n	宝宝渐渐养成夏季天天洗澡的习惯，一部分是因为需要清洁，更大的意义则是让宝宝养成爱清洁、讲卫生、有规律的生活习惯。夏令时节，如果有条件的话，早晨起床后、白天午睡后、晚上临睡前，每天可以给宝宝沐浴3次，每次10分钟左右。这种有规律的清洁的生活习惯，对宝宝的健康成长和今后耐心的培养、意志力的养成来说，都是有重要作用的。'),(36,'3岁宝宝身高体重是多少？','2019-09-19 10:29:07',NULL,'男童体重10.61-20.64kg，身高86.3-109.4cm;女童体重10.23-20.10kg，身高85.4-108.1cm。注：以上数据根据卫生部《中国7岁以下儿童生长发育参照标准》整理而成。\r\n	　宝宝已经能发绝大多数音。可以做向上纵跳、立定跳远的动作。'),(37,'宝宝3岁发育指标详解','2019-09-19 10:29:09',NULL,'\r\n	　身体：3岁以后，孩子进入医学上所谓的幼儿期，发育趋于缓慢。牙齿：此时要注意龋齿，睡前不吃东西，吃甜食后漱口。语言：3岁的宝宝，基本上掌握了母语口语的表达。不过还是要结合此时此刻的情景，并辅以手势、表情，才能够表达出比较完整的意思，才可能让成人理解宝宝的思想。运动：宝宝会走、跑、跳、站、蹲、坐、摸、爬、滚、登高、跳下、越过障碍物。并且会拍球、抓球和滚球，能接住2米远抛来的球。集中点儿注意力的话还能踮着脚尖站或单脚站一秒钟以上。下肢：能动作协调地跑步;可做向上纵跳、立定跳远的动作。独立性：可以尝试让孩子与母亲分室睡。社交：讲道理、多表扬对反抗期的孩子是有效的。'),(38,'能促进3岁宝宝发育的运动','2019-09-19 10:29:10',NULL,'\r\n	散步的过程中，可以走路、快跑、慢跑和大踏步前进交替进行。一边走一边玩找东西的观察游戏，或收集羽毛和树叶来玩。还可以在家里抱着乐器或举着旗子，带孩子像阅兵一样正步走。\r\n	　带上孩子的沙滩玩具，他的操作能力。\r\n	小水池、花园里的洒水装置或浇花用的软水管都能促动孩子去戏水、奔跑和触摸水。只是孩子玩水的时候，你一定要在旁边看管。\r\n	　用靠垫、纸盒子、玩具或其他东西做障碍，让孩子绕着跑或从上面爬过去。\r\n	子都喜欢动物。问问宝宝：“你能学小鸡走路吗?能像大马那样跳吗?小狗怎么跑?”或者鼓励孩子学飞机的样子在院子里“飞行”，或在房间里“划船”。\r\n	　例如“木头人”游戏等。\r\n	　包含踢、扔和接等动作的游戏是非常好的锻炼，不过，在宝宝这么大时，尽量不要把规则定得太复杂。\r\n	让孩子听不同类型的音乐，演奏乐器也能促进孩子的身体发育。或者边听音乐，边做动作，很多熟悉的歌曲或儿歌是通过手指游戏来强化精细动作技能的，比如《织织织织，小蜘蛛》。\r\n	让孩子假装走钢丝或海盗船上的木板，锻炼平衡能力。\r\n	\r\n	　一切用的着水和泡沫的东西都非常好玩。把泡泡吹向空中，让孩子去抓。\r\n	这些对你的孩子来说都会新鲜有趣，比如“骑竹马”、“丢手绢”、“丢沙包”等等。\r\n	利用手指偶、袜子或玩具，和孩子一起蹲在桌子后面演。帮孩子用粗粉笔在空地上画个房子，用小棍在地上或面粉里写数字等等。'),(39,'3岁宝宝吃什么好','2019-09-19 10:29:12',NULL,'\r\n	1、2岁12个月的宝宝运动量会大增，妈妈要注意肉类蛋白质的补充，鸡肉、鱼肉、的营养价值很高，营养丰富，正餐还要多谷类，除了米饭、面条外，可以给宝宝吃带馅的包子和饺子，云吞等，让宝宝补充能量的同时，也可以享受多样的食物。2、依然要避免油炸的食物和刺激性的食物，以免影响宝宝的正常发育和消化系统。'),(40,'夏季宝宝食谱大全','2019-09-19 10:30:09','content/夏季宝宝食谱大全/img0.jpg','\r\n	炎炎夏日，宝宝的胃口或多或少都有所下降，变得不愿意吃饭了，这是让家长为之头疼的一件事。那么，夏季宝宝食谱大全有哪些呢？\r\n	材料：豆腐1块（约100克），嫩豆角50克，西红柿50克，木耳15克，花椒、香油、植物油、味精、盐、葱末各适量。\r\n	1、将豆腐、嫩豆角、西红柿、木耳洗净后，均切成丁。2、锅置火上，加水烧开，将豆腐、嫩豆角、西红柿、木耳分别灼烫熟（西红柿略烫一下即可），捞出沥干水分，装盘待用。3、炒锅烧热，放入适量植物油，把花椒下锅，炝出香味，再将西红柿、葱末、盐、味精放入锅内，翻炒一下，然后倒在烫过的豆腐、嫩豆角、木耳上，淋上香油，搅拌均匀即可。：此道菜肴具有生津止渴、健脾消暑、解毒化湿之功效，尤为适合婴幼儿在夏季食用。\r\n	材料：新鲜绿豆芽500克，花椒3~4粒，植物油、白醋、盐、味精各适量。\r\n	1、绿豆芽洗净后，沥干水分待用。2、油锅烧热，放入花椒，烹出香味后，放入绿豆芽爆炒几下，倒入白醋继续翻炒3~4分钟，放入食盐、味精，再翻炒几下即可出锅。功效：此道菜肴具有清热解毒、疮疡的功效，适用于火气旺盛的宝宝食用。'),(41,'夏季宝宝营养食谱','2019-09-19 10:30:11',NULL,'\r\n	夏季天气炎热，难免让人失去食欲，连小宝宝也不例外，变得不愿意进食了，这是让家长非常头疼的一件事。此时，家长可要多花心思，给宝宝制作一些既清爽又营养的菜肴，帮宝宝开开胃，以利于补充营养。那么，夏季宝宝营养食谱有哪些呢？\r\n	材料：豆皮2张，植物油、盐、葱、味精各适量。\r\n	1、豆皮洗净切丝，葱洗净切丝。2、油锅烧至六成热时，葱丝下锅，烹出香味后，将豆皮丝下锅翻炒，随后加入盐，翻炒3~4分钟后，加入味精，淋上香油，搅拌均匀即可出锅。功效：此道菜肴具有补虚、止汗的功效，适合夏季多汗、自汗的宝宝食用。\r\n	材料：苦瓜100克，菊花50克，粳米60克，冰糖10克。\r\n	1、将苦瓜洗净去瓤，切成小块，沥干水分后待用。2、粳米洗净，菊花漂洗，二者一同放入锅内，倒入适量的清水，置于大火上，待水煮沸后，将苦瓜、冰糖放入锅中，改为小火继续煮至粳米开花时即可。功效：此道粥品具有消暑降火、止痢解毒的功效，适用于中暑烦渴、痢疾等症。'),(42,'夏季宝宝清凉食谱','2019-09-19 10:30:12',NULL,'\r\n	夏季天气炎热，宝宝食欲不振，此时需要吃一些具有清热解暑功效的菜肴来提升食欲。那么，夏季宝宝清凉食谱有哪些呢？\r\n	材料：冬瓜250克，新鲜荷叶2张，粳米60克。\r\n	1、荷叶洗净后，剪成碎片，锅置火上，加水煎成500毫升作用的汤水，过滤取出汤水待用。2、冬瓜洗净，连皮切成小块，加入荷叶汤水、淘洗干净的粳米，煮成稀粥，加适合白糖调味即可。功效：此道粥品具有清热解暑、生津止渴、利尿消肿的功效。值得注意的是，脾胃虚弱、阳气不足、阴虚消瘦的宝宝，不宜食用此道粥品。\r\n	材料：粳米60克，绿豆100克，因而30克，白糖、山楂糕各适量。\r\n	1、将绿豆用清水浸泡4小时；银耳用凉水浸泡2小时，去除硬蒂，掰成小朵；山楂糕切成小丁；粳米淘洗干净。2、锅置火上，加入适量的清水，放入粳米、绿豆、银耳，用大火煮沸后，改用小火煮至绿豆、粳米开花，粥粘稠。3、食用时，将粥盛入碗中，加白糖、山楂糕丁即可。功效：此道粥品富含多种营养成分，如维生素、蛋白质、粗纤维、钙、铁、磷等，具有祛热解暑、利尿消肿、益气和血、滋阴降火的功效，是宝宝夏季的一种理想。'),(43,'夏季宝宝开胃食谱','2019-09-19 10:30:14',NULL,'\r\n	　夏日炎炎，宝宝食欲下降变得不爱吃饭，这时部分宝宝甚至会出现偏食、厌食的现象。因此，家长给宝宝安排饮食时，应注意饮食的营养均衡搭配，以开胃、清淡的菜肴为主。那么，夏季宝宝开胃食谱有哪些？\r\n	材料：豆腐50克，青菜叶10克，熟1个，淀粉10克，盐、葱姜水各适量。\r\n	1、豆腐洗净，放到沸水中稍煮一下，然后捞出放到碗内研碎；青菜叶洗净，用沸水灼烫一下，切碎后也放到碗内，加入淀粉、盐和姜葱水搅拌均匀。2、把蛋黄研碎撒一层在豆腐泥表面，放入蒸锅内用火蒸10分钟即可。3、菜的口味不宜过咸，以利于宝宝食用。营养价值：此道菜肴含有丰富的蛋白质、脂肪、碳水化合物、钙、铁、磷等营养物质。豆腐柔软、易于吸收消化，而富含钙、铁、磷等矿物质，非常适合宝宝在夏季时食用。\r\n	材料：胡萝卜、苹果、菠萝、芹菜、黄瓜各30克，牛奶100克。\r\n	　1、苹果、胡萝卜洗净后，去皮，切成小块；芹菜、黄瓜洗净后，切成小段；菠萝洗净后，切成小片状。2、将处理好的蔬果放入搅拌机，加入牛奶、水，利用搅拌机打匀，即可饮用。营养价值：这款果蔬汁含有丰富的维生素C、胡萝卜素以及钙、铁、锌等宝宝生长发育必不可少的营养物质，宝宝经常饮用，既能补充营养，又可以防止的发生。'),(44,'夏季宝宝降火食谱','2019-09-19 10:30:15',NULL,'\r\n	炎热的夏季，常常让宝宝感到不适，稍不注意就会上火。宝宝一旦上火，就会吃不好睡不安，影响正常的生长发育，所以家长要及时给宝宝降降火。而饮食调理是给宝宝降火的一个举措。那么，夏季宝宝降火食谱有哪些呢？\r\n	材料：苦瓜100克，菊花50克，粳米60克，冰糖10克。\r\n	1、将苦瓜洗净去瓤，切成小块，沥干水分后待用。2、粳米洗净，菊花漂洗，二者一同放入锅内，倒入适量的清水，置于大火上，待水煮沸后，将苦瓜、冰糖放入锅中，改为小火继续煮至粳米开花时即可。功效：此道粥品具有消暑降火、止痢解毒的功效，适用于中暑烦渴、痢疾等症。\r\n	材料：粳米60克，绿豆100克，因而30克，白糖、山楂糕各适量。\r\n	1、将绿豆用清水浸泡4小时；银耳用凉水浸泡2小时，去除硬蒂，掰成小朵；山楂糕切成小丁；粳米淘洗干净。2、锅置火上，加入适量的清水，放入粳米、绿豆、银耳，用大火煮沸后，改用小火煮至绿豆、粳米开花，粥粘稠。3、食用时，将粥盛入碗中，加白糖、山楂糕丁即可。功效：此道粥品具有祛热解暑、利尿消肿、益气和血、滋阴降火的功效，是宝宝夏季的一种理想的降火食品。'),(45,'夏季宝宝饮食注意事项','2019-09-19 10:30:16',NULL,'\r\n	夏季天气炎热，宝宝的食欲会有所下降，夏季同时也是宝宝胃肠的脆弱期，稍不注意，就容易引起、等。那么，夏季宝宝饮食注意事项有哪些呢？1、食用熟食要小心。由于夏季蚊蝇较多，细菌容易滋生，所以给宝宝食用熟食时一定要加倍小心，一定要经过高温处理再给宝宝食用。2、不宜给宝宝吃剩饭剩菜。夏季气温炎热，剩饭剩饭如果处理不好，就容易滋生细菌、变质，因此，最好不要给宝宝吃剩饭剩菜，尽量做到现吃现做。3、从冰箱拿出来的饭菜一定要经过充分加热后之后再给宝宝食用；从冰箱拿出来的瓜果、酸奶等，要在室温下放置一段时间再给宝宝食用，否则会使体内胃肠道的温度突然下降，毛细血管骤然收缩，从而容易诱发腹痛、腹泻等症状。4、凉拌蔬菜一定要清洗干净。夏季炎热，宝宝食欲不振，此时家长一般都会给他制作凉拌菜，以利于提升食欲。给宝宝制作凉拌菜时，由于没有经过高温加热烹调这个步骤，因此蔬菜的清洗就显得尤为重要。一旦宝宝吃下不洁的食物，就容易引起腹痛、腹泻等症状。'),(46,'宝宝能不能吃螃蟹','2019-09-19 10:30:18',NULL,'\r\n	宝宝可以吃螃蟹吗？建议宝妈们要在1周岁之后才给宝宝尝试螃蟹哦，这是因为螃蟹富含容易致敏的大量高蛋白，由于宝宝的消化功能不完善，容易引发肠胃不适，更易引起急性的发生。另外，还可引起顽固性皮炎和的复发。宝宝的体质毕竟不如成人，可以吃点蟹黄或者蟹肉，但量也不宜多，根据每个宝宝的不同来确定吃的量，要以宝宝没有感觉不适为原则。螃蟹、虾等海鲜中含有丰富的蛋白质，有病的宝宝吃后更容易产生，这一点宝妈们可得注意！如果宝宝吃螃蟹等海鲜过敏，应及时到查看过敏原，采取正确的脱敏。'),(47,'哪些宝宝不宜吃螃蟹','2019-09-19 10:30:19',NULL,'\r\n	　一周岁之后的宝宝是可以适量吃一些螃蟹，但还要根据宝宝的身体情况判断。有些宝宝的体质就不适合吃美味的螃蟹。\r\n	宝妈们应该都知道，螃蟹属于凉性，吃多容易加重肠胃负担。如果宝宝有腹泻、的症状，更应该避免吃蟹。\r\n	如果宝宝患有感冒、发热、腹泻、慢性胃炎、十二指肠溃疡、胆囊炎，也最好不要吃螃蟹，若吃了螃蟹，会使病情加剧。\r\n	螃蟹属于异性蛋白类食物，容易引起肠胃问题和过敏。宝宝在一岁之后，各项身体机能都有了明显的发育，身体状况会稳定一些，免疫力增强，过敏的几率也会适当降低许多，这时候再吃螃蟹，也就比较不容易过敏啦。'),(48,'怎样正确挑选螃蟹','2019-09-19 10:30:21',NULL,'\r\n	　挑螃蟹是个技术活，想要得到吃螃蟹的绝佳体验，做好第一步很关键，螃蟹应该怎么挑！下面一起来了解怎么挑螃蟹吧。\r\n	蟹壳的色泽能直接反映蟹的质量。大多数人以为蟹壳黄，就说明蟹肥美、好吃。恰恰相反，这是蟹瘦弱、肉少的标志。真正的肥蟹的蟹壳是黑绿透亮的，证明有活力。\r\n	别看螃蟹蟹腿的绒毛觉得恶心。这正是一只蟹发育成熟、老健的象征。若蟹腿无绒毛，则是体弱无力，肉质不美的标志。\r\n	把蟹翻转过来，观察肚脐，如果肚脐突出的，就说明蟹膏肥满。反之，肚脐不明显或者凹进去，则说明螃蟹膘体不足，肉质不多。\r\n	俗话说得好，九月团脐，十月尖。在农历八九月之前吃母蟹，可以吃其蟹黄。而九月之后就要挑选公蟹，可以吃其蟹膏。因为公母蟹分别在这两个时间段性腺成熟，滋味和营养都极好。\r\n	在蒸螃蟹的时候一定要注意，千万要把螃蟹蒸熟蒸透！这是因为生鲜螃蟹往往带有肺吸虫的囊蚴和副溶血性弧菌，如果不进行高温消毒，肺吸虫进入人体后可造成肺脏损伤，如果副溶血性弧菌大量侵入人体会发生感染性中毒，表现出肠道发炎、水肿及充血等症状，因此，吃蟹一定要蒸熟煮透，一般开锅后再加热30分钟以上才能起到消毒作用，建议宝妈们也不要贪鲜，吃生蟹、醉蟹哦。'),(49,'宝宝一周岁必须断奶吗?','2019-09-19 10:30:54',NULL,'\r\n	很多妈妈都在感叹，时间过的十分地快，自己刚刚生下的宝宝随着时间的推移，现在还有几天就快到一周岁了。而妈妈给宝宝喂养母乳也快到一年了，很多妈妈都会听到其他人说让宝宝断奶。但是究竟宝宝到了一周岁的时候真的必须断奶吗？相信很多妈妈都有这样的疑问，现在就快来看看吧。通常来说，断奶是指给宝宝断掉母乳，而不是说不让宝宝喝任何奶制品或者奶。而其实断奶是每个宝宝在成长过程中必经的阶段。医生都会建议在宝宝出生之后的四个月到六个月的时间内，就可以给宝宝添加或多或少的辅食。其实辅食的作用就是给未来的某一天宝宝需要断奶而打基础的，让宝宝可以学会咀嚼、学会吞咽食物，并且令宝宝可以对母乳以外的食物感兴趣，这也就是给宝宝断奶前需要做的工作。但是实际上断奶的时间是需要根据宝宝自身的情况而定的。理论上，宝宝到了一周岁的时候，是已经可以吃固体的食物，并且可以吃除母乳之外的奶以及奶制品，并且不排斥，而妈妈分泌的母乳也逐渐减少，这个时候就是妈妈给宝宝断奶的最佳时间。'),(50,'宝宝断奶要点有哪些','2019-09-19 10:30:56',NULL,'\r\n	很多妈妈在到了宝宝一周岁的时候，都会想着如何给宝宝断奶。但是看着宝宝对母乳还是十分依赖的样子，让不少的妈妈们都十分地头疼。那么究竟在宝宝断奶的时候有什么是需要注意的呢？下面就给大家介绍一下关于宝宝断奶的注意事项。\r\n	夏天天气十分炎热，而且温度很高，宝宝的肠道消化功能就会有所降低。而此时如果给宝宝断奶，宝宝需要吃入较多的辅食，就容易引起自身肠道问题，消化不良，甚至出现拉肚子等的情况。所以一般来说，给宝宝断奶最好是在春季或者秋季的时间比较好。\r\n	宝宝患病的阶段，身体内的免疫力就会降低，自身的消化功能也不好，身体处于一种十分虚弱的状态。如果妈妈在这时候选择给宝宝断奶，就可能会导致宝宝的疾病恢复缓慢，还可能加重宝宝的病情。'),(51,'宝宝断奶后吃什么','2019-09-19 10:30:58',NULL,'\r\n	宝宝断奶之后可以吃什么？相信很多即将要让自己家的宝宝断奶的妈妈们都有这样的疑问，以前宝宝经常喝母乳不用担心，但是现在要让宝宝断掉母乳，又担心宝宝断母乳之后吃的食物对宝宝不好会导致什么不利的影响。究竟宝宝断奶之后可以吃什么？我们快来看看吧。\r\n	宝宝处于一周岁的时候，咀嚼能力以及自身的消化能力都有待提升，而这个时候，如果食用难以消化的食物就很容易导致宝宝。所以，妈妈可以给宝宝吃一些较软的、容易消化的食物，有助于宝宝的成长。\r\n	饮用牛奶有助于宝宝自身的消化，而且牛奶中还富含营养，也可以为宝宝成长发育提供相应的各种营养元素。'),(52,'3个月宝宝奶粉喂养量','2019-09-19 10:30:59',NULL,'\r\n	3个月宝宝正是喂养奶粉的时候。这个时候，很多年轻的宝妈没经验，不知道喂多少好，喂多了宝宝会吐。那么，3个月宝宝奶粉喂养量应该是多少呢？三个月的婴儿喂奶量每天约800毫升，分成5-6次，每次约150毫升。晚上喂食比白天略长，有必要有意识地延长时间间隔，这样宝宝可以渐渐养成晚上不吃东西的习惯。您可以在婴儿两个喂食间添加一些温开水，或者添加一些糖，帮助婴儿消化吸收。另外，不要太早补充辅食，过早补充，宝宝会因消化功能尚不成熟而出现呕吐和的状况。'),(53,'4个月宝宝奶粉喂养量','2019-09-19 10:31:01',NULL,'\r\n	4个月宝宝奶粉喂养量应该是多少？下面来给大家介绍一下。该月龄宝宝的正常胃容量为120-180ml，母乳排空时间为2-3小时，奶粉排空时间为3-4小时。每天应饮用的牛奶量不少于800ml，但宝宝也有个体差异。如果宝宝喝奶少了，可能是上火引起的，一定要给宝宝多一点保湿，可以给宝宝少许果汁。还有一些婴儿在四月至六月期间厌食，孩子正常发育，但牛奶的数量暂时减少，通常恢复需要约1个月。如果宝宝觉得他/她没有喂食，不要增加奶量，应该给他补充一点。在两次喂奶之间添加辅食，可以是米粉。宝宝胃肠功能调整后，慢慢加入其他补充食物。'),(54,'8个月宝宝奶粉喂养量','2019-09-19 10:31:02',NULL,'\r\n	　8个月宝宝奶粉喂养量应该是多少呢？下面来带大家了解一下。喂养7-8个月宝宝开始增加半固体代乳品，在每天不少于500毫升牛奶的前提下，将牛奶量减少两倍，并用替代品代替牛奶。8-9个月的宝宝继续增加奶粉替代品，这时宝宝可以尝试各种辅食，但每日喂奶量仍要维持在500-600毫升之间。喂食奶粉传统的计算方法是基于孩子的体重。一般来说，每千克体重每天需要100至120毫升牛奶。具体而言，应提及奶粉的配方。计算总金额后，将其平均分为5至6次给予。但每个孩子的需求是不同的，个体差异也更大。但是，每日总量不应超过1000毫升。如果总量未达到100毫升，则意味着补充或辅助食品的添加量不够。'),(55,'奶粉喂养宝宝每天喝多少水','2019-09-19 10:31:04',NULL,'\r\n	　牛奶很容易上火，所以喂婴儿奶时需要一定量的开水；纯母乳喂养不需要水，因为80%的母乳是水。那么，喂养的宝宝每天要喝多少水呢？1.纯牛奶喂婴儿每天喝150ml水，这取决于宝宝的个人情况，但一般必须在两次喂奶之间喂食。0-4个月的宝宝每日需要110-120ml，3-4小时喂一次，如果奶量过多或间隔太短，容易导致消化不良，建议在两餐之间喝适量的水帮助消化。水的总量约为150毫升，在两次喂奶之间是合适的。当冲奶时，注意不要太调和粉末的浓度，这样宝宝容易，如果宝宝很想吃，可以补充一些水，但不要太多，否则容易造成肾脏负担。2.混合喂养的宝宝应该饮用人工喂养和混合喂养，婴儿每日牛奶摄入量1/4〜1/3。在两次喂养之间，可以添加替代品，占牛奶量的四分之一至三分之一。夏季增加饮水量，感冒、发烧和呕吐或腹泻脱水时，更应该是频繁补水，要用开水，水果和果汁不能代替水。3.婴儿配方奶粉需要在两次喂养之间喂食一次，但喂水量不能超过每次喂奶量。喂宝宝时一定不要快速喂，以免影响奶量，影响增长。在饭前和睡前喂宝宝是不合适的，饭前喝水会使胃液稀释，不利于食物消化，饮酒胃胀也会影响宝宝的食欲。另外，睡前不宜喂宝宝，年幼的婴儿在睡觉后不能完全控制排尿。如果他们在睡前喝太多水，很容易出现遗尿症。即使你没有遗尿，每晚多次小便也会影响睡眠，所以妈妈们不要在睡前2小时内给宝宝喂食。如果有必要，尝试控制水量。'),(58,'怀双胞胎多久能查出来','2019-09-19 10:31:53',NULL,'\r\n	　有些准麻麻在怀孕早期发现自己的妊娠反应特别严重，恶心呕吐那个难受啊，整个胃都翻云覆雨的，可折腾了。身边就会有人说是不是怀了双胞胎啊？准麻麻就开始疑惑了，妊娠反应严重是怀双胞胎的症状之一，但是不见得百分百正确，那么怀双胞胎多久能查出来？准妈妈什么时候可以知道呢？一般说来，准妈妈在怀孕45天以后做B超可以检测出来是否怀的双胞胎。B超检查可早在妊娠7-8周可见两个妊娠囊，13周后可清楚显示两个胎头光环，并可见到各自相应的脊柱、躯干、肢体等。在胎儿的发育过程中，准麻麻体内出现产生大量的HCG（人绒毛膜促性腺激素）。怀双胞胎准麻麻的HCG（人绒毛膜促性腺激素）值，要比怀单胞胎准麻麻的高很多。怀双胞胎的准麻麻腹部，比怀单胞胎准麻麻腹部更大，且增速明显。怀双胞胎的初期症状中，准麻麻在怀孕4个月后，这个腹部增大更明显。准妈妈在怀孕之后要多加注意，定期检查检查不仅是对胎儿负责，更是对自己的负责。'),(59,'怀双胞胎注意事项','2019-09-19 10:31:55',NULL,'\r\n	双胎妊娠对母体是个极大的考验。在双胎妊娠时，母亲与胎儿在好娠期与分娩期较单胎妊娠易发生，尤其是营养较难跟上，这就要求孕妇注意休息，加强营养，主要是蛋白质等人体所必需的营养素要及时补充，以减少日后的麻烦。\r\n	双胎妊娠时易患妊娠高血压综合征，表现为不明原因的高血压、水肿、蛋白尿，严重者可引发子痫抽搐，严重危害孕（产）妇及的生命安全。怀有双胎的妇女除了注意休息外，每天的睡眠时间应不少于10小时，睡眠以左侧卧位为宜，还要多去医院作产前检查，以便及早发现病情，早期治疗。\r\n	由于有两个胎儿同肘在子宫内发育成长，会使子宫过度膨胀，子宫难以拉长到适应双胎过大生长的程度。因此，双胎妊娠早产较为常见，尤其是在不注意休息时。因此，注意休息是避免早产的主要措施。\r\n	孕妇一般都有生理性贫血，在双胎妊娠时更为突出，这主要是铁质缺乏，或是蛋白质不够。含铁较多的动物性食物如猪肝和其他动物内脏，蔬菜中的白菜、芹菜等可多食。但不要多吃菠菜，因为菠菜中的鞣质会妨碍铁质的吸收。以往认为菠菜有补血作用的说法是错误的。\r\n	双胎妊娠时容易发生前置胎盘。这是一种无痛性的妊娠后期的胎盘与子宫内膜剥离而造成的出血。由于是无痛性，所以有些孕妇在睡眠中大量流血而得不到救治。不过，这种疾病，般是渐进性的，先是有小量出血，停止数天后再增加，最后大出血。故有小量出血史者，孕妇自己及丈夫要时刻注意，防止意外。'),(60,'怀双胞胎能顺产吗','2019-09-19 10:31:56',NULL,'\r\n	看到别人家的孩子是双胞胎，不少的女人都是羡慕嫉妒恨啊，可是当自己的真正怀上了，才知道这个过程可是难熬的。特别是在分娩方式的选择上很纠结，对于特别想顺产的孕妇来说，十分想知道双胞胎能顺产吗。怀着双胞胎宝宝能不能顺产？这样的问题并不能给出一个统一的答案，这得看准麻麻自身的实际情况，不一样的孕妇身体情况有所不同，有些人适宜顺产，有些人是不适宜顺产的。1、取决于母亲有无严重并发症，比如妊娠高血压、糖代谢异常、早产、胎膜早破、贫血等；2、取决于准妈妈的骨盆、子宫、宫颈、阴道有无异常，因为这些是造成产道性难产的主要原因之一；3、由于多胎妊娠子宫体积大，所以有可能造成子宫肌收缩力量差，会使产程延长；4、从胎位上来说，如果其中有一个是臀位或横位，特别是第一个臀位、第二个为头位时，会造成两个胎头在产道中交锁，出现难产，即使两个胎儿都是头位，如果两个胎头都在骨盆入口处，影响其中一个胎头与骨盆衔接，也可发生难产；5、对于双胞胎宝宝来说，他们出现并发症的几率也比单胎宝宝要多，比如双胎输血症、双胎发育不同一性、胎儿宫内发育受限、脐带异常等。因此，如果宝宝的情况表明其不能经受阴道分娩，选择剖宫产也是较为安全的。'),(61,'宝宝喂养量是多少','2019-09-19 10:32:51','content/宝宝喂养量是多少/img0.jpg','\r\n	就牛奶摄入而言，父母必须严格控制宝宝的饥饿感，并防止宝宝过量使用。妈妈和爸爸必须了解在不同时期喂养多少奶给，以便宝宝成长。现在让我们来看看宝宝喂养量是多少！\r\n	每次喂30-60毫升，每天6-8次。随着天数的增加量也增加，到120毫升时，喂食次数减少。但仅供参考，如果孩子吵着要吃东西，你还得喂他吃。\r\n	大约一个月的时间，宝宝是按需喂食，相信宝宝的身体本能。宝宝在两次喂食之间，会非常满意和安静。通常是睡眠3-4个小时，当她没有被满足时，她会哭闹。您还可以通过宝宝的尿液来判断，婴儿尿布24小时湿6次，6次以上，每天喂养2-4次。\r\n	一个月的宝宝比较爱，两个月的宝宝就需要多次喂养，比上个月吃的多，这时应该按需喂养。2个月的宝宝每天喂养600-700毫升的牛奶，一天可分6-7次，每次间隔3-4小时，每次约80-100毫升。如果宝宝在晚上睡觉，通常不需要唤醒宝宝，避免影响宝宝的睡眠质量。另外请注意，每个宝宝的胃口大小都不一样，建议根据宝宝的生活特点合理的喂养。'),(62,'婴儿罗圈腿该怎么办？','2019-09-19 10:32:54','content/婴儿罗圈腿该怎么办？/img0.jpg','\r\n	罗圈腿是人们对双腿呈“O”型或近似“O”的一种戏称。罗圈腿医学上叫O型腿，罗圈腿是一种不正常的骨骼发育畸形造成的。罗圈腿主要是：人的大小腿都是骨骼外侧肌肉多，内侧肌肉少，并且由于大腿曲线变化，从正面看，显得腿短，上下肢比例失调。在行走时，不易保持平衡，容易摇摆，形成鸭子步，步态难看。由于小腿膝关节下面向外突起比较多，给人的感觉就显得小腿很短。身体两侧的S型曲线被破坏，原本到膝关节应该内收的弧线消失，或者成为向外膨胀的曲线，视觉上就缺乏那种玲珑之美了。大小腿都显得很弯，腿部失去了笔直的曲线，整个人看上去少了几分挺拔。而婴儿的罗圈腿就没有那么明显可以判断，我们不能直观的从外表上看。我们看婴儿的罗圈腿可能就是把婴儿的双腿向中间靠拢，双侧膝关节和踝关节之间的间隙超过10厘米，这样子可能就是婴儿罗圈腿。'),(63,'婴儿罗圈腿的症状','2019-09-19 10:32:55',NULL,'\r\n	　新生婴儿的出身总是让父母考虑很多的问题。比如：经常有家长担心：“我的孩子双腿总是并不拢，是不是‘罗圈腿’呢？”那该如何判断婴儿是否患上罗圈腿呢？婴儿罗圈腿的症状到底有哪些呢？婴儿罗圈腿的症状早期以多汗、易惊为主要症状。新妈妈们都会发现，的腿总蜷缩着，即给他拉直后，可手一松，宝宝的腿又弯曲了。事实上，不足3个月大的宝宝，下肢的胫骨（膝关节以下的长骨）朝外侧弯曲是正常的生理现象，父母如何区分孩子的腿是不是正常蜷缩呢？在这里，小编给一种办法。家长可以让宝宝仰卧，然后轻轻拉直宝宝的双腿，让其脚跟处并拢，一般在正常情况下，宝宝的膝盖和踝关节也是并拢的；倘若膝盖分开超过了6厘米以上，家长就应该尽快带孩子去，以尽早确诊是不是罗圈腿。'),(64,'婴儿罗圈腿的原因','2019-09-19 10:32:57',NULL,'\r\n	婴儿患有罗圈腿是诸多父母考虑的问题之一。而造成宝宝罗圈腿的原因有很多，如软骨营养障碍等，但以维生素D缺乏性佝偻病为多，具体的如下：1、幼儿时患佝偻病所致。小儿佝偻病主要原因是缺乏维生素D。缺乏维生素D一方面是小肠吸收钙磷不足和肾脏排出钙磷增加，造成体内钙磷不足；另一方面是新骨生成障碍，不能钙化和已长成的骨骼脱钙。造成了婴儿罗圈腿。2、骨骼生长发育阶段，受到特殊的生活习惯影响。佝偻病一般是由维生素D缺乏所引起的。维生素D缺乏时，钙、磷在肠内吸收减少，钙、磷减少，一方面机体在甲状旁腺调节下使已长成的旧骨脱钙（旧骨硬度降低），以弥补血中钙、磷不足；另一方面新骨由于缺钙而使骨质钙化不足而质地松软，肌肉关节松弛，直立行走时在重力作用下就会变形，导致了婴儿罗圈腿。在婴儿罗圈腿的问题上，一般1岁以上儿童两足跟并拢，两膝关节距离在3厘米以下为轻度，3厘米以上为重度。幼儿和青少年正处于生长发育阶段，骨骼就是随着年龄增长而逐渐生长钙化的。当青少年和幼儿由于一些特殊习惯，骨骼受某种方向的肌肉拉力，长期持续作用就会使骨骼变形。例如双腿长期持续夹持物品，像骑马等活动，也会形成罗圈腿。要罗圈腿，从幼儿时就应注意预防佝偻病和改变不良生活习惯。'),(65,'婴儿罗圈腿怎么办','2019-09-19 10:32:58',NULL,'\r\n	在婴儿罗圈腿的问题上，一般1岁以上儿童两足跟并拢，两膝关节距离在3厘米以下为轻度，3厘米以上为重度。造成宝宝罗圈腿的原因有很多，比如：软骨营养障碍等，但以维生素D缺乏性佝偻病为多。宝宝如有X形腿、O形腿，家长们也不必太过慌张，应该上医院寻求医师帮助。或者首先看是否缺钙，先补钙。同时还可以通过一下运动来纠正或弥补。具体的方法有如下几种：1、压腿运动：通常采用对子进行直压腿和侧压腿。2、踢腿运动：看小孩是患了什么样的罗圈腿。O型腿采用小腿外踢法；X型腿采用小腿内踢法。3、夹腿运动：让小孩的双脚、踝、膝同时靠拢夹紧，坚持数分钟后再放松。然后重复平时走路，注意他们的姿势。如果宝宝的罗圈腿，两足跟并拢，两膝关节距离超过6公分的，那就需要到医院骨科求诊，在医生的指导下。'),(66,'如何预防婴儿罗圈腿','2019-09-19 10:33:07',NULL,'\r\n	家长总是很担心孩子患有罗圈腿？“罗圈腿”主要是由于孩子缺乏维生素D，导致体内钙磷代谢异常，致使骨骼发育的障碍，到一岁左右会站、会走时，小腿受身体重量所压而呈弯曲状。所以说到底罗圈腿，就是因为缺少维生素D以及钙而引起的，所以只要我们平时注意让孩子补充这两种物质就可以了。那么，如何预防婴儿罗圈腿呢？一般新生儿出生之后，医生就会建议父母让宝宝补充一些钙剂。这是一个很好的选择。同时我们还可以利用太阳光来帮助宝宝吸收钙质。坚持母乳喂养也是避免佝偻病的好办法。因为母乳中含有丰富的钙质，而且极为容易被宝宝吸收，虽然牛乳中也添加了钙的成分，但是相比较而言，母乳更易被宝宝吸收，所以在宝宝出生时，肠胃功能尚未发育成熟，好的吸收才可以帮助宝宝的成长。当宝宝1岁以上时，大部分的腿都已经伸直，这个时候我们可以测量一下双腿之间的缝隙，两足跟并拢，两膝关节距离在3厘米以下为轻度，3厘米以上为重度。如果严重及时到医院骨科求诊，在医生的指导下治疗。当然，正常的喂养以及良好的生活习惯是不会导致宝宝出现佝偻病的，妈妈们不要因为这个过于担心。按照您的方法正常哺育我们的小宝宝就可以了。'),(67,'罗圈腿遗传吗','2019-09-19 10:33:08',NULL,'\r\n	　罗圈腿遗传吗？一般不会遗传。罗圈腿的患者，他们的下肢畸形，呈O型腿或者x型腿。男女青年如果得了症状，会对患者的工作和生活带来巨大的影响，罗圈腿不仅影响着人的体型与健美，是人失去了体型美，而且还会造成行走不利，有时还会影响一些要参军、工作以致影响恋爱的人，有些人还会因为患有罗圈腿，而导致精神压抑，甚至悲观厌世。患有罗圈腿会有这么多的问题，那有人就会考虑到罗圈腿是否会遗传呢？答案是不会的。罗圈腿一般来说是不会遗传的，罗圈腿是由于先天或者出生后缺钙引起的。比如：在怀孕期间孕妇缺钙严重，从而会导致出生的婴儿出现罗圈腿，鸡胸。串珠胸等。其实小婴儿看起来都是有些罗圈腿（O型腿），而在真正医学上的O型腿都是指在孩子会站立行走后才去判断的。感觉孩子患有罗圈腿时多注意给孩子补钙。在给孩子补钙时，应注意尽量采取食补，要多吃含钙量高的食物，如骨、虾皮、骨头汤、鲜鱼、活虾、海带、牛奶和豆制品。当然还应该适当喝点鱼肝油和钙片，乳钙是补钙的最好方式之一，因为乳钙容易吸收，而且效果好。平时还多注意晒晒太阳，同时要补充维生素AD。'),(68,'春季待产包清单：日常用品','2019-09-19 10:33:47',NULL,'\r\n	　季节不同，孕妈所要准备的待产包清单还是略显差异的。下面，来查看一下小编为您收集的春季孕妇待产包清单，希望对您有所帮助。1.手机、充电器。第一时间给亲友们报喜，平时用于与家人的联络，非常重要哦。2.数码相机、摄像机。用于记录宝宝的出生及成长过程，这样珍贵的经典时刻，以后可不会再有了。3.笔记本、笔。可以随时记录阵痛时间及宝宝出生时间、每次大小便时间等，以便于更加科学合理地护理宝宝。4.电饭煲。现在都提供微波炉。住单间的妈咪可以带一只小电饭煲，因为妈咪们需要少食多餐，三餐之间及深夜都要加餐，如果有一只小电饭煲，可以随时做些稀饭或加热汤水，甚至给奶瓶、餐具消毒都是很方便的。'),(69,'春季待产包清单：妈妈用品','2019-09-19 10:33:48',NULL,'\r\n	老辈人认为，女人坐好月子是最重要的，而产后的几天，更是重中之重，为了照顾好产后虚弱的自己，妈妈们一定要准备好下列物品。1.睡衣：3—5套。春季气候转暖、潮湿，衣服不容易干，因此多买几套以备不时之需。而且衣服要以棉质为主，透气舒适。2.哺乳内衣：3—5件。最好临产时买，而且建议买比当时的尺码再大一点的。3.拖鞋：1—2双。选择鞋底柔软、防滑的拖鞋；初春的晚上气候还会偏凉，还要准备一双薄棉家居鞋，保暖舒适。如果有亲人陪床，最好准备双人份，晚上起来照顾宝宝时穿也非常方便。4.毛巾：4—6块。主要用于妈妈自身的清洁，可分别用于擦身、清洁、清洗下身、擦脚等。建议毛巾尽量不要混用，最好是不同花色的，分别用于不同的用途；还要请照顾自己的人每天用开水给毛巾消毒。产后身体不比平时，容易感染细菌，护理时应该更加谨慎。5.内裤：4—6条。产后恶露多，需要随时更换，旧的内裤也可以，但最好多带几条。6.吸奶器：1个。对于剖腹产或者奶水不多的妈妈来说，如果想要顺利进行母乳喂养，除了可以让护士帮忙按摩之外，吸奶器也可以帮助妈妈吸出更多奶水。7.产妇卫生巾：2—4包。不管是剖宫产还是顺产的妈妈，下床以后就要用到卫生巾了。最好准备夜用加长型的卫生巾，现在市面上也有卖产妇专用的卫生巾，妈妈们可以根据据自己的情况进行选择。8.餐具。民以食为天，妈妈们更是要吃好喝好，争取早日恢复。水杯要准备一个可弯曲的长吸管，产后不能起身时，可用吸管、喝汤，很方便9.妈妈。可提前准备好红糖、巧克力等食品。巧克力可用于生产时增加体力，红糖是产后补血之用。10.洗漱用品：1套。牙具、梳子、小镜子、护肤霜、洗浴用品等。11.出院衣物：1套。春天生产的妈妈除了要准备一套衣服，还要准备一双防滑鞋、雨具，以免碰上下雨。'),(70,'春季待产包清单：宝宝用品','2019-09-19 10:33:49',NULL,'\r\n	1.纸尿裤：一包。对于刚刚生完宝宝的妈妈来说，使用纸尿裤会比较方便，碰巧在多雨的春季，尿布潮湿不干容易滋生细菌。2.口水巾：5条。多多益善，宝宝溢奶用得着。3.新生儿衣服：带肚衣2—4件。婴童连体衣2～4件，春秋款。小外套2件，宝宝外出穿。包被2条，外出时包裹宝宝用。4.脚套：脚套3—6对，防抓手套2对。5.帽子：薄帽子2个，外出时戴。6.毛巾被：2条，宝宝时用。7.奶瓶：2个。可以准备大小不一样的，最好选择容易清洗的宽口玻璃奶瓶。8.奶嘴：4个。小号、十字开口。9.奶瓶刷：1个。用于清洁奶瓶和奶嘴。10.婴儿护臀膏：1瓶，可以红屁股。11.婴儿专用浴盆：1个。给宝宝洗澡用，避免交叉使用造成细菌感染。12.洗澡带：1个。让宝宝躺在水中而不至于被水呛到。13.婴儿专用洗发沐浴露：1瓶。春季细菌病毒滋生，宝宝的卫生清洁要做好，避免感染。14.婴儿专用洗衣液：1瓶。宝宝的自身抵抗力弱，所以衣物要保持清洁卫生，同时要舒适柔软，不能越洗越粗糙，以免伤到宝宝肌肤。15.湿纸巾：婴儿专用，湿巾可以用于宝宝日常的清洁，如清洁鼻口和小屁屁。16.指甲钳：婴儿专用，新生儿新陈代谢快，指甲很快就长出来了。要是不剪指甲，他们很容易在不经意间把自己抓伤。婴儿专用的指甲钳小巧而且不会太锋利，可以避免剪到宝宝的手指。'),(71,'准备春季季待产包注意事项','2019-09-19 10:33:51',NULL,'\r\n	春季的气候多变、雨量多、昼夜温差大，因此不要忽略了保暖，但不要捂热，衣物还是选透气的为主。另外，春季是病毒、细菌最容易滋生的季节，也是呼吸道、消化系统疾病的高发期，春季待产包应该放感冒药、止泻药等药品等。'),(72,'一周岁宝宝如何断母乳','2019-09-19 10:33:54','content/一周岁宝宝如何断母乳/img0.jpg','\r\n	看着宝宝小生命一天一天地长大，从吃手手，到爬，在会走，会跑，这时候妈妈要面临宝宝会发生的问题就变得越来越多。新妈妈们开始头疼的事情就是周岁宝宝怎么断母乳？如何才能让宝宝断奶，这应该就是每一个妈妈都会面临的问题，那么怎么才能科学地不强制性给宝宝断奶？我们快来看看吧。首先断奶的时期很重要，如果天气太冷或者太热都是不适合宝宝断奶的，因为太热太冷，宝宝会自我感觉不舒服，加上断奶就会给宝宝带来心理上的抗拒，因此最佳的断奶时期就应该是春或者秋季。可以尝试着从白天让宝宝减少母乳的次数，然后给他喜欢吃的水果、零食或者其他的，降低宝宝对母乳的依赖程度。还可以将宝宝晚上喝奶的时间向后推，也就是原本宝宝一晚上要吃三、四次奶，就可以渐渐变成吃两餐，然后变成吃一餐，也是有助于宝宝断奶。'),(73,'打无痛分娩针多久能生','2019-09-19 10:33:56','content/打无痛分娩针多久能生/img0.jpg','\r\n	是不是打了无痛分娩针就可以马上生了？这个就要看你选择的和同一时间分娩的孕妇有多少、医院的人手安排如何才能确定？一般来说，打无痛分娩针多久能生呢？1、一般来说，开三指就可以生了。但是每个人开三指的速度不一定一样，但通常都是几个小时就可以了。2、体质较虚弱的产妇，特殊情况可能会一天一夜。这个情况可能需要拔出来1个小时，再插进去会比较快一点。这是这个有可能会造成轻微的感染。3、医院医护人员不足或者同一天内太多产妇，打了也不能马上生，只能是等医院的安排。或者转到其他医院，但是这个也是存在风险的，毕竟新的医院新的医生对你的病情不了解，哪怕现在是全省医疗系统病史档案电子化和信息互通，但看了也是需要进行几个小时的研究讨论才能进行手术的。'),(74,'无痛分娩真的不会痛吗','2019-09-19 10:33:58',NULL,'\r\n	　打了无痛分娩针真的不会痛？这个就跟你打了之后多久能生有关了。所以无痛分娩真的不会痛吗？1、开三指几个小时内打的话，基本感觉不到痛。但是并不是一针就直至分娩都不痛，一阵只能维持大概1个半小时左右。但是这个世界是完全没有任何东西是可以让一个活人具有知觉的人感觉到不痛的，除非你是植物人或者是没有生命体征的人，所以就算打了还是会有轻微的感觉的，所以不用过于神话这个无痛分娩。2、打针后三指不开或者是开得很慢，过了药效，依然会很痛。这个可以根据自己的经济条件，到时候再看是否再打，如果不打就会很痛。3、打分娩针后遇到分娩不顺利，手术时间增加或者是不适宜再打针，也是需要自己咬牙坚持阵痛的。跟顺产的阵痛是一样的，而且会更加强烈，因为我们的尾龙骨已经收到伤害，这时骨盘又需要用力分娩，自然会更痛。'),(75,'无痛分娩有副作用吗','2019-09-19 10:33:59',NULL,'\r\n	　无痛分娩后，可能很多产妇都会又厉害的，只能睡硬板床，但是这就是无痛分娩的副作用吗？无痛分娩有辅作用吗？1、其实很简单，如果有副作用的话，医生都会术前告知，所以副作用是微乎其微的。国家卫计委也明确宣布医院在进行分娩时，不得使用对人体有害的麻醉类药物。医生也不会拿自己的前途和人命开玩笑。2、伤及脊的几率很少。一般麻醉师都是有经验的，其熟练的操作一般都不会上级到咱们的脊神经，但如果坐月子期间受寒或者不适当的动作，则可能会让我们落下腰疾。3、可能会有并发症。这个并发症不管是顺产、剖腹产还是无痛分娩都一样是会有的，如血压异常、恶心、头痛头晕、四肢酸软无力、等等。这个主要还是孕妇妈妈的自身体质和术后自己的护理问题所导致的。这个是属于选择这种分娩方式的缺点，有得必有失。'),(76,'无痛分娩好还是顺产好','2019-09-19 10:34:01',NULL,'\r\n	无痛分娩其实是顺产分娩的一种，只不过是无痛分娩可以减轻顺产分娩时的阵痛，但是还是会根据个人的体质和对疼痛的敏感度才能判断无痛分娩好还是顺产好。1、对于体格强大的北方妇女或者是欧美国家的妇女，可能顺产会比较好。一般来说，她们对于疼痛的敏感度要比瘦小虚弱的南方妇女的敏感度要少很多，所以并不需要去打针。2、难产或者是分娩不小心胎位移位，那么还是无痛分娩好。在这个过程中，如果不无痛分娩，孕妇会因为疼痛而晕倒，导致无力生孩子，这时孩子有可能会被窒息而死。3、如果你想恢复的快点，那还是顺产好。顺产其实对于妇女或者来说都比其他方式要好，如果自身体质没大问题又能忍受疼痛的话，恢复可能一周就可以下床了，而无痛分娩可能需要一个月才能下床。'),(77,'无痛分娩后怎么调理身体','2019-09-19 10:34:02',NULL,'\r\n	　无痛分娩其实跟自然分娩是一样的，所以分娩后都是跟正常坐月子一样的。那么无痛分娩后怎么调理身体呢？1、自身护理。产后，会有很多的情绪，情绪不好，皮肤也跟着不好，加上又要熬夜带孩子喂奶，所以自身护理就很重要，可以在家或者月子中心进行产后的精油护肤和按摩。2、宝宝护理。这个跟自身护理是紧密结合的。宝宝护理不好，就会使自己过于劳累，过于劳累就会落下腰疾，宝宝的贴身衣物和居住环境一定要干净，卫生，另外最好少让其他人接触宝宝，自己接触宝宝前要消毒和带口罩。3、产后修复。产后，女性会迎来一大堆的身体方面的烦恼，例如发胖、子宫下垂、其他妇科感染炎症等，建议最好是可以去专业的瑜伽会所里面进行一些瑜伽运动，另外多做一些子宫收缩的运动以及定期到医院进行检查子宫是否感染炎症。4、月子餐不要省。一定要安排有黑米、百合山药、木瓜牛奶、菠菜、虫草花焖鸡、牛肉、皇帝菜、西红柿、乌鸡汤、鱼等等，具体的可以去请教月子中心的月嫂或者是医院医生的建议。'),(78,'小儿发育迟缓的治疗','2019-09-19 10:35:21','content/小儿发育迟缓的治疗/img0.jpg','\r\n	儿童发育迟缓会存在很多方面，如身体上发育迟缓，语言上发育迟缓等，这都会造成孩子在生活上有一定的影响。也容易给孩子带来心理阴影，孩子在出现发育迟缓问题时，家长要及时的采取一些措施。1、如果孩子在发育，体格上出现迟缓现象，这有可能就是营养不足，这时就需要家长注意合理的让孩子进食。在平时也要合理的搭配饮食，均衡饮食能够促进孩子生长发育，良好的饮食习惯也能够使孩子的食欲增加。这样孩子就可以快速的生长。2、如果孩子发育迟缓，是因为引起，就需要积极的治疗这些疾病。如果家族中存在着矮小症，体质的特性，发育迟缓。这时就需要通过各种调养来充分发挥生长的潜力，也可以使用一些生长激素。3、一些有先天性的遗传，代谢上面的疾病引起了发育迟缓，比如有垂体性的，诸如。以及先天性的卵巢发育不全等这些情况时，就需要对其进行特殊的治疗以及对症治疗。这样将病症治愈好就会对身体的生长发育有一定的促进作用。因此要及时的发现病症，然后进行治疗，对身体生长发育有很大的帮助。4、如果孩子出现的是语言上的发育迟缓，这时家长就需要跟孩子多说话。促进并鼓励孩子用语言来表达自己的要求。还要多给孩子一些拥抱，亲吻，刺激孩子能够和自己多说话。还要让孩子多和大自然接触，这样他们就能够增长一些知识，增长眼界。说话的能力就自然跟上了，这样孩子的语言上面就可以继续的发展，对孩子语言有很大帮助。'),(79,'什么是儿童发育迟缓','2019-09-19 10:35:22',NULL,'\r\n	　孩子在正常生长下都是通过身体分泌的一些生长激素促进孩子的正常生长。如果孩子在激素上分泌异常时，就会导致孩子发育迟缓，这个时候就需要家长多注意孩子发育迟缓的一些原因是什么导致。1、在正常的生长中发生变异时，这时会导致儿童发育迟缓。有发育迟缓的儿童80%到90%的患者中有宫内发育不良以及先天性遗传的因素导致。还有一些是因为家族中有矮小的身材那我就会遗传给下一代。如果体质出现发育迟缓或者是出生时有低体重性的矮小。这时都会导致生长的速度不在一个正常的范围。如果长时间是这样的情况，就需要治疗，只是短暂的一些时间存在，就不需要特殊的治疗。2、还有一些是因为病理因素导致孩子的生长迟缓，例如是一些染色体的异常，骨骼疾病，代谢性的疾病，慢性疾病或者是慢性营养不良，以及内分泌的一些疾病等，这些疾病都会引发孩子出现生长发育迟缓的情况。当出现这些情况时，我们可以及时的到院进行，然后根据具体现象进行一些治疗。3、一般孩子在通过特殊的治疗方法时，都会有所改变。但是这个情况是存在早发现早治疗的，这种状态下如果长时间没有及时的进行治疗，就会导致孩子错过生长发育的高峰期。'),(80,'儿童发育迟缓的原因','2019-09-19 10:35:23',NULL,'\r\n	孩子在正常生长下都是通过身体分泌的一些生长激素促进孩子的正常生长。如果孩子在激素上分泌异常时，就会导致孩子发育迟缓，这个时候就需要家长多注意孩子发育迟缓的一些原因是什么导致。1、在正常的生长中发生变异时，这时会导致儿童发育迟缓。有发育迟缓的儿童80%到90%的患者中有宫内发育不良以及先天性遗传的因素导致。还有一些是因为家族中有矮小的身材那我就会遗传给下一代。如果体质出现发育迟缓或者是出生时有低体重性的矮小。这时都会导致生长的速度不在一个正常的范围。如果长时间是这样的情况，就需要治疗，只是短暂的一些时间存在，就不需要特殊的治疗。2、还有一些是因为病理因素导致孩子的生长迟缓，例如是一些染色体的异常，骨骼疾病，代谢性的疾病，慢性疾病或者是慢性营养不良，以及内分泌的一些疾病等，这些疾病都会引发孩子出现生长发育迟缓的情况。当出现这些情况时，我们可以及时的到院进行检查，然后根据具体现象进行一些治疗。3、一般孩子在通过特殊的治疗方法时，都会有所改变。但是这个情况是存在早发现早治疗的，这种状态下如果长时间没有及时的进行治疗，就会导致孩子错过生长发育的高峰期。'),(81,'脑发育迟缓该怎么办','2019-09-19 10:35:25',NULL,'\r\n	孩子在正常生长下都是通过身体分泌的一些生长激素促进孩子的正常生长。如果孩子在激素上分泌异常时，就会导致孩子发育迟缓，这个时候就需要家长多注意孩子发育迟缓的一些原因是什么导致。1、在正常的生长中发生变异时，这时会导致儿童发育迟缓。有发育迟缓的儿童80%到90%的患者中有宫内发育不良以及先天性遗传的因素导致。还有一些是因为家族中有矮小的身材那我就会遗传给下一代。如果体质出现发育迟缓或者是出生时有低体重性的矮小。这时都会导致生长的速度不在一个正常的范围。如果长时间是这样的情况，就需要治疗，只是短暂的一些时间存在，就不需要特殊的治疗。2、还有一些是因为病理因素导致孩子的生长迟缓，例如是一些染色体的异常，骨骼疾病，代谢性的疾病，慢性疾病或者是慢性营养不良，以及内分泌的一些疾病等，这些疾病都会引发孩子出现生长发育迟缓的情况。当出现这些情况时，我们可以及时的到院进行检查，然后根据具体现象进行一些治疗。3、一般孩子在通过特殊的治疗方法时，都会有所改变。但是这个情况是存在早发现早治疗的，这种状态下如果长时间没有及时的进行治疗，就会导致孩子错过生长发育的高峰期。'),(82,'如何预防生长发育迟缓','2019-09-19 10:35:26',NULL,'\r\n	儿童的生长发育迟缓是一个比较广泛的概念。这其中包括了体格生长的迟缓，青春期出现发育迟缓或者不发育的现象，这其中还包含了精神运动的发育异常。该怎样预防这些情况下的发育迟缓呢？1、生长发育出现吃饭的原因多是因为蛋白质与能量的摄入不足。这其中还包括其他的微量元素摄入不足也会导致这种现象的发生，因此要给孩子进行补充足够的蛋白质与微量元素。蛋白质能够构成身体的细胞浆与体液，蛋白质和许多的消化酶有关。也与身体的内分泌有点关系，所以如果蛋白质出现不足时，新生的组织就会受到限制，生长的技术水平就有所降低，活性也会降低，不能够有效地刺激软骨的生长。这样就会造成矮小的情况发生。2、睡眠能够促进身材正高，可以使生长激素分泌充足，在一天中血液生长激素含量都很高。睡眠的时候于醒着时没有明显的差异，幼儿的生长激素在夜间进行分泌，白天清醒时是不会分泌。8到15岁的青春期少年，在醒着的时候，虽然也会有生长激素的分泌，但是量很少，主要是在睡眠时进行分泌，尤其在深睡眠时生长激素会分泌急剧增加。所以，如果想让孩子的身体长高，就要重视孩子的睡眠。3、运动可以促进血液循环，改善骨骼之间的营养食骨格能够生长加速，以及骨质致密，这样可以促进生长，三到四个月前的孩子，每天要做一些仰卧可以促进全身的活动。随着月龄的增长，需要及时的培养。爬站，翻身走等基本的能力。孩子不应过久的抱着或者是坐着，孩子抱着不动，身体就得不到活动，久坐就会影响孩子下肢的发育，而且孩子在学会做之后，就不会想要翻身和爬。经常身体还可以增强体质。'),(83,'6岁宝宝身高体重是多少标准','2019-09-19 10:35:54',NULL,'\r\n	　体重14.74-32.57kg，身高104.1-132.1cm；女孩体重14.11-30.94kg，身高103.2-130.8cm。注：以上数据根据卫生部《中国7岁以下儿童生长发育参照标准》整理而成。'),(84,'6岁宝宝发育指标详解','2019-09-19 10:35:56',NULL,'\r\n	牙齿：6岁左右，在最后1只乳牙的后面、上、下、左、右共长出4个大牙，叫做第一恒，又叫六龄齿，这是最先长出的恒齿。手指：现在宝宝可以学写字了，开始写的字很大，大小不一、歪七扭八。这时要教他正确的书写姿势，多鼓励少强迫。运动：身体平衡及控制有改善，但仍有轻度的手脚不灵活，粗心及不安静。语言：有2500字的词汇；能读简单的句子并能拼出字。认知：课堂注意力集中时间短;长时间坐有困难。下肢：能很好地控制身体，下肢灵活，运动也较以前更为剧烈，但已不太容易摔跤。能在一条直线上走、单足跳、跳绳、跳舞等。社交：喜欢别人读或讲故事给他听；喜欢看电视。情感接受着周围世界的知识，对接触到的具体物体进行感受、思维、以至接受，内心世界也越来越复杂，更加敏感，自尊心也更强了。'),(85,'6岁宝宝发育营养建议','2019-09-19 10:35:57',NULL,'\r\n	1、要补充孩子智力发育的营养，多吃胡萝卜、生姜水、黄豆、核桃、洋葱、花生和小米，能提高孩子的创造能力，让孩子更聪明。2、含铅高的食物会谋杀孩子的智力，如油炸食物，油条、煎饼、甜甜圈、粉丝、凉粉等，厨具不要使用铝锅、铝壶。'),(86,'6岁宝宝护理要点','2019-09-19 10:35:59',NULL,'\r\n	　此时宝宝能很好地控制身体，手脚灵活，运动也较以前更为剧烈，但已不太容易摔跤。能在一条直线上走、单足跳、跳绳、跳舞等，这时的宝宝喜欢蹦蹦跳跳，可能学会一些舞步，特别是小女孩会很喜欢跳舞。妈妈们也要及时留意宝宝的一举一动，做好护理工作，防止宝宝出现损伤。\r\n	学龄前儿童睡眠时间应为11小时以上。儿童正在长身体的时候，睡眠时间要适当，既不能过多睡懒觉，又不能缺觉太多，两者都是有碍儿童的。还有部分儿童入睡前需要双亲的拥抱、抚摸以及玩具、枕头和音乐等的帮助，如不能满足要求，其则表现出入睡困难、兴奋甚至哭闹，这些都会影响到宝宝的睡眠质量。\r\n	六龄牙是里最早萌发的恒牙，因为它在六岁左右生长，故称六龄牙。口腔内陆续长出的恒牙都根据六龄牙的位置排列，牙齿的咬合度也是以此为准。所以，六龄牙对宝宝保持上下牙弓间的咬合关系，维持面部下三分之一部位的端正，起着重要作用。此外，六龄牙又是牙列中的中坚力量”，它牙冠最大，咀嚼面最大，牙根也长得特别结实，是人们咀嚼食物发挥作用最大的牙齿，也是担负咀嚼压力最大的牙齿，据测定，一个强壮的或六龄牙的咬合力分别能达到八十公斤和五十公斤。\r\n	宝宝渐渐养成夏季天天洗澡的习惯，一部分是因为需要清洁，更大的意义则是让宝宝养成爱清洁、讲卫生、有规律的生活习惯。夏令时节，如果有条件的话，早晨起床后、白天午睡后、晚上临睡前，每天可以给宝宝沐浴3次，每次10分钟左右。这种有规律的清洁的生活习惯，对宝宝的健康成长和今后耐心的培养、意志力的养成来说，都是有重要作用的。'),(87,'3岁宝宝身高体重是多少？','2019-09-19 10:36:00',NULL,'男童体重10.61-20.64kg，身高86.3-109.4cm;女童体重10.23-20.10kg，身高85.4-108.1cm。注：以上数据根据卫生部《中国7岁以下儿童生长发育参照标准》整理而成。\r\n	　宝宝已经能发绝大多数音。可以做向上纵跳、立定跳远的动作。'),(88,'宝宝3岁发育指标详解','2019-09-19 10:36:01',NULL,'\r\n	　身体：3岁以后，孩子进入医学上所谓的幼儿期，发育趋于缓慢。牙齿：此时要注意龋齿，睡前不吃东西，吃甜食后漱口。语言：3岁的宝宝，基本上掌握了母语口语的表达。不过还是要结合此时此刻的情景，并辅以手势、表情，才能够表达出比较完整的意思，才可能让成人理解宝宝的思想。运动：宝宝会走、跑、跳、站、蹲、坐、摸、爬、滚、登高、跳下、越过障碍物。并且会拍球、抓球和滚球，能接住2米远抛来的球。集中点儿注意力的话还能踮着脚尖站或单脚站一秒钟以上。下肢：能动作协调地跑步;可做向上纵跳、立定跳远的动作。独立性：可以尝试让孩子与母亲分室睡。社交：讲道理、多表扬对反抗期的孩子是有效的。'),(89,'能促进3岁宝宝发育的运动','2019-09-19 10:36:03',NULL,'\r\n	散步的过程中，可以走路、快跑、慢跑和大踏步前进交替进行。一边走一边玩找东西的观察游戏，或收集羽毛和树叶来玩。还可以在家里抱着乐器或举着旗子，带孩子像阅兵一样正步走。\r\n	　带上孩子的沙滩玩具，他的操作能力。\r\n	小水池、花园里的洒水装置或浇花用的软水管都能促动孩子去戏水、奔跑和触摸水。只是孩子玩水的时候，你一定要在旁边看管。\r\n	　用靠垫、纸盒子、玩具或其他东西做障碍，让孩子绕着跑或从上面爬过去。\r\n	子都喜欢动物。问问宝宝：“你能学小鸡走路吗?能像大马那样跳吗?小狗怎么跑?”或者鼓励孩子学飞机的样子在院子里“飞行”，或在房间里“划船”。\r\n	　例如“木头人”游戏等。\r\n	　包含踢、扔和接等动作的游戏是非常好的锻炼，不过，在宝宝这么大时，尽量不要把规则定得太复杂。\r\n	让孩子听不同类型的音乐，演奏乐器也能促进孩子的身体发育。或者边听音乐，边做动作，很多熟悉的歌曲或儿歌是通过手指游戏来强化精细动作技能的，比如《织织织织，小蜘蛛》。\r\n	让孩子假装走钢丝或海盗船上的木板，锻炼平衡能力。\r\n	\r\n	　一切用的着水和泡沫的东西都非常好玩。把泡泡吹向空中，让孩子去抓。\r\n	这些对你的孩子来说都会新鲜有趣，比如“骑竹马”、“丢手绢”、“丢沙包”等等。\r\n	利用手指偶、袜子或玩具，和孩子一起蹲在桌子后面演。帮孩子用粗粉笔在空地上画个房子，用小棍在地上或面粉里写数字等等。'),(90,'3岁宝宝吃什么好','2019-09-19 10:36:04',NULL,'\r\n	1、2岁12个月的宝宝运动量会大增，妈妈要注意肉类蛋白质的补充，鸡肉、鱼肉、的营养价值很高，营养丰富，正餐还要多谷类，除了米饭、面条外，可以给宝宝吃带馅的包子和饺子，云吞等，让宝宝补充能量的同时，也可以享受多样的食物。2、依然要避免油炸的食物和刺激性的食物，以免影响宝宝的正常发育和消化系统。'),(91,'怀双胞胎会有什么症状','2019-09-19 10:38:34',NULL,'\r\n	怀双胞胎的早期症状之一就是孕妇腹部隆起的更明显。双胞胎怀孕早期腹部比怀一胎更膨大、增长也更迅速，会超过妊娠月份的正常大小。特别是在怀孕24周以后。不过也有人说，判断多胞胎的可能性时，也可以考虑子宫的大小。如果您的子宫相对于预产期来说生长得过快，有可能会被怀疑是多胞胎。不过其他能够解释子宫相对于预产期来说过大的因素包括，预产期推算错误、羊水过多或是。\r\n	怀孕后会出现头晕、乏力、嗜睡、畏寒、食欲不振等早孕反应。若怀的是双胞胎则这些反映更加强烈，如有些会有不同程度的恶心、偏食、经常性呕吐等。在孕晚期很容易产生心慌、呼吸不畅、下肢浮肿及静脉曲张等压迫的症状。如果准妈妈们会出现以上头晕乏力等症状，就可以进行更进一步的啦，说不准是双胞胎哟。\r\n	怀双胞胎的孕妇通常在怀孕早期孕酮值和HCG值比怀一胎的孕妇更高。如在孕7周：孕酮的正常值是52.7-100.1nmol/L，若是双胞胎则可能会再高些。当然，这一项指标准妈妈们在生活中是不能直观感受到的，而是要在的检查结果中才能看的到。\r\n	随着妊娠时间的增加，如果是双胞胎的怀孕症状，双胞胎怀孕症状是可以会摸到两个胎头和两个胎臀，听到两个胎心音。超声波检查也可测到两个不同速度的胎心波，X线检查可显示两个的骨骼等。\r\n	一般在怀孕4-5个月的时候就会出现胎动，而怀了双胞胎，感受到的就会是两个方向的胎动。如果你也感受到了，那你可真幸福，怀得双胞胎。'),(93,'怀双胞胎多久能查出来','2019-09-19 10:39:44',NULL,'\r\n	　有些准麻麻在怀孕早期发现自己的妊娠反应特别严重，恶心呕吐那个难受啊，整个胃都翻云覆雨的，可折腾了。身边就会有人说是不是怀了双胞胎啊？准麻麻就开始疑惑了，妊娠反应严重是怀双胞胎的症状之一，但是不见得百分百正确，那么怀双胞胎多久能查出来？准妈妈什么时候可以知道呢？一般说来，准妈妈在怀孕45天以后做B超可以检测出来是否怀的双胞胎。B超检查可早在妊娠7-8周可见两个妊娠囊，13周后可清楚显示两个胎头光环，并可见到各自相应的脊柱、躯干、肢体等。在胎儿的发育过程中，准麻麻体内出现产生大量的HCG（人绒毛膜促性腺激素）。怀双胞胎准麻麻的HCG（人绒毛膜促性腺激素）值，要比怀单胞胎准麻麻的高很多。怀双胞胎的准麻麻腹部，比怀单胞胎准麻麻腹部更大，且增速明显。怀双胞胎的初期症状中，准麻麻在怀孕4个月后，这个腹部增大更明显。准妈妈在怀孕之后要多加注意，定期检查检查不仅是对胎儿负责，更是对自己的负责。'),(94,'12','2019-09-27 11:18:24','content/730f7f85d74046ad96b23803ec633f30.png','<p>1212</p>');
/*!40000 ALTER TABLE `counseling` ENABLE KEYS */;
UNLOCK TABLES;

--
-- Table structure for table `enter`
--

DROP TABLE IF EXISTS `enter`;
/*!40101 SET @saved_cs_client     = @@character_set_client */;
/*!40101 SET character_set_client = utf8 */;
CREATE TABLE `enter` (
  `enter_id` int(11) NOT NULL AUTO_INCREMENT COMMENT '用户编号，主键，标识列',
  `enter_name` varchar(50) NOT NULL COMMENT '用户名',
  `enter_truename` varchar(30) NOT NULL COMMENT '真实姓名',
  `enter_password` varchar(50) NOT NULL COMMENT '登录密码',
  `enter_telephone` varchar(50) NOT NULL COMMENT '用户手机号',
  `enter_card_id` varchar(18) NOT NULL COMMENT '身份证',
  `enter_gender` varchar(2) NOT NULL COMMENT '性别',
  `enter_url` varchar(500) NOT NULL DEFAULT 'img/default.png' COMMENT '存放头像路径',
  `enter_type` int(11) NOT NULL DEFAULT '1' COMMENT '用户类别1用户2管理员',
  PRIMARY KEY (`enter_id`)
) ENGINE=InnoDB AUTO_INCREMENT=28 DEFAULT CHARSET=utf8;
/*!40101 SET character_set_client = @saved_cs_client */;

--
-- Dumping data for table `enter`
--

LOCK TABLES `enter` WRITE;
/*!40000 ALTER TABLE `enter` DISABLE KEYS */;
INSERT INTO `enter` VALUES (2,'飞天小摩托','李四','123456','18118579983','34222219981226078X','女','img/default.png',2),(3,'王国杰','王国杰','123','155555735129','34132220020304363X','男','img/default.png',1),(26,'tom','老梗','111111','17626531282','129629846512156298','男','img/default.png',1),(27,'aa','王国杰','111111','15555735129','222222222222222222','男','img/default.png',1);
/*!40000 ALTER TABLE `enter` ENABLE KEYS */;
UNLOCK TABLES;

--
-- Table structure for table `message`
--

DROP TABLE IF EXISTS `message`;
/*!40101 SET @saved_cs_client     = @@character_set_client */;
/*!40101 SET character_set_client = utf8 */;
CREATE TABLE `message` (
  `Message_id` int(11) NOT NULL AUTO_INCREMENT COMMENT '评论表编号，主键，标识列',
  `Message_commodity_info_id` int(11) NOT NULL COMMENT '商品信息（外键）',
  `Message_info` varchar(500) NOT NULL COMMENT '评论内容',
  `Message_time` datetime NOT NULL COMMENT '评论时间',
  `Message_type` int(11) NOT NULL COMMENT '评论状态 1好评 2中评 3差评',
  `Message_enter_id` int(11) NOT NULL COMMENT '用户编号（外键）',
  PRIMARY KEY (`Message_id`)
) ENGINE=InnoDB AUTO_INCREMENT=2 DEFAULT CHARSET=utf8;
/*!40101 SET character_set_client = @saved_cs_client */;

--
-- Dumping data for table `message`
--

LOCK TABLES `message` WRITE;
/*!40000 ALTER TABLE `message` DISABLE KEYS */;
INSERT INTO `message` VALUES (1,1,'非常好喝','2019-05-09 00:00:00',1,1);
/*!40000 ALTER TABLE `message` ENABLE KEYS */;
UNLOCK TABLES;

--
-- Table structure for table `shopcart`
--

DROP TABLE IF EXISTS `shopcart`;
/*!40101 SET @saved_cs_client     = @@character_set_client */;
/*!40101 SET character_set_client = utf8 */;
CREATE TABLE `shopcart` (
  `Shopcart_id` int(11) NOT NULL AUTO_INCREMENT COMMENT '购物车编号，主键，标识列',
  `Shopcart_enter_id` int(11) NOT NULL COMMENT '用户信息（外键）',
  `Shopcart_ Bug _id` int(11) NOT NULL COMMENT '商品信息（外键）',
  `Shopcart_num` int(11) NOT NULL COMMENT '购买数量',
  `Shopcart_abapt` int(11) NOT NULL COMMENT '购买的类型',
  `Shopcart_date` timestamp NOT NULL DEFAULT CURRENT_TIMESTAMP ON UPDATE CURRENT_TIMESTAMP COMMENT '加入时间',
  PRIMARY KEY (`Shopcart_id`)
) ENGINE=InnoDB AUTO_INCREMENT=48 DEFAULT CHARSET=utf8;
/*!40101 SET character_set_client = @saved_cs_client */;

--
-- Dumping data for table `shopcart`
--

LOCK TABLES `shopcart` WRITE;
/*!40000 ALTER TABLE `shopcart` DISABLE KEYS */;
INSERT INTO `shopcart` VALUES (1,1,1,3,0,'2019-09-15 09:36:54'),(47,3,176,1,2,'2019-09-27 04:11:26');
/*!40000 ALTER TABLE `shopcart` ENABLE KEYS */;
UNLOCK TABLES;

--
-- Table structure for table `show_info`
--

DROP TABLE IF EXISTS `show_info`;
/*!40101 SET @saved_cs_client     = @@character_set_client */;
/*!40101 SET character_set_client = utf8 */;
CREATE TABLE `show_info` (
  `Show_info_id` int(11) NOT NULL AUTO_INCREMENT COMMENT '图片编号，主键，标识列',
  `Show_info_cid` int(11) NOT NULL COMMENT '商品信息表(图片外键)',
  `Show_info_url` varchar(500) NOT NULL COMMENT '图片路径',
  PRIMARY KEY (`Show_info_id`)
) ENGINE=InnoDB AUTO_INCREMENT=2358 DEFAULT CHARSET=utf8;
/*!40101 SET character_set_client = @saved_cs_client */;

--
-- Dumping data for table `show_info`
--

LOCK TABLES `show_info` WRITE;
/*!40000 ALTER TABLE `show_info` DISABLE KEYS */;
INSERT INTO `show_info` VALUES (289,149,'img/2罐减50臻牧中老年人羊奶粉无蔗糖高钙富硒老人820g成年男女罐装/img0.jpg'),(290,149,'img/2罐减50臻牧中老年人羊奶粉无蔗糖高钙富硒老人820g成年男女罐装/img1.jpg'),(291,149,'img/2罐减50臻牧中老年人羊奶粉无蔗糖高钙富硒老人820g成年男女罐装/img2.jpg'),(292,149,'img/2罐减50臻牧中老年人羊奶粉无蔗糖高钙富硒老人820g成年男女罐装/img3.jpg'),(293,149,'img/2罐减50臻牧中老年人羊奶粉无蔗糖高钙富硒老人820g成年男女罐装/img4.jpg'),(294,149,'img/2罐减50臻牧中老年人羊奶粉无蔗糖高钙富硒老人820g成年男女罐装/img5.jpg'),(295,149,'img/2罐减50臻牧中老年人羊奶粉无蔗糖高钙富硒老人820g成年男女罐装/img6.jpg'),(296,149,'img/2罐减50臻牧中老年人羊奶粉无蔗糖高钙富硒老人820g成年男女罐装/img7.jpg'),(297,149,'img/2罐减50臻牧中老年人羊奶粉无蔗糖高钙富硒老人820g成年男女罐装/img8.jpg'),(298,149,'img/2罐减50臻牧中老年人羊奶粉无蔗糖高钙富硒老人820g成年男女罐装/img9.jpg'),(299,149,'img/2罐减50臻牧中老年人羊奶粉无蔗糖高钙富硒老人820g成年男女罐装/img10.jpg'),(300,149,'img/2罐减50臻牧中老年人羊奶粉无蔗糖高钙富硒老人820g成年男女罐装/img11.jpg'),(301,149,'img/2罐减50臻牧中老年人羊奶粉无蔗糖高钙富硒老人820g成年男女罐装/img12.jpg'),(302,149,'img/2罐减50臻牧中老年人羊奶粉无蔗糖高钙富硒老人820g成年男女罐装/img13.jpg'),(303,149,'img/2罐减50臻牧中老年人羊奶粉无蔗糖高钙富硒老人820g成年男女罐装/img14.jpg'),(304,149,'img/2罐减50臻牧中老年人羊奶粉无蔗糖高钙富硒老人820g成年男女罐装/img15.jpg'),(305,149,'img/2罐减50臻牧中老年人羊奶粉无蔗糖高钙富硒老人820g成年男女罐装/img16.jpg'),(306,150,'img/大庆老奶粉锌铁钙奶粉老人成人青少年学生女士营养奶粉400gx4盒/img0.jpg'),(307,150,'img/大庆老奶粉锌铁钙奶粉老人成人青少年学生女士营养奶粉400gx4盒/img1.jpg'),(308,150,'img/大庆老奶粉锌铁钙奶粉老人成人青少年学生女士营养奶粉400gx4盒/img2.jpg'),(309,150,'img/大庆老奶粉锌铁钙奶粉老人成人青少年学生女士营养奶粉400gx4盒/img3.jpg'),(310,150,'img/大庆老奶粉锌铁钙奶粉老人成人青少年学生女士营养奶粉400gx4盒/img4.jpg'),(311,150,'img/大庆老奶粉锌铁钙奶粉老人成人青少年学生女士营养奶粉400gx4盒/img5.jpg'),(312,150,'img/大庆老奶粉锌铁钙奶粉老人成人青少年学生女士营养奶粉400gx4盒/img6.jpg'),(313,150,'img/大庆老奶粉锌铁钙奶粉老人成人青少年学生女士营养奶粉400gx4盒/img7.jpg'),(314,150,'img/大庆老奶粉锌铁钙奶粉老人成人青少年学生女士营养奶粉400gx4盒/img8.jpg'),(315,150,'img/大庆老奶粉锌铁钙奶粉老人成人青少年学生女士营养奶粉400gx4盒/img9.jpg'),(317,150,'img/大庆老奶粉锌铁钙奶粉老人成人青少年学生女士营养奶粉400gx4盒/img11.jpg'),(318,150,'img/大庆老奶粉锌铁钙奶粉老人成人青少年学生女士营养奶粉400gx4盒/img12.jpg'),(319,150,'img/大庆老奶粉锌铁钙奶粉老人成人青少年学生女士营养奶粉400gx4盒/img13.jpg'),(320,150,'img/大庆老奶粉锌铁钙奶粉老人成人青少年学生女士营养奶粉400gx4盒/img14.jpg'),(321,150,'img/大庆老奶粉锌铁钙奶粉老人成人青少年学生女士营养奶粉400gx4盒/img15.jpg'),(322,150,'img/大庆老奶粉锌铁钙奶粉老人成人青少年学生女士营养奶粉400gx4盒/img16.jpg'),(323,150,'img/大庆老奶粉锌铁钙奶粉老人成人青少年学生女士营养奶粉400gx4盒/img17.jpg'),(324,151,'img/伊利脱脂奶粉小袋装成年女士学生青少年高钙高蛋白健身早餐牛奶粉/img0.jpg'),(325,151,'img/伊利脱脂奶粉小袋装成年女士学生青少年高钙高蛋白健身早餐牛奶粉/img1.jpg'),(326,151,'img/伊利脱脂奶粉小袋装成年女士学生青少年高钙高蛋白健身早餐牛奶粉/img2.jpg'),(327,151,'img/伊利脱脂奶粉小袋装成年女士学生青少年高钙高蛋白健身早餐牛奶粉/img3.jpg'),(328,151,'img/伊利脱脂奶粉小袋装成年女士学生青少年高钙高蛋白健身早餐牛奶粉/img4.jpg'),(329,151,'img/伊利脱脂奶粉小袋装成年女士学生青少年高钙高蛋白健身早餐牛奶粉/img5.jpg'),(330,151,'img/伊利脱脂奶粉小袋装成年女士学生青少年高钙高蛋白健身早餐牛奶粉/img6.jpg'),(331,151,'img/伊利脱脂奶粉小袋装成年女士学生青少年高钙高蛋白健身早餐牛奶粉/img7.jpg'),(332,151,'img/伊利脱脂奶粉小袋装成年女士学生青少年高钙高蛋白健身早餐牛奶粉/img8.jpg'),(333,152,'img/送小盒君乐宝乐铂君乐宝奶粉3段乐铂宝宝三段罐装婴儿配方奶粉3段/img0.jpg'),(334,152,'img/送小盒君乐宝乐铂君乐宝奶粉3段乐铂宝宝三段罐装婴儿配方奶粉3段/img1.jpg'),(335,152,'img/送小盒君乐宝乐铂君乐宝奶粉3段乐铂宝宝三段罐装婴儿配方奶粉3段/img2.jpg'),(336,152,'img/送小盒君乐宝乐铂君乐宝奶粉3段乐铂宝宝三段罐装婴儿配方奶粉3段/img3.jpg'),(337,152,'img/送小盒君乐宝乐铂君乐宝奶粉3段乐铂宝宝三段罐装婴儿配方奶粉3段/img4.jpg'),(338,152,'img/送小盒君乐宝乐铂君乐宝奶粉3段乐铂宝宝三段罐装婴儿配方奶粉3段/img5.jpg'),(339,152,'img/送小盒君乐宝乐铂君乐宝奶粉3段乐铂宝宝三段罐装婴儿配方奶粉3段/img6.jpg'),(340,152,'img/送小盒君乐宝乐铂君乐宝奶粉3段乐铂宝宝三段罐装婴儿配方奶粉3段/img7.jpg'),(341,152,'img/送小盒君乐宝乐铂君乐宝奶粉3段乐铂宝宝三段罐装婴儿配方奶粉3段/img8.jpg'),(342,152,'img/送小盒君乐宝乐铂君乐宝奶粉3段乐铂宝宝三段罐装婴儿配方奶粉3段/img9.jpg'),(343,152,'img/送小盒君乐宝乐铂君乐宝奶粉3段乐铂宝宝三段罐装婴儿配方奶粉3段/img10.jpg'),(345,153,'img/澳洲进口美可卓蓝胖子脱脂成人牛奶粉1kg 女士低脂高钙早餐冲饮/img0.jpg'),(346,153,'img/澳洲进口美可卓蓝胖子脱脂成人牛奶粉1kg 女士低脂高钙早餐冲饮/img1.jpg'),(347,153,'img/澳洲进口美可卓蓝胖子脱脂成人牛奶粉1kg 女士低脂高钙早餐冲饮/img2.jpg'),(348,153,'img/澳洲进口美可卓蓝胖子脱脂成人牛奶粉1kg 女士低脂高钙早餐冲饮/img3.jpg'),(349,153,'img/澳洲进口美可卓蓝胖子脱脂成人牛奶粉1kg 女士低脂高钙早餐冲饮/img4.jpg'),(350,153,'img/澳洲进口美可卓蓝胖子脱脂成人牛奶粉1kg 女士低脂高钙早餐冲饮/img5.jpg'),(351,153,'img/澳洲进口美可卓蓝胖子脱脂成人牛奶粉1kg 女士低脂高钙早餐冲饮/img6.jpg'),(352,153,'img/澳洲进口美可卓蓝胖子脱脂成人牛奶粉1kg 女士低脂高钙早餐冲饮/img7.jpg'),(353,153,'img/澳洲进口美可卓蓝胖子脱脂成人牛奶粉1kg 女士低脂高钙早餐冲饮/img8.jpg'),(354,153,'img/澳洲进口美可卓蓝胖子脱脂成人牛奶粉1kg 女士低脂高钙早餐冲饮/img9.jpg'),(355,153,'img/澳洲进口美可卓蓝胖子脱脂成人牛奶粉1kg 女士低脂高钙早餐冲饮/img10.jpg'),(356,153,'img/澳洲进口美可卓蓝胖子脱脂成人牛奶粉1kg 女士低脂高钙早餐冲饮/img11.jpg'),(357,153,'img/澳洲进口美可卓蓝胖子脱脂成人牛奶粉1kg 女士低脂高钙早餐冲饮/img12.jpg'),(358,154,'img/蒙牛女士奶粉400g-2袋 女学生高钙高铁牛奶粉成年人女营养早餐/img0.jpg'),(359,154,'img/蒙牛女士奶粉400g-2袋 女学生高钙高铁牛奶粉成年人女营养早餐/img1.jpg'),(360,154,'img/蒙牛女士奶粉400g-2袋 女学生高钙高铁牛奶粉成年人女营养早餐/img2.jpg'),(361,154,'img/蒙牛女士奶粉400g-2袋 女学生高钙高铁牛奶粉成年人女营养早餐/img3.jpg'),(362,154,'img/蒙牛女士奶粉400g-2袋 女学生高钙高铁牛奶粉成年人女营养早餐/img4.jpg'),(363,154,'img/蒙牛女士奶粉400g-2袋 女学生高钙高铁牛奶粉成年人女营养早餐/img5.jpg'),(364,154,'img/蒙牛女士奶粉400g-2袋 女学生高钙高铁牛奶粉成年人女营养早餐/img6.jpg'),(365,154,'img/蒙牛女士奶粉400g-2袋 女学生高钙高铁牛奶粉成年人女营养早餐/img7.jpg'),(366,155,'img/秦川牌羊奶粉中老年成人学生儿童女士孕妇青少年高钙富硒配方奶粉/img0.jpg'),(367,155,'img/秦川牌羊奶粉中老年成人学生儿童女士孕妇青少年高钙富硒配方奶粉/img1.jpg'),(368,155,'img/秦川牌羊奶粉中老年成人学生儿童女士孕妇青少年高钙富硒配方奶粉/img2.jpg'),(369,155,'img/秦川牌羊奶粉中老年成人学生儿童女士孕妇青少年高钙富硒配方奶粉/img3.jpg'),(370,155,'img/秦川牌羊奶粉中老年成人学生儿童女士孕妇青少年高钙富硒配方奶粉/img4.jpg'),(371,155,'img/秦川牌羊奶粉中老年成人学生儿童女士孕妇青少年高钙富硒配方奶粉/img5.jpg'),(372,155,'img/秦川牌羊奶粉中老年成人学生儿童女士孕妇青少年高钙富硒配方奶粉/img6.jpg'),(373,155,'img/秦川牌羊奶粉中老年成人学生儿童女士孕妇青少年高钙富硒配方奶粉/img7.jpg'),(374,155,'img/秦川牌羊奶粉中老年成人学生儿童女士孕妇青少年高钙富硒配方奶粉/img8.jpg'),(375,155,'img/秦川牌羊奶粉中老年成人学生儿童女士孕妇青少年高钙富硒配方奶粉/img9.jpg'),(376,155,'img/秦川牌羊奶粉中老年成人学生儿童女士孕妇青少年高钙富硒配方奶粉/img10.jpg'),(377,155,'img/秦川牌羊奶粉中老年成人学生儿童女士孕妇青少年高钙富硒配方奶粉/img11.jpg'),(378,155,'img/秦川牌羊奶粉中老年成人学生儿童女士孕妇青少年高钙富硒配方奶粉/img12.jpg'),(379,155,'img/秦川牌羊奶粉中老年成人学生儿童女士孕妇青少年高钙富硒配方奶粉/img13.jpg'),(380,156,'img/【旗舰店】雀巢儿童配方中小学生青少年成长营养奶粉1000g-2/img0.jpg'),(381,156,'img/【旗舰店】雀巢儿童配方中小学生青少年成长营养奶粉1000g-2/img1.jpg'),(382,156,'img/【旗舰店】雀巢儿童配方中小学生青少年成长营养奶粉1000g-2/img2.jpg'),(383,156,'img/【旗舰店】雀巢儿童配方中小学生青少年成长营养奶粉1000g-2/img3.jpg'),(384,156,'img/【旗舰店】雀巢儿童配方中小学生青少年成长营养奶粉1000g-2/img4.jpg'),(385,156,'img/【旗舰店】雀巢儿童配方中小学生青少年成长营养奶粉1000g-2/img5.jpg'),(386,156,'img/【旗舰店】雀巢儿童配方中小学生青少年成长营养奶粉1000g-2/img6.jpg'),(387,156,'img/【旗舰店】雀巢儿童配方中小学生青少年成长营养奶粉1000g-2/img7.jpg'),(388,156,'img/【旗舰店】雀巢儿童配方中小学生青少年成长营养奶粉1000g-2/img8.jpg'),(389,156,'img/【旗舰店】雀巢儿童配方中小学生青少年成长营养奶粉1000g-2/img9.jpg'),(390,156,'img/【旗舰店】雀巢儿童配方中小学生青少年成长营养奶粉1000g-2/img10.jpg'),(391,156,'img/【旗舰店】雀巢儿童配方中小学生青少年成长营养奶粉1000g-2/img11.jpg'),(392,157,'img/贝因美爱加幼儿配方牛奶粉3段800g-6罐适合12-36月宝宝粉爱整箱装/img0.jpg'),(393,157,'img/贝因美爱加幼儿配方牛奶粉3段800g-6罐适合12-36月宝宝粉爱整箱装/img1.jpg'),(394,157,'img/贝因美爱加幼儿配方牛奶粉3段800g-6罐适合12-36月宝宝粉爱整箱装/img2.jpg'),(395,157,'img/贝因美爱加幼儿配方牛奶粉3段800g-6罐适合12-36月宝宝粉爱整箱装/img3.jpg'),(396,157,'img/贝因美爱加幼儿配方牛奶粉3段800g-6罐适合12-36月宝宝粉爱整箱装/img4.jpg'),(397,157,'img/贝因美爱加幼儿配方牛奶粉3段800g-6罐适合12-36月宝宝粉爱整箱装/img5.jpg'),(398,158,'img/Maeil 每日宫有机奶粉3段800g-3 宝宝婴幼儿 每日乳业临期特价/img0.jpg'),(399,158,'img/Maeil 每日宫有机奶粉3段800g-3 宝宝婴幼儿 每日乳业临期特价/img1.jpg'),(400,158,'img/Maeil 每日宫有机奶粉3段800g-3 宝宝婴幼儿 每日乳业临期特价/img2.jpg'),(401,158,'img/Maeil 每日宫有机奶粉3段800g-3 宝宝婴幼儿 每日乳业临期特价/img3.jpg'),(402,158,'img/Maeil 每日宫有机奶粉3段800g-3 宝宝婴幼儿 每日乳业临期特价/img4.jpg'),(403,158,'img/Maeil 每日宫有机奶粉3段800g-3 宝宝婴幼儿 每日乳业临期特价/img5.jpg'),(404,158,'img/Maeil 每日宫有机奶粉3段800g-3 宝宝婴幼儿 每日乳业临期特价/img6.jpg'),(405,158,'img/Maeil 每日宫有机奶粉3段800g-3 宝宝婴幼儿 每日乳业临期特价/img7.jpg'),(406,158,'img/Maeil 每日宫有机奶粉3段800g-3 宝宝婴幼儿 每日乳业临期特价/img8.jpg'),(407,159,'img/伊利中老年营养奶粉400克2袋装成人中年老人老年人高钙配方牛奶粉/img0.jpg'),(408,159,'img/伊利中老年营养奶粉400克2袋装成人中年老人老年人高钙配方牛奶粉/img1.jpg'),(409,159,'img/伊利中老年营养奶粉400克2袋装成人中年老人老年人高钙配方牛奶粉/img2.jpg'),(410,159,'img/伊利中老年营养奶粉400克2袋装成人中年老人老年人高钙配方牛奶粉/img3.jpg'),(411,159,'img/伊利中老年营养奶粉400克2袋装成人中年老人老年人高钙配方牛奶粉/img4.jpg'),(412,159,'img/伊利中老年营养奶粉400克2袋装成人中年老人老年人高钙配方牛奶粉/img5.jpg'),(413,159,'img/伊利中老年营养奶粉400克2袋装成人中年老人老年人高钙配方牛奶粉/img6.jpg'),(414,159,'img/伊利中老年营养奶粉400克2袋装成人中年老人老年人高钙配方牛奶粉/img7.jpg'),(415,160,'img/澳洲新西兰a2进口奶粉3段三段婴幼儿配方白金版A2蛋白质1-3岁4罐/img0.jpg'),(416,161,'img/旗舰店官网君乐宝小小鲁班奶粉4段儿童成长学生牛奶粉四段800g罐/img0.jpg'),(417,161,'img/旗舰店官网君乐宝小小鲁班奶粉4段儿童成长学生牛奶粉四段800g罐/img1.jpg'),(418,161,'img/旗舰店官网君乐宝小小鲁班奶粉4段儿童成长学生牛奶粉四段800g罐/img2.png'),(419,161,'img/旗舰店官网君乐宝小小鲁班奶粉4段儿童成长学生牛奶粉四段800g罐/img3.png'),(420,161,'img/旗舰店官网君乐宝小小鲁班奶粉4段儿童成长学生牛奶粉四段800g罐/img4.png'),(421,161,'img/旗舰店官网君乐宝小小鲁班奶粉4段儿童成长学生牛奶粉四段800g罐/img5.png'),(422,161,'img/旗舰店官网君乐宝小小鲁班奶粉4段儿童成长学生牛奶粉四段800g罐/img6.png'),(423,161,'img/旗舰店官网君乐宝小小鲁班奶粉4段儿童成长学生牛奶粉四段800g罐/img7.png'),(424,161,'img/旗舰店官网君乐宝小小鲁班奶粉4段儿童成长学生牛奶粉四段800g罐/img8.png'),(425,161,'img/旗舰店官网君乐宝小小鲁班奶粉4段儿童成长学生牛奶粉四段800g罐/img9.png'),(426,161,'img/旗舰店官网君乐宝小小鲁班奶粉4段儿童成长学生牛奶粉四段800g罐/img10.png'),(427,161,'img/旗舰店官网君乐宝小小鲁班奶粉4段儿童成长学生牛奶粉四段800g罐/img11.png'),(428,161,'img/旗舰店官网君乐宝小小鲁班奶粉4段儿童成长学生牛奶粉四段800g罐/img12.png'),(429,161,'img/旗舰店官网君乐宝小小鲁班奶粉4段儿童成长学生牛奶粉四段800g罐/img13.png'),(430,161,'img/旗舰店官网君乐宝小小鲁班奶粉4段儿童成长学生牛奶粉四段800g罐/img14.png'),(431,161,'img/旗舰店官网君乐宝小小鲁班奶粉4段儿童成长学生牛奶粉四段800g罐/img15.png'),(432,161,'img/旗舰店官网君乐宝小小鲁班奶粉4段儿童成长学生牛奶粉四段800g罐/img16.png'),(433,161,'img/旗舰店官网君乐宝小小鲁班奶粉4段儿童成长学生牛奶粉四段800g罐/img17.png'),(434,161,'img/旗舰店官网君乐宝小小鲁班奶粉4段儿童成长学生牛奶粉四段800g罐/img18.png'),(435,161,'img/旗舰店官网君乐宝小小鲁班奶粉4段儿童成长学生牛奶粉四段800g罐/img19.png'),(436,161,'img/旗舰店官网君乐宝小小鲁班奶粉4段儿童成长学生牛奶粉四段800g罐/img20.png'),(437,163,'img/伊利旗舰店 欣活中老年奶粉900g-2罐礼盒版营养奶粉送礼/img0.jpg'),(438,163,'img/伊利旗舰店 欣活中老年奶粉900g-2罐礼盒版营养奶粉送礼/img1.jpg'),(439,163,'img/伊利旗舰店 欣活中老年奶粉900g-2罐礼盒版营养奶粉送礼/img2.jpg'),(440,163,'img/伊利旗舰店 欣活中老年奶粉900g-2罐礼盒版营养奶粉送礼/img3.jpg'),(441,163,'img/伊利旗舰店 欣活中老年奶粉900g-2罐礼盒版营养奶粉送礼/img4.jpg'),(442,163,'img/伊利旗舰店 欣活中老年奶粉900g-2罐礼盒版营养奶粉送礼/img5.jpg'),(444,164,'img/合生元官方旗舰店派星幼儿3段配方奶粉900g适合1-3岁宝宝欧洲原罐/img1.jpg'),(445,164,'img/合生元官方旗舰店派星幼儿3段配方奶粉900g适合1-3岁宝宝欧洲原罐/img2.jpg'),(446,164,'img/合生元官方旗舰店派星幼儿3段配方奶粉900g适合1-3岁宝宝欧洲原罐/img3.jpg'),(447,164,'img/合生元官方旗舰店派星幼儿3段配方奶粉900g适合1-3岁宝宝欧洲原罐/img4.jpg'),(448,164,'img/合生元官方旗舰店派星幼儿3段配方奶粉900g适合1-3岁宝宝欧洲原罐/img5.jpg'),(449,164,'img/合生元官方旗舰店派星幼儿3段配方奶粉900g适合1-3岁宝宝欧洲原罐/img6.jpg'),(451,164,'img/合生元官方旗舰店派星幼儿3段配方奶粉900g适合1-3岁宝宝欧洲原罐/img8.jpg'),(452,164,'img/合生元官方旗舰店派星幼儿3段配方奶粉900g适合1-3岁宝宝欧洲原罐/img9.jpg'),(453,164,'img/合生元官方旗舰店派星幼儿3段配方奶粉900g适合1-3岁宝宝欧洲原罐/img10.jpg'),(454,164,'img/合生元官方旗舰店派星幼儿3段配方奶粉900g适合1-3岁宝宝欧洲原罐/img11.jpg'),(455,164,'img/合生元官方旗舰店派星幼儿3段配方奶粉900g适合1-3岁宝宝欧洲原罐/img12.jpg'),(456,164,'img/合生元官方旗舰店派星幼儿3段配方奶粉900g适合1-3岁宝宝欧洲原罐/img13.jpg'),(457,164,'img/合生元官方旗舰店派星幼儿3段配方奶粉900g适合1-3岁宝宝欧洲原罐/img14.jpg'),(458,164,'img/合生元官方旗舰店派星幼儿3段配方奶粉900g适合1-3岁宝宝欧洲原罐/img15.jpg'),(459,164,'img/合生元官方旗舰店派星幼儿3段配方奶粉900g适合1-3岁宝宝欧洲原罐/img16.jpg'),(460,164,'img/合生元官方旗舰店派星幼儿3段配方奶粉900g适合1-3岁宝宝欧洲原罐/img17.jpg'),(461,164,'img/合生元官方旗舰店派星幼儿3段配方奶粉900g适合1-3岁宝宝欧洲原罐/img18.jpg'),(462,164,'img/合生元官方旗舰店派星幼儿3段配方奶粉900g适合1-3岁宝宝欧洲原罐/img19.jpg'),(463,164,'img/合生元官方旗舰店派星幼儿3段配方奶粉900g适合1-3岁宝宝欧洲原罐/img20.jpg'),(464,164,'img/合生元官方旗舰店派星幼儿3段配方奶粉900g适合1-3岁宝宝欧洲原罐/img21.jpg'),(465,164,'img/合生元官方旗舰店派星幼儿3段配方奶粉900g适合1-3岁宝宝欧洲原罐/img22.jpg'),(466,164,'img/合生元官方旗舰店派星幼儿3段配方奶粉900g适合1-3岁宝宝欧洲原罐/img23.jpg'),(467,164,'img/合生元官方旗舰店派星幼儿3段配方奶粉900g适合1-3岁宝宝欧洲原罐/img24.jpg'),(468,164,'img/合生元官方旗舰店派星幼儿3段配方奶粉900g适合1-3岁宝宝欧洲原罐/img25.jpg'),(469,164,'img/合生元官方旗舰店派星幼儿3段配方奶粉900g适合1-3岁宝宝欧洲原罐/img26.jpg'),(470,164,'img/合生元官方旗舰店派星幼儿3段配方奶粉900g适合1-3岁宝宝欧洲原罐/img27.jpg'),(471,164,'img/合生元官方旗舰店派星幼儿3段配方奶粉900g适合1-3岁宝宝欧洲原罐/img28.jpg'),(472,164,'img/合生元官方旗舰店派星幼儿3段配方奶粉900g适合1-3岁宝宝欧洲原罐/img29.jpg'),(473,164,'img/合生元官方旗舰店派星幼儿3段配方奶粉900g适合1-3岁宝宝欧洲原罐/img30.jpg'),(474,164,'img/合生元官方旗舰店派星幼儿3段配方奶粉900g适合1-3岁宝宝欧洲原罐/img31.jpg'),(475,164,'img/合生元官方旗舰店派星幼儿3段配方奶粉900g适合1-3岁宝宝欧洲原罐/img32.jpg'),(476,164,'img/合生元官方旗舰店派星幼儿3段配方奶粉900g适合1-3岁宝宝欧洲原罐/img33.jpg'),(480,165,'img/买1得7】伊利珍护3段900g克婴幼儿三段金领冠牛奶粉罐装官方正品/img3.jpg'),(481,165,'img/买1得7】伊利珍护3段900g克婴幼儿三段金领冠牛奶粉罐装官方正品/img4.jpg'),(482,165,'img/买1得7】伊利珍护3段900g克婴幼儿三段金领冠牛奶粉罐装官方正品/img5.jpg'),(483,165,'img/买1得7】伊利珍护3段900g克婴幼儿三段金领冠牛奶粉罐装官方正品/img6.jpg'),(484,165,'img/买1得7】伊利珍护3段900g克婴幼儿三段金领冠牛奶粉罐装官方正品/img7.jpg'),(485,165,'img/买1得7】伊利珍护3段900g克婴幼儿三段金领冠牛奶粉罐装官方正品/img8.jpg'),(486,165,'img/买1得7】伊利珍护3段900g克婴幼儿三段金领冠牛奶粉罐装官方正品/img9.jpg'),(487,165,'img/买1得7】伊利珍护3段900g克婴幼儿三段金领冠牛奶粉罐装官方正品/img10.jpg'),(488,165,'img/买1得7】伊利珍护3段900g克婴幼儿三段金领冠牛奶粉罐装官方正品/img11.jpg'),(489,165,'img/买1得7】伊利珍护3段900g克婴幼儿三段金领冠牛奶粉罐装官方正品/img12.jpg'),(490,165,'img/买1得7】伊利珍护3段900g克婴幼儿三段金领冠牛奶粉罐装官方正品/img13.jpg'),(491,165,'img/买1得7】伊利珍护3段900g克婴幼儿三段金领冠牛奶粉罐装官方正品/img14.jpg'),(492,166,'img/澳洲新西兰a2奶粉3段三段婴幼儿配方白金版A2蛋白质1-3岁2罐/img0.jpg'),(493,167,'img/Nutrilon诺优能幼儿配方奶粉3段六罐 牛栏原装进口/img0.jpg'),(494,167,'img/Nutrilon诺优能幼儿配方奶粉3段六罐 牛栏原装进口/img1.jpg'),(495,167,'img/Nutrilon诺优能幼儿配方奶粉3段六罐 牛栏原装进口/img2.jpg'),(496,167,'img/Nutrilon诺优能幼儿配方奶粉3段六罐 牛栏原装进口/img3.jpg'),(497,167,'img/Nutrilon诺优能幼儿配方奶粉3段六罐 牛栏原装进口/img4.jpg'),(498,167,'img/Nutrilon诺优能幼儿配方奶粉3段六罐 牛栏原装进口/img5.jpg'),(499,167,'img/Nutrilon诺优能幼儿配方奶粉3段六罐 牛栏原装进口/img6.jpg'),(500,167,'img/Nutrilon诺优能幼儿配方奶粉3段六罐 牛栏原装进口/img7.jpg'),(501,167,'img/Nutrilon诺优能幼儿配方奶粉3段六罐 牛栏原装进口/img8.jpg'),(502,167,'img/Nutrilon诺优能幼儿配方奶粉3段六罐 牛栏原装进口/img9.jpg'),(503,167,'img/Nutrilon诺优能幼儿配方奶粉3段六罐 牛栏原装进口/img10.jpg'),(504,167,'img/Nutrilon诺优能幼儿配方奶粉3段六罐 牛栏原装进口/img11.jpg'),(505,167,'img/Nutrilon诺优能幼儿配方奶粉3段六罐 牛栏原装进口/img12.jpg'),(506,167,'img/Nutrilon诺优能幼儿配方奶粉3段六罐 牛栏原装进口/img13.jpg'),(507,167,'img/Nutrilon诺优能幼儿配方奶粉3段六罐 牛栏原装进口/img14.jpg'),(508,168,'img/拍2发3百年龙腾无蔗糖高钙山羊奶粉孕妇成年成人女士中老年人学生/img0.jpg'),(509,168,'img/拍2发3百年龙腾无蔗糖高钙山羊奶粉孕妇成年成人女士中老年人学生/img1.jpg'),(510,168,'img/拍2发3百年龙腾无蔗糖高钙山羊奶粉孕妇成年成人女士中老年人学生/img2.jpg'),(511,168,'img/拍2发3百年龙腾无蔗糖高钙山羊奶粉孕妇成年成人女士中老年人学生/img3.jpg'),(512,168,'img/拍2发3百年龙腾无蔗糖高钙山羊奶粉孕妇成年成人女士中老年人学生/img4.jpg'),(513,168,'img/拍2发3百年龙腾无蔗糖高钙山羊奶粉孕妇成年成人女士中老年人学生/img5.jpg'),(514,168,'img/拍2发3百年龙腾无蔗糖高钙山羊奶粉孕妇成年成人女士中老年人学生/img6.jpg'),(515,168,'img/拍2发3百年龙腾无蔗糖高钙山羊奶粉孕妇成年成人女士中老年人学生/img7.jpg'),(516,168,'img/拍2发3百年龙腾无蔗糖高钙山羊奶粉孕妇成年成人女士中老年人学生/img8.jpg'),(517,168,'img/拍2发3百年龙腾无蔗糖高钙山羊奶粉孕妇成年成人女士中老年人学生/img9.jpg'),(518,168,'img/拍2发3百年龙腾无蔗糖高钙山羊奶粉孕妇成年成人女士中老年人学生/img10.jpg'),(519,168,'img/拍2发3百年龙腾无蔗糖高钙山羊奶粉孕妇成年成人女士中老年人学生/img11.jpg'),(520,168,'img/拍2发3百年龙腾无蔗糖高钙山羊奶粉孕妇成年成人女士中老年人学生/img12.jpg'),(521,168,'img/拍2发3百年龙腾无蔗糖高钙山羊奶粉孕妇成年成人女士中老年人学生/img13.jpg'),(522,168,'img/拍2发3百年龙腾无蔗糖高钙山羊奶粉孕妇成年成人女士中老年人学生/img14.jpg'),(523,168,'img/拍2发3百年龙腾无蔗糖高钙山羊奶粉孕妇成年成人女士中老年人学生/img15.jpg'),(524,168,'img/拍2发3百年龙腾无蔗糖高钙山羊奶粉孕妇成年成人女士中老年人学生/img16.jpg'),(525,169,'img/【旗舰店】雀巢怡养金装健心2合1中老年高钙营养奶粉800g-2听/img0.jpg'),(526,169,'img/【旗舰店】雀巢怡养金装健心2合1中老年高钙营养奶粉800g-2听/img1.jpg'),(527,169,'img/【旗舰店】雀巢怡养金装健心2合1中老年高钙营养奶粉800g-2听/img2.jpg'),(528,169,'img/【旗舰店】雀巢怡养金装健心2合1中老年高钙营养奶粉800g-2听/img3.jpg'),(529,169,'img/【旗舰店】雀巢怡养金装健心2合1中老年高钙营养奶粉800g-2听/img4.jpg'),(530,169,'img/【旗舰店】雀巢怡养金装健心2合1中老年高钙营养奶粉800g-2听/img5.jpg'),(531,169,'img/【旗舰店】雀巢怡养金装健心2合1中老年高钙营养奶粉800g-2听/img6.jpg'),(532,169,'img/【旗舰店】雀巢怡养金装健心2合1中老年高钙营养奶粉800g-2听/img7.jpg'),(533,172,'img/8月新】伊利金领冠3段1200g克三联包幼儿配方三段400g-3盒装奶粉/img0.jpg'),(534,172,'img/8月新】伊利金领冠3段1200g克三联包幼儿配方三段400g-3盒装奶粉/img1.png'),(535,172,'img/8月新】伊利金领冠3段1200g克三联包幼儿配方三段400g-3盒装奶粉/img2.png'),(536,172,'img/8月新】伊利金领冠3段1200g克三联包幼儿配方三段400g-3盒装奶粉/img3.jpg'),(537,172,'img/8月新】伊利金领冠3段1200g克三联包幼儿配方三段400g-3盒装奶粉/img4.jpg'),(538,172,'img/8月新】伊利金领冠3段1200g克三联包幼儿配方三段400g-3盒装奶粉/img5.jpg'),(539,172,'img/8月新】伊利金领冠3段1200g克三联包幼儿配方三段400g-3盒装奶粉/img6.jpg'),(540,172,'img/8月新】伊利金领冠3段1200g克三联包幼儿配方三段400g-3盒装奶粉/img7.jpg'),(541,172,'img/8月新】伊利金领冠3段1200g克三联包幼儿配方三段400g-3盒装奶粉/img8.jpg'),(542,172,'img/8月新】伊利金领冠3段1200g克三联包幼儿配方三段400g-3盒装奶粉/img9.jpg'),(543,172,'img/8月新】伊利金领冠3段1200g克三联包幼儿配方三段400g-3盒装奶粉/img10.png'),(544,172,'img/8月新】伊利金领冠3段1200g克三联包幼儿配方三段400g-3盒装奶粉/img11.png'),(545,172,'img/8月新】伊利金领冠3段1200g克三联包幼儿配方三段400g-3盒装奶粉/img12.png'),(546,172,'img/8月新】伊利金领冠3段1200g克三联包幼儿配方三段400g-3盒装奶粉/img13.png'),(547,172,'img/8月新】伊利金领冠3段1200g克三联包幼儿配方三段400g-3盒装奶粉/img14.png'),(548,173,'img/【下单买1送6】伊利金领冠珍护2段 伊利婴儿奶粉二段 900g罐装/img0.jpg'),(549,173,'img/【下单买1送6】伊利金领冠珍护2段 伊利婴儿奶粉二段 900g罐装/img1.jpg'),(550,173,'img/【下单买1送6】伊利金领冠珍护2段 伊利婴儿奶粉二段 900g罐装/img2.jpg'),(551,173,'img/【下单买1送6】伊利金领冠珍护2段 伊利婴儿奶粉二段 900g罐装/img3.jpg'),(552,173,'img/【下单买1送6】伊利金领冠珍护2段 伊利婴儿奶粉二段 900g罐装/img4.jpg'),(553,173,'img/【下单买1送6】伊利金领冠珍护2段 伊利婴儿奶粉二段 900g罐装/img5.jpg'),(554,173,'img/【下单买1送6】伊利金领冠珍护2段 伊利婴儿奶粉二段 900g罐装/img6.jpg'),(555,173,'img/【下单买1送6】伊利金领冠珍护2段 伊利婴儿奶粉二段 900g罐装/img7.jpg'),(556,173,'img/【下单买1送6】伊利金领冠珍护2段 伊利婴儿奶粉二段 900g罐装/img8.jpg'),(557,173,'img/【下单买1送6】伊利金领冠珍护2段 伊利婴儿奶粉二段 900g罐装/img9.jpg'),(558,173,'img/【下单买1送6】伊利金领冠珍护2段 伊利婴儿奶粉二段 900g罐装/img10.jpg'),(559,173,'img/【下单买1送6】伊利金领冠珍护2段 伊利婴儿奶粉二段 900g罐装/img11.jpg'),(560,173,'img/【下单买1送6】伊利金领冠珍护2段 伊利婴儿奶粉二段 900g罐装/img12.jpg'),(561,174,'img/Nutrilon诺优能婴儿幼儿配方奶粉3段双罐装 牛栏原装进口/img0.jpg'),(562,174,'img/Nutrilon诺优能婴儿幼儿配方奶粉3段双罐装 牛栏原装进口/img1.jpg'),(563,174,'img/Nutrilon诺优能婴儿幼儿配方奶粉3段双罐装 牛栏原装进口/img2.jpg'),(564,174,'img/Nutrilon诺优能婴儿幼儿配方奶粉3段双罐装 牛栏原装进口/img3.jpg'),(565,174,'img/Nutrilon诺优能婴儿幼儿配方奶粉3段双罐装 牛栏原装进口/img4.jpg'),(566,174,'img/Nutrilon诺优能婴儿幼儿配方奶粉3段双罐装 牛栏原装进口/img5.jpg'),(567,174,'img/Nutrilon诺优能婴儿幼儿配方奶粉3段双罐装 牛栏原装进口/img6.jpg'),(568,174,'img/Nutrilon诺优能婴儿幼儿配方奶粉3段双罐装 牛栏原装进口/img7.jpg'),(569,174,'img/Nutrilon诺优能婴儿幼儿配方奶粉3段双罐装 牛栏原装进口/img8.jpg'),(570,174,'img/Nutrilon诺优能婴儿幼儿配方奶粉3段双罐装 牛栏原装进口/img9.jpg'),(571,174,'img/Nutrilon诺优能婴儿幼儿配方奶粉3段双罐装 牛栏原装进口/img10.jpg'),(572,174,'img/Nutrilon诺优能婴儿幼儿配方奶粉3段双罐装 牛栏原装进口/img11.jpg'),(573,174,'img/Nutrilon诺优能婴儿幼儿配方奶粉3段双罐装 牛栏原装进口/img12.jpg'),(574,174,'img/Nutrilon诺优能婴儿幼儿配方奶粉3段双罐装 牛栏原装进口/img13.jpg'),(575,174,'img/Nutrilon诺优能婴儿幼儿配方奶粉3段双罐装 牛栏原装进口/img14.jpg'),(577,175,'img/8月新货】伊利金领冠3段900g克婴儿幼儿配方奶粉三段罐旗舰店官网/img1.png'),(578,175,'img/8月新货】伊利金领冠3段900g克婴儿幼儿配方奶粉三段罐旗舰店官网/img2.png'),(579,175,'img/8月新货】伊利金领冠3段900g克婴儿幼儿配方奶粉三段罐旗舰店官网/img3.png'),(580,175,'img/8月新货】伊利金领冠3段900g克婴儿幼儿配方奶粉三段罐旗舰店官网/img4.png'),(581,175,'img/8月新货】伊利金领冠3段900g克婴儿幼儿配方奶粉三段罐旗舰店官网/img5.png'),(582,175,'img/8月新货】伊利金领冠3段900g克婴儿幼儿配方奶粉三段罐旗舰店官网/img6.png'),(583,175,'img/8月新货】伊利金领冠3段900g克婴儿幼儿配方奶粉三段罐旗舰店官网/img7.png'),(584,175,'img/8月新货】伊利金领冠3段900g克婴儿幼儿配方奶粉三段罐旗舰店官网/img8.png'),(585,175,'img/8月新货】伊利金领冠3段900g克婴儿幼儿配方奶粉三段罐旗舰店官网/img9.png'),(586,175,'img/8月新货】伊利金领冠3段900g克婴儿幼儿配方奶粉三段罐旗舰店官网/img10.png'),(587,175,'img/8月新货】伊利金领冠3段900g克婴儿幼儿配方奶粉三段罐旗舰店官网/img11.jpg'),(588,175,'img/8月新货】伊利金领冠3段900g克婴儿幼儿配方奶粉三段罐旗舰店官网/img12.jpg'),(589,175,'img/8月新货】伊利金领冠3段900g克婴儿幼儿配方奶粉三段罐旗舰店官网/img13.jpg'),(590,175,'img/8月新货】伊利金领冠3段900g克婴儿幼儿配方奶粉三段罐旗舰店官网/img14.jpg'),(591,175,'img/8月新货】伊利金领冠3段900g克婴儿幼儿配方奶粉三段罐旗舰店官网/img15.jpg'),(592,176,'img/合生元官方旗舰店贝塔星婴幼儿配方牛奶粉3段900g适合1-3岁宝宝/img0.jpg'),(593,176,'img/合生元官方旗舰店贝塔星婴幼儿配方牛奶粉3段900g适合1-3岁宝宝/img1.jpg'),(594,176,'img/合生元官方旗舰店贝塔星婴幼儿配方牛奶粉3段900g适合1-3岁宝宝/img2.jpg'),(595,176,'img/合生元官方旗舰店贝塔星婴幼儿配方牛奶粉3段900g适合1-3岁宝宝/img3.jpg'),(596,176,'img/合生元官方旗舰店贝塔星婴幼儿配方牛奶粉3段900g适合1-3岁宝宝/img4.jpg'),(597,176,'img/合生元官方旗舰店贝塔星婴幼儿配方牛奶粉3段900g适合1-3岁宝宝/img5.jpg'),(598,176,'img/合生元官方旗舰店贝塔星婴幼儿配方牛奶粉3段900g适合1-3岁宝宝/img6.jpg'),(599,176,'img/合生元官方旗舰店贝塔星婴幼儿配方牛奶粉3段900g适合1-3岁宝宝/img7.jpg'),(600,176,'img/合生元官方旗舰店贝塔星婴幼儿配方牛奶粉3段900g适合1-3岁宝宝/img8.jpg'),(601,176,'img/合生元官方旗舰店贝塔星婴幼儿配方牛奶粉3段900g适合1-3岁宝宝/img9.jpg'),(602,177,'img/雀巢官方超启能恩超级能恩3段婴幼儿配方奶粉800g-6罐1-3岁/img0.jpg'),(603,177,'img/雀巢官方超启能恩超级能恩3段婴幼儿配方奶粉800g-6罐1-3岁/img1.jpg'),(604,177,'img/雀巢官方超启能恩超级能恩3段婴幼儿配方奶粉800g-6罐1-3岁/img2.jpg'),(605,177,'img/雀巢官方超启能恩超级能恩3段婴幼儿配方奶粉800g-6罐1-3岁/img3.jpg'),(606,177,'img/雀巢官方超启能恩超级能恩3段婴幼儿配方奶粉800g-6罐1-3岁/img4.jpg'),(607,177,'img/雀巢官方超启能恩超级能恩3段婴幼儿配方奶粉800g-6罐1-3岁/img5.jpg'),(608,177,'img/雀巢官方超启能恩超级能恩3段婴幼儿配方奶粉800g-6罐1-3岁/img6.jpg'),(609,177,'img/雀巢官方超启能恩超级能恩3段婴幼儿配方奶粉800g-6罐1-3岁/img7.jpg'),(610,177,'img/雀巢官方超启能恩超级能恩3段婴幼儿配方奶粉800g-6罐1-3岁/img8.jpg'),(611,177,'img/雀巢官方超启能恩超级能恩3段婴幼儿配方奶粉800g-6罐1-3岁/img9.jpg'),(612,177,'img/雀巢官方超启能恩超级能恩3段婴幼儿配方奶粉800g-6罐1-3岁/img10.jpg'),(613,178,'img/贝因美旗舰店菁爱1段1kg-2罐0-6月婴儿配方宝宝牛奶粉菁选生牛乳/img0.jpg'),(614,178,'img/贝因美旗舰店菁爱1段1kg-2罐0-6月婴儿配方宝宝牛奶粉菁选生牛乳/img1.jpg'),(615,178,'img/贝因美旗舰店菁爱1段1kg-2罐0-6月婴儿配方宝宝牛奶粉菁选生牛乳/img2.jpg'),(616,178,'img/贝因美旗舰店菁爱1段1kg-2罐0-6月婴儿配方宝宝牛奶粉菁选生牛乳/img3.jpg'),(617,178,'img/贝因美旗舰店菁爱1段1kg-2罐0-6月婴儿配方宝宝牛奶粉菁选生牛乳/img4.jpg'),(618,178,'img/贝因美旗舰店菁爱1段1kg-2罐0-6月婴儿配方宝宝牛奶粉菁选生牛乳/img5.jpg'),(619,178,'img/贝因美旗舰店菁爱1段1kg-2罐0-6月婴儿配方宝宝牛奶粉菁选生牛乳/img6.jpg'),(620,178,'img/贝因美旗舰店菁爱1段1kg-2罐0-6月婴儿配方宝宝牛奶粉菁选生牛乳/img7.jpg'),(621,178,'img/贝因美旗舰店菁爱1段1kg-2罐0-6月婴儿配方宝宝牛奶粉菁选生牛乳/img8.jpg'),(622,178,'img/贝因美旗舰店菁爱1段1kg-2罐0-6月婴儿配方宝宝牛奶粉菁选生牛乳/img9.jpg'),(623,178,'img/贝因美旗舰店菁爱1段1kg-2罐0-6月婴儿配方宝宝牛奶粉菁选生牛乳/img10.jpg'),(624,178,'img/贝因美旗舰店菁爱1段1kg-2罐0-6月婴儿配方宝宝牛奶粉菁选生牛乳/img11.jpg'),(625,178,'img/贝因美旗舰店菁爱1段1kg-2罐0-6月婴儿配方宝宝牛奶粉菁选生牛乳/img12.jpg'),(626,178,'img/贝因美旗舰店菁爱1段1kg-2罐0-6月婴儿配方宝宝牛奶粉菁选生牛乳/img13.jpg'),(627,178,'img/贝因美旗舰店菁爱1段1kg-2罐0-6月婴儿配方宝宝牛奶粉菁选生牛乳/img14.jpg'),(628,178,'img/贝因美旗舰店菁爱1段1kg-2罐0-6月婴儿配方宝宝牛奶粉菁选生牛乳/img15.jpg'),(629,178,'img/贝因美旗舰店菁爱1段1kg-2罐0-6月婴儿配方宝宝牛奶粉菁选生牛乳/img16.png'),(630,179,'img/官方店】新疆骆驼奶粉 千绝精选全脂驼奶粉375g 纯驼乳粉无蔗糖/img0.jpg'),(631,179,'img/官方店】新疆骆驼奶粉 千绝精选全脂驼奶粉375g 纯驼乳粉无蔗糖/img1.jpg'),(632,179,'img/官方店】新疆骆驼奶粉 千绝精选全脂驼奶粉375g 纯驼乳粉无蔗糖/img2.jpg'),(633,179,'img/官方店】新疆骆驼奶粉 千绝精选全脂驼奶粉375g 纯驼乳粉无蔗糖/img3.jpg'),(634,179,'img/官方店】新疆骆驼奶粉 千绝精选全脂驼奶粉375g 纯驼乳粉无蔗糖/img4.jpg'),(635,179,'img/官方店】新疆骆驼奶粉 千绝精选全脂驼奶粉375g 纯驼乳粉无蔗糖/img5.jpg'),(636,179,'img/官方店】新疆骆驼奶粉 千绝精选全脂驼奶粉375g 纯驼乳粉无蔗糖/img6.jpg'),(637,179,'img/官方店】新疆骆驼奶粉 千绝精选全脂驼奶粉375g 纯驼乳粉无蔗糖/img7.jpg'),(638,179,'img/官方店】新疆骆驼奶粉 千绝精选全脂驼奶粉375g 纯驼乳粉无蔗糖/img8.jpg'),(639,179,'img/官方店】新疆骆驼奶粉 千绝精选全脂驼奶粉375g 纯驼乳粉无蔗糖/img9.jpg'),(640,179,'img/官方店】新疆骆驼奶粉 千绝精选全脂驼奶粉375g 纯驼乳粉无蔗糖/img10.jpg'),(641,179,'img/官方店】新疆骆驼奶粉 千绝精选全脂驼奶粉375g 纯驼乳粉无蔗糖/img11.jpg'),(642,179,'img/官方店】新疆骆驼奶粉 千绝精选全脂驼奶粉375g 纯驼乳粉无蔗糖/img12.jpg'),(643,179,'img/官方店】新疆骆驼奶粉 千绝精选全脂驼奶粉375g 纯驼乳粉无蔗糖/img13.jpg'),(644,179,'img/官方店】新疆骆驼奶粉 千绝精选全脂驼奶粉375g 纯驼乳粉无蔗糖/img14.png'),(645,179,'img/官方店】新疆骆驼奶粉 千绝精选全脂驼奶粉375g 纯驼乳粉无蔗糖/img15.jpg'),(646,180,'img/贝因美 菁爱幼儿配方奶粉3段900g-6罐旗舰店菁选生牛乳加乳铁蛋白/img0.jpg'),(647,180,'img/贝因美 菁爱幼儿配方奶粉3段900g-6罐旗舰店菁选生牛乳加乳铁蛋白/img1.jpg'),(648,180,'img/贝因美 菁爱幼儿配方奶粉3段900g-6罐旗舰店菁选生牛乳加乳铁蛋白/img2.jpg'),(649,180,'img/贝因美 菁爱幼儿配方奶粉3段900g-6罐旗舰店菁选生牛乳加乳铁蛋白/img3.jpg'),(650,180,'img/贝因美 菁爱幼儿配方奶粉3段900g-6罐旗舰店菁选生牛乳加乳铁蛋白/img4.jpg'),(651,180,'img/贝因美 菁爱幼儿配方奶粉3段900g-6罐旗舰店菁选生牛乳加乳铁蛋白/img5.jpg'),(652,180,'img/贝因美 菁爱幼儿配方奶粉3段900g-6罐旗舰店菁选生牛乳加乳铁蛋白/img6.jpg'),(653,180,'img/贝因美 菁爱幼儿配方奶粉3段900g-6罐旗舰店菁选生牛乳加乳铁蛋白/img7.jpg'),(654,180,'img/贝因美 菁爱幼儿配方奶粉3段900g-6罐旗舰店菁选生牛乳加乳铁蛋白/img8.jpg'),(655,180,'img/贝因美 菁爱幼儿配方奶粉3段900g-6罐旗舰店菁选生牛乳加乳铁蛋白/img9.jpg'),(656,180,'img/贝因美 菁爱幼儿配方奶粉3段900g-6罐旗舰店菁选生牛乳加乳铁蛋白/img10.jpg'),(657,180,'img/贝因美 菁爱幼儿配方奶粉3段900g-6罐旗舰店菁选生牛乳加乳铁蛋白/img11.jpg'),(658,180,'img/贝因美 菁爱幼儿配方奶粉3段900g-6罐旗舰店菁选生牛乳加乳铁蛋白/img12.jpg'),(659,180,'img/贝因美 菁爱幼儿配方奶粉3段900g-6罐旗舰店菁选生牛乳加乳铁蛋白/img13.jpg'),(660,180,'img/贝因美 菁爱幼儿配方奶粉3段900g-6罐旗舰店菁选生牛乳加乳铁蛋白/img14.jpg'),(661,180,'img/贝因美 菁爱幼儿配方奶粉3段900g-6罐旗舰店菁选生牛乳加乳铁蛋白/img15.jpg'),(662,180,'img/贝因美 菁爱幼儿配方奶粉3段900g-6罐旗舰店菁选生牛乳加乳铁蛋白/img16.jpg'),(663,180,'img/贝因美 菁爱幼儿配方奶粉3段900g-6罐旗舰店菁选生牛乳加乳铁蛋白/img17.jpg'),(664,180,'img/贝因美 菁爱幼儿配方奶粉3段900g-6罐旗舰店菁选生牛乳加乳铁蛋白/img18.jpg'),(665,181,'img/雅培铂优恩美力欧洲原罐进口婴幼儿儿童牛奶粉3段900g-4罐 1-3岁/img0.png'),(666,181,'img/雅培铂优恩美力欧洲原罐进口婴幼儿儿童牛奶粉3段900g-4罐 1-3岁/img1.jpg'),(667,181,'img/雅培铂优恩美力欧洲原罐进口婴幼儿儿童牛奶粉3段900g-4罐 1-3岁/img2.png'),(668,181,'img/雅培铂优恩美力欧洲原罐进口婴幼儿儿童牛奶粉3段900g-4罐 1-3岁/img3.png'),(669,181,'img/雅培铂优恩美力欧洲原罐进口婴幼儿儿童牛奶粉3段900g-4罐 1-3岁/img4.png'),(670,181,'img/雅培铂优恩美力欧洲原罐进口婴幼儿儿童牛奶粉3段900g-4罐 1-3岁/img5.jpg'),(671,184,'img/8月新】伊利金领冠3段1200g克三联包幼儿配方三段400g-3盒装奶粉/img0.jpg'),(672,184,'img/8月新】伊利金领冠3段1200g克三联包幼儿配方三段400g-3盒装奶粉/img1.png'),(673,184,'img/8月新】伊利金领冠3段1200g克三联包幼儿配方三段400g-3盒装奶粉/img2.png'),(674,184,'img/8月新】伊利金领冠3段1200g克三联包幼儿配方三段400g-3盒装奶粉/img3.jpg'),(675,184,'img/8月新】伊利金领冠3段1200g克三联包幼儿配方三段400g-3盒装奶粉/img4.jpg'),(676,184,'img/8月新】伊利金领冠3段1200g克三联包幼儿配方三段400g-3盒装奶粉/img5.jpg'),(677,184,'img/8月新】伊利金领冠3段1200g克三联包幼儿配方三段400g-3盒装奶粉/img6.jpg'),(678,184,'img/8月新】伊利金领冠3段1200g克三联包幼儿配方三段400g-3盒装奶粉/img7.jpg'),(679,184,'img/8月新】伊利金领冠3段1200g克三联包幼儿配方三段400g-3盒装奶粉/img8.jpg'),(680,184,'img/8月新】伊利金领冠3段1200g克三联包幼儿配方三段400g-3盒装奶粉/img9.jpg'),(681,184,'img/8月新】伊利金领冠3段1200g克三联包幼儿配方三段400g-3盒装奶粉/img10.jpg'),(682,184,'img/8月新】伊利金领冠3段1200g克三联包幼儿配方三段400g-3盒装奶粉/img11.jpg'),(683,184,'img/8月新】伊利金领冠3段1200g克三联包幼儿配方三段400g-3盒装奶粉/img12.jpg'),(684,184,'img/8月新】伊利金领冠3段1200g克三联包幼儿配方三段400g-3盒装奶粉/img13.jpg'),(685,184,'img/8月新】伊利金领冠3段1200g克三联包幼儿配方三段400g-3盒装奶粉/img14.jpg'),(686,185,'img/【下单买1送6】伊利金领冠珍护2段 伊利婴儿奶粉二段 900g罐装/img0.png'),(687,185,'img/【下单买1送6】伊利金领冠珍护2段 伊利婴儿奶粉二段 900g罐装/img1.png'),(688,185,'img/【下单买1送6】伊利金领冠珍护2段 伊利婴儿奶粉二段 900g罐装/img2.png'),(689,185,'img/【下单买1送6】伊利金领冠珍护2段 伊利婴儿奶粉二段 900g罐装/img3.png'),(690,185,'img/【下单买1送6】伊利金领冠珍护2段 伊利婴儿奶粉二段 900g罐装/img4.png'),(691,185,'img/【下单买1送6】伊利金领冠珍护2段 伊利婴儿奶粉二段 900g罐装/img5.png'),(692,185,'img/【下单买1送6】伊利金领冠珍护2段 伊利婴儿奶粉二段 900g罐装/img6.png'),(693,185,'img/【下单买1送6】伊利金领冠珍护2段 伊利婴儿奶粉二段 900g罐装/img7.png'),(694,185,'img/【下单买1送6】伊利金领冠珍护2段 伊利婴儿奶粉二段 900g罐装/img8.png'),(695,185,'img/【下单买1送6】伊利金领冠珍护2段 伊利婴儿奶粉二段 900g罐装/img9.png'),(696,185,'img/【下单买1送6】伊利金领冠珍护2段 伊利婴儿奶粉二段 900g罐装/img10.png'),(697,185,'img/【下单买1送6】伊利金领冠珍护2段 伊利婴儿奶粉二段 900g罐装/img11.png'),(698,185,'img/【下单买1送6】伊利金领冠珍护2段 伊利婴儿奶粉二段 900g罐装/img12.png'),(699,186,'img/Nutrilon诺优能婴儿幼儿配方奶粉3段双罐装 牛栏原装进口/img0.png'),(700,186,'img/Nutrilon诺优能婴儿幼儿配方奶粉3段双罐装 牛栏原装进口/img1.png'),(701,186,'img/Nutrilon诺优能婴儿幼儿配方奶粉3段双罐装 牛栏原装进口/img2.png'),(702,186,'img/Nutrilon诺优能婴儿幼儿配方奶粉3段双罐装 牛栏原装进口/img3.png'),(703,186,'img/Nutrilon诺优能婴儿幼儿配方奶粉3段双罐装 牛栏原装进口/img4.png'),(704,186,'img/Nutrilon诺优能婴儿幼儿配方奶粉3段双罐装 牛栏原装进口/img5.png'),(705,186,'img/Nutrilon诺优能婴儿幼儿配方奶粉3段双罐装 牛栏原装进口/img6.png'),(706,186,'img/Nutrilon诺优能婴儿幼儿配方奶粉3段双罐装 牛栏原装进口/img7.png'),(707,186,'img/Nutrilon诺优能婴儿幼儿配方奶粉3段双罐装 牛栏原装进口/img8.png'),(708,186,'img/Nutrilon诺优能婴儿幼儿配方奶粉3段双罐装 牛栏原装进口/img9.png'),(709,186,'img/Nutrilon诺优能婴儿幼儿配方奶粉3段双罐装 牛栏原装进口/img10.png'),(710,186,'img/Nutrilon诺优能婴儿幼儿配方奶粉3段双罐装 牛栏原装进口/img11.png'),(711,186,'img/Nutrilon诺优能婴儿幼儿配方奶粉3段双罐装 牛栏原装进口/img12.png'),(712,186,'img/Nutrilon诺优能婴儿幼儿配方奶粉3段双罐装 牛栏原装进口/img13.png'),(713,186,'img/Nutrilon诺优能婴儿幼儿配方奶粉3段双罐装 牛栏原装进口/img14.png'),(714,187,'img/8月新货】伊利金领冠3段900g克婴儿幼儿配方奶粉三段罐旗舰店官网/img0.png'),(715,187,'img/8月新货】伊利金领冠3段900g克婴儿幼儿配方奶粉三段罐旗舰店官网/img1.png'),(716,187,'img/8月新货】伊利金领冠3段900g克婴儿幼儿配方奶粉三段罐旗舰店官网/img2.png'),(717,187,'img/8月新货】伊利金领冠3段900g克婴儿幼儿配方奶粉三段罐旗舰店官网/img3.png'),(718,187,'img/8月新货】伊利金领冠3段900g克婴儿幼儿配方奶粉三段罐旗舰店官网/img4.png'),(719,187,'img/8月新货】伊利金领冠3段900g克婴儿幼儿配方奶粉三段罐旗舰店官网/img5.png'),(720,187,'img/8月新货】伊利金领冠3段900g克婴儿幼儿配方奶粉三段罐旗舰店官网/img6.png'),(721,187,'img/8月新货】伊利金领冠3段900g克婴儿幼儿配方奶粉三段罐旗舰店官网/img7.png'),(722,187,'img/8月新货】伊利金领冠3段900g克婴儿幼儿配方奶粉三段罐旗舰店官网/img8.jpg'),(723,187,'img/8月新货】伊利金领冠3段900g克婴儿幼儿配方奶粉三段罐旗舰店官网/img9.jpg'),(724,187,'img/8月新货】伊利金领冠3段900g克婴儿幼儿配方奶粉三段罐旗舰店官网/img10.jpg'),(725,187,'img/8月新货】伊利金领冠3段900g克婴儿幼儿配方奶粉三段罐旗舰店官网/img11.jpg'),(726,187,'img/8月新货】伊利金领冠3段900g克婴儿幼儿配方奶粉三段罐旗舰店官网/img12.jpg'),(727,187,'img/8月新货】伊利金领冠3段900g克婴儿幼儿配方奶粉三段罐旗舰店官网/img13.jpg'),(728,187,'img/8月新货】伊利金领冠3段900g克婴儿幼儿配方奶粉三段罐旗舰店官网/img14.jpg'),(729,187,'img/8月新货】伊利金领冠3段900g克婴儿幼儿配方奶粉三段罐旗舰店官网/img15.jpg'),(730,188,'img/合生元官方旗舰店贝塔星婴幼儿配方牛奶粉3段900g适合1-3岁宝宝/img0.png'),(731,188,'img/合生元官方旗舰店贝塔星婴幼儿配方牛奶粉3段900g适合1-3岁宝宝/img1.jpg'),(732,188,'img/合生元官方旗舰店贝塔星婴幼儿配方牛奶粉3段900g适合1-3岁宝宝/img2.jpg'),(733,188,'img/合生元官方旗舰店贝塔星婴幼儿配方牛奶粉3段900g适合1-3岁宝宝/img3.jpg'),(734,188,'img/合生元官方旗舰店贝塔星婴幼儿配方牛奶粉3段900g适合1-3岁宝宝/img4.jpg'),(735,188,'img/合生元官方旗舰店贝塔星婴幼儿配方牛奶粉3段900g适合1-3岁宝宝/img5.jpg'),(736,188,'img/合生元官方旗舰店贝塔星婴幼儿配方牛奶粉3段900g适合1-3岁宝宝/img6.jpg'),(737,188,'img/合生元官方旗舰店贝塔星婴幼儿配方牛奶粉3段900g适合1-3岁宝宝/img7.jpg'),(738,188,'img/合生元官方旗舰店贝塔星婴幼儿配方牛奶粉3段900g适合1-3岁宝宝/img8.jpg'),(739,188,'img/合生元官方旗舰店贝塔星婴幼儿配方牛奶粉3段900g适合1-3岁宝宝/img9.jpg'),(740,189,'img/雀巢官方超启能恩超级能恩3段婴幼儿配方奶粉800g-6罐1-3岁/img0.png'),(741,189,'img/雀巢官方超启能恩超级能恩3段婴幼儿配方奶粉800g-6罐1-3岁/img1.jpg'),(742,189,'img/雀巢官方超启能恩超级能恩3段婴幼儿配方奶粉800g-6罐1-3岁/img2.jpg'),(743,189,'img/雀巢官方超启能恩超级能恩3段婴幼儿配方奶粉800g-6罐1-3岁/img3.jpg'),(744,189,'img/雀巢官方超启能恩超级能恩3段婴幼儿配方奶粉800g-6罐1-3岁/img4.jpg'),(745,189,'img/雀巢官方超启能恩超级能恩3段婴幼儿配方奶粉800g-6罐1-3岁/img5.jpg'),(746,189,'img/雀巢官方超启能恩超级能恩3段婴幼儿配方奶粉800g-6罐1-3岁/img6.jpg'),(747,189,'img/雀巢官方超启能恩超级能恩3段婴幼儿配方奶粉800g-6罐1-3岁/img7.jpg'),(748,189,'img/雀巢官方超启能恩超级能恩3段婴幼儿配方奶粉800g-6罐1-3岁/img8.jpg'),(749,189,'img/雀巢官方超启能恩超级能恩3段婴幼儿配方奶粉800g-6罐1-3岁/img9.jpg'),(750,189,'img/雀巢官方超启能恩超级能恩3段婴幼儿配方奶粉800g-6罐1-3岁/img10.jpg'),(751,190,'img/贝因美旗舰店菁爱1段1kg-2罐0-6月婴儿配方宝宝牛奶粉菁选生牛乳/img0.jpg'),(752,190,'img/贝因美旗舰店菁爱1段1kg-2罐0-6月婴儿配方宝宝牛奶粉菁选生牛乳/img1.jpg'),(753,190,'img/贝因美旗舰店菁爱1段1kg-2罐0-6月婴儿配方宝宝牛奶粉菁选生牛乳/img2.jpg'),(754,190,'img/贝因美旗舰店菁爱1段1kg-2罐0-6月婴儿配方宝宝牛奶粉菁选生牛乳/img3.jpg'),(755,190,'img/贝因美旗舰店菁爱1段1kg-2罐0-6月婴儿配方宝宝牛奶粉菁选生牛乳/img4.jpg'),(756,190,'img/贝因美旗舰店菁爱1段1kg-2罐0-6月婴儿配方宝宝牛奶粉菁选生牛乳/img5.jpg'),(757,190,'img/贝因美旗舰店菁爱1段1kg-2罐0-6月婴儿配方宝宝牛奶粉菁选生牛乳/img6.jpg'),(758,190,'img/贝因美旗舰店菁爱1段1kg-2罐0-6月婴儿配方宝宝牛奶粉菁选生牛乳/img7.jpg'),(759,190,'img/贝因美旗舰店菁爱1段1kg-2罐0-6月婴儿配方宝宝牛奶粉菁选生牛乳/img8.jpg'),(760,190,'img/贝因美旗舰店菁爱1段1kg-2罐0-6月婴儿配方宝宝牛奶粉菁选生牛乳/img9.jpg'),(761,190,'img/贝因美旗舰店菁爱1段1kg-2罐0-6月婴儿配方宝宝牛奶粉菁选生牛乳/img10.jpg'),(762,190,'img/贝因美旗舰店菁爱1段1kg-2罐0-6月婴儿配方宝宝牛奶粉菁选生牛乳/img11.jpg'),(763,190,'img/贝因美旗舰店菁爱1段1kg-2罐0-6月婴儿配方宝宝牛奶粉菁选生牛乳/img12.jpg'),(764,190,'img/贝因美旗舰店菁爱1段1kg-2罐0-6月婴儿配方宝宝牛奶粉菁选生牛乳/img13.jpg'),(765,190,'img/贝因美旗舰店菁爱1段1kg-2罐0-6月婴儿配方宝宝牛奶粉菁选生牛乳/img14.jpg'),(766,190,'img/贝因美旗舰店菁爱1段1kg-2罐0-6月婴儿配方宝宝牛奶粉菁选生牛乳/img15.jpg'),(767,190,'img/贝因美旗舰店菁爱1段1kg-2罐0-6月婴儿配方宝宝牛奶粉菁选生牛乳/img16.jpg'),(768,191,'img/官方店】新疆骆驼奶粉 千绝精选全脂驼奶粉375g 纯驼乳粉无蔗糖/img0.png'),(769,191,'img/官方店】新疆骆驼奶粉 千绝精选全脂驼奶粉375g 纯驼乳粉无蔗糖/img1.png'),(770,191,'img/官方店】新疆骆驼奶粉 千绝精选全脂驼奶粉375g 纯驼乳粉无蔗糖/img2.png'),(771,191,'img/官方店】新疆骆驼奶粉 千绝精选全脂驼奶粉375g 纯驼乳粉无蔗糖/img3.png'),(772,191,'img/官方店】新疆骆驼奶粉 千绝精选全脂驼奶粉375g 纯驼乳粉无蔗糖/img4.png'),(773,191,'img/官方店】新疆骆驼奶粉 千绝精选全脂驼奶粉375g 纯驼乳粉无蔗糖/img5.png'),(774,191,'img/官方店】新疆骆驼奶粉 千绝精选全脂驼奶粉375g 纯驼乳粉无蔗糖/img6.png'),(775,191,'img/官方店】新疆骆驼奶粉 千绝精选全脂驼奶粉375g 纯驼乳粉无蔗糖/img7.png'),(776,191,'img/官方店】新疆骆驼奶粉 千绝精选全脂驼奶粉375g 纯驼乳粉无蔗糖/img8.png'),(777,191,'img/官方店】新疆骆驼奶粉 千绝精选全脂驼奶粉375g 纯驼乳粉无蔗糖/img9.png'),(778,191,'img/官方店】新疆骆驼奶粉 千绝精选全脂驼奶粉375g 纯驼乳粉无蔗糖/img10.png'),(779,191,'img/官方店】新疆骆驼奶粉 千绝精选全脂驼奶粉375g 纯驼乳粉无蔗糖/img11.png'),(780,191,'img/官方店】新疆骆驼奶粉 千绝精选全脂驼奶粉375g 纯驼乳粉无蔗糖/img12.png'),(781,191,'img/官方店】新疆骆驼奶粉 千绝精选全脂驼奶粉375g 纯驼乳粉无蔗糖/img13.png'),(782,191,'img/官方店】新疆骆驼奶粉 千绝精选全脂驼奶粉375g 纯驼乳粉无蔗糖/img14.png'),(783,191,'img/官方店】新疆骆驼奶粉 千绝精选全脂驼奶粉375g 纯驼乳粉无蔗糖/img15.png'),(784,192,'img/贝因美 菁爱幼儿配方奶粉3段900g-6罐旗舰店菁选生牛乳加乳铁蛋白/img0.png'),(785,192,'img/贝因美 菁爱幼儿配方奶粉3段900g-6罐旗舰店菁选生牛乳加乳铁蛋白/img1.png'),(786,192,'img/贝因美 菁爱幼儿配方奶粉3段900g-6罐旗舰店菁选生牛乳加乳铁蛋白/img2.png'),(787,192,'img/贝因美 菁爱幼儿配方奶粉3段900g-6罐旗舰店菁选生牛乳加乳铁蛋白/img3.png'),(788,192,'img/贝因美 菁爱幼儿配方奶粉3段900g-6罐旗舰店菁选生牛乳加乳铁蛋白/img4.png'),(789,192,'img/贝因美 菁爱幼儿配方奶粉3段900g-6罐旗舰店菁选生牛乳加乳铁蛋白/img5.png'),(790,192,'img/贝因美 菁爱幼儿配方奶粉3段900g-6罐旗舰店菁选生牛乳加乳铁蛋白/img6.png'),(791,192,'img/贝因美 菁爱幼儿配方奶粉3段900g-6罐旗舰店菁选生牛乳加乳铁蛋白/img7.png'),(792,192,'img/贝因美 菁爱幼儿配方奶粉3段900g-6罐旗舰店菁选生牛乳加乳铁蛋白/img8.png'),(793,192,'img/贝因美 菁爱幼儿配方奶粉3段900g-6罐旗舰店菁选生牛乳加乳铁蛋白/img9.png'),(794,192,'img/贝因美 菁爱幼儿配方奶粉3段900g-6罐旗舰店菁选生牛乳加乳铁蛋白/img10.png'),(795,192,'img/贝因美 菁爱幼儿配方奶粉3段900g-6罐旗舰店菁选生牛乳加乳铁蛋白/img11.png'),(796,192,'img/贝因美 菁爱幼儿配方奶粉3段900g-6罐旗舰店菁选生牛乳加乳铁蛋白/img12.png'),(797,192,'img/贝因美 菁爱幼儿配方奶粉3段900g-6罐旗舰店菁选生牛乳加乳铁蛋白/img13.png'),(798,192,'img/贝因美 菁爱幼儿配方奶粉3段900g-6罐旗舰店菁选生牛乳加乳铁蛋白/img14.png'),(799,192,'img/贝因美 菁爱幼儿配方奶粉3段900g-6罐旗舰店菁选生牛乳加乳铁蛋白/img15.png'),(800,192,'img/贝因美 菁爱幼儿配方奶粉3段900g-6罐旗舰店菁选生牛乳加乳铁蛋白/img16.png'),(801,192,'img/贝因美 菁爱幼儿配方奶粉3段900g-6罐旗舰店菁选生牛乳加乳铁蛋白/img17.png'),(802,192,'img/贝因美 菁爱幼儿配方奶粉3段900g-6罐旗舰店菁选生牛乳加乳铁蛋白/img18.png'),(803,193,'img/雅培铂优恩美力欧洲原罐进口婴幼儿儿童牛奶粉3段900g-4罐 1-3岁/img0.png'),(804,193,'img/雅培铂优恩美力欧洲原罐进口婴幼儿儿童牛奶粉3段900g-4罐 1-3岁/img1.png'),(805,193,'img/雅培铂优恩美力欧洲原罐进口婴幼儿儿童牛奶粉3段900g-4罐 1-3岁/img2.png'),(806,193,'img/雅培铂优恩美力欧洲原罐进口婴幼儿儿童牛奶粉3段900g-4罐 1-3岁/img3.png'),(807,193,'img/雅培铂优恩美力欧洲原罐进口婴幼儿儿童牛奶粉3段900g-4罐 1-3岁/img4.png'),(808,193,'img/雅培铂优恩美力欧洲原罐进口婴幼儿儿童牛奶粉3段900g-4罐 1-3岁/img5.png'),(809,198,'img/官方飞鹤星飞帆2段较大婴幼儿配方奶粉700g适用于6-12个月/img0.jpg'),(810,198,'img/官方飞鹤星飞帆2段较大婴幼儿配方奶粉700g适用于6-12个月/img1.png'),(811,198,'img/官方飞鹤星飞帆2段较大婴幼儿配方奶粉700g适用于6-12个月/img2.png'),(812,198,'img/官方飞鹤星飞帆2段较大婴幼儿配方奶粉700g适用于6-12个月/img3.png'),(813,198,'img/官方飞鹤星飞帆2段较大婴幼儿配方奶粉700g适用于6-12个月/img4.png'),(814,199,'img/官方Aptamil爱他美卓萃（白金版）欧洲进口幼儿配方奶粉3段900g/img0.jpg'),(815,199,'img/官方Aptamil爱他美卓萃（白金版）欧洲进口幼儿配方奶粉3段900g/img1.jpg'),(816,199,'img/官方Aptamil爱他美卓萃（白金版）欧洲进口幼儿配方奶粉3段900g/img2.jpg'),(817,199,'img/官方Aptamil爱他美卓萃（白金版）欧洲进口幼儿配方奶粉3段900g/img3.jpg'),(818,199,'img/官方Aptamil爱他美卓萃（白金版）欧洲进口幼儿配方奶粉3段900g/img4.jpg'),(819,199,'img/官方Aptamil爱他美卓萃（白金版）欧洲进口幼儿配方奶粉3段900g/img5.jpg'),(820,199,'img/官方Aptamil爱他美卓萃（白金版）欧洲进口幼儿配方奶粉3段900g/img6.jpg'),(821,199,'img/官方Aptamil爱他美卓萃（白金版）欧洲进口幼儿配方奶粉3段900g/img7.jpg'),(822,200,'img/荷兰进口风车牧场小绿盒纯羊奶粉成人儿童中老年人学生女士奶粉/img0.jpg'),(823,200,'img/荷兰进口风车牧场小绿盒纯羊奶粉成人儿童中老年人学生女士奶粉/img1.jpg'),(824,200,'img/荷兰进口风车牧场小绿盒纯羊奶粉成人儿童中老年人学生女士奶粉/img2.jpg'),(825,201,'img/官方飞鹤星飞帆2段较大婴幼儿配方奶粉700g适用于6-12个月/img0.jpg'),(826,201,'img/官方飞鹤星飞帆2段较大婴幼儿配方奶粉700g适用于6-12个月/img1.png'),(827,201,'img/官方飞鹤星飞帆2段较大婴幼儿配方奶粉700g适用于6-12个月/img2.png'),(828,201,'img/官方飞鹤星飞帆2段较大婴幼儿配方奶粉700g适用于6-12个月/img3.png'),(829,201,'img/官方飞鹤星飞帆2段较大婴幼儿配方奶粉700g适用于6-12个月/img4.png'),(830,202,'img/官方Aptamil爱他美卓萃（白金版）欧洲进口幼儿配方奶粉3段900g/img0.jpg'),(831,202,'img/官方Aptamil爱他美卓萃（白金版）欧洲进口幼儿配方奶粉3段900g/img1.jpg'),(832,202,'img/官方Aptamil爱他美卓萃（白金版）欧洲进口幼儿配方奶粉3段900g/img2.jpg'),(833,202,'img/官方Aptamil爱他美卓萃（白金版）欧洲进口幼儿配方奶粉3段900g/img3.jpg'),(834,202,'img/官方Aptamil爱他美卓萃（白金版）欧洲进口幼儿配方奶粉3段900g/img4.jpg'),(835,202,'img/官方Aptamil爱他美卓萃（白金版）欧洲进口幼儿配方奶粉3段900g/img5.jpg'),(836,202,'img/官方Aptamil爱他美卓萃（白金版）欧洲进口幼儿配方奶粉3段900g/img6.jpg'),(837,202,'img/官方Aptamil爱他美卓萃（白金版）欧洲进口幼儿配方奶粉3段900g/img7.jpg'),(838,203,'img/荷兰进口风车牧场小绿盒纯羊奶粉成人儿童中老年人学生女士奶粉/img0.jpg'),(839,203,'img/荷兰进口风车牧场小绿盒纯羊奶粉成人儿童中老年人学生女士奶粉/img1.jpg'),(840,203,'img/荷兰进口风车牧场小绿盒纯羊奶粉成人儿童中老年人学生女士奶粉/img2.jpg'),(841,203,'img/荷兰进口风车牧场小绿盒纯羊奶粉成人儿童中老年人学生女士奶粉/img3.jpg'),(842,203,'img/荷兰进口风车牧场小绿盒纯羊奶粉成人儿童中老年人学生女士奶粉/img4.jpg'),(843,203,'img/荷兰进口风车牧场小绿盒纯羊奶粉成人儿童中老年人学生女士奶粉/img5.jpg'),(844,203,'img/荷兰进口风车牧场小绿盒纯羊奶粉成人儿童中老年人学生女士奶粉/img6.jpg'),(845,203,'img/荷兰进口风车牧场小绿盒纯羊奶粉成人儿童中老年人学生女士奶粉/img7.jpg'),(846,203,'img/荷兰进口风车牧场小绿盒纯羊奶粉成人儿童中老年人学生女士奶粉/img8.jpg'),(847,203,'img/荷兰进口风车牧场小绿盒纯羊奶粉成人儿童中老年人学生女士奶粉/img9.jpg'),(848,203,'img/荷兰进口风车牧场小绿盒纯羊奶粉成人儿童中老年人学生女士奶粉/img10.jpg'),(849,203,'img/荷兰进口风车牧场小绿盒纯羊奶粉成人儿童中老年人学生女士奶粉/img11.jpg'),(850,203,'img/荷兰进口风车牧场小绿盒纯羊奶粉成人儿童中老年人学生女士奶粉/img12.jpg'),(851,203,'img/荷兰进口风车牧场小绿盒纯羊奶粉成人儿童中老年人学生女士奶粉/img13.jpg'),(852,203,'img/荷兰进口风车牧场小绿盒纯羊奶粉成人儿童中老年人学生女士奶粉/img14.jpg'),(853,203,'img/荷兰进口风车牧场小绿盒纯羊奶粉成人儿童中老年人学生女士奶粉/img15.jpg'),(854,204,'img/【官方】美赞臣蓝臻幼儿奶粉3段900g-2罐（1-3岁）故宫礼盒定制装/img0.jpg'),(855,204,'img/【官方】美赞臣蓝臻幼儿奶粉3段900g-2罐（1-3岁）故宫礼盒定制装/img1.jpg'),(856,204,'img/【官方】美赞臣蓝臻幼儿奶粉3段900g-2罐（1-3岁）故宫礼盒定制装/img2.jpg'),(857,204,'img/【官方】美赞臣蓝臻幼儿奶粉3段900g-2罐（1-3岁）故宫礼盒定制装/img3.jpg'),(858,204,'img/【官方】美赞臣蓝臻幼儿奶粉3段900g-2罐（1-3岁）故宫礼盒定制装/img4.jpg'),(859,204,'img/【官方】美赞臣蓝臻幼儿奶粉3段900g-2罐（1-3岁）故宫礼盒定制装/img5.jpg'),(860,204,'img/【官方】美赞臣蓝臻幼儿奶粉3段900g-2罐（1-3岁）故宫礼盒定制装/img6.jpg'),(861,204,'img/【官方】美赞臣蓝臻幼儿奶粉3段900g-2罐（1-3岁）故宫礼盒定制装/img7.jpg'),(862,204,'img/【官方】美赞臣蓝臻幼儿奶粉3段900g-2罐（1-3岁）故宫礼盒定制装/img8.jpg'),(863,204,'img/【官方】美赞臣蓝臻幼儿奶粉3段900g-2罐（1-3岁）故宫礼盒定制装/img9.jpg'),(864,204,'img/【官方】美赞臣蓝臻幼儿奶粉3段900g-2罐（1-3岁）故宫礼盒定制装/img10.jpg'),(865,204,'img/【官方】美赞臣蓝臻幼儿奶粉3段900g-2罐（1-3岁）故宫礼盒定制装/img11.jpg'),(866,204,'img/【官方】美赞臣蓝臻幼儿奶粉3段900g-2罐（1-3岁）故宫礼盒定制装/img12.jpg'),(867,204,'img/【官方】美赞臣蓝臻幼儿奶粉3段900g-2罐（1-3岁）故宫礼盒定制装/img13.jpg'),(868,204,'img/【官方】美赞臣蓝臻幼儿奶粉3段900g-2罐（1-3岁）故宫礼盒定制装/img14.jpg'),(869,204,'img/【官方】美赞臣蓝臻幼儿奶粉3段900g-2罐（1-3岁）故宫礼盒定制装/img15.jpg'),(870,204,'img/【官方】美赞臣蓝臻幼儿奶粉3段900g-2罐（1-3岁）故宫礼盒定制装/img16.jpg'),(871,204,'img/【官方】美赞臣蓝臻幼儿奶粉3段900g-2罐（1-3岁）故宫礼盒定制装/img17.jpg'),(872,204,'img/【官方】美赞臣蓝臻幼儿奶粉3段900g-2罐（1-3岁）故宫礼盒定制装/img18.jpg'),(873,204,'img/【官方】美赞臣蓝臻幼儿奶粉3段900g-2罐（1-3岁）故宫礼盒定制装/img19.jpg'),(874,204,'img/【官方】美赞臣蓝臻幼儿奶粉3段900g-2罐（1-3岁）故宫礼盒定制装/img20.jpg'),(875,204,'img/【官方】美赞臣蓝臻幼儿奶粉3段900g-2罐（1-3岁）故宫礼盒定制装/img21.jpg'),(876,204,'img/【官方】美赞臣蓝臻幼儿奶粉3段900g-2罐（1-3岁）故宫礼盒定制装/img22.jpg'),(878,205,'img/aptamil-爱他美卓萃白金版 婴儿配方奶粉 1段 900g荷兰进口/img1.jpg'),(879,205,'img/aptamil-爱他美卓萃白金版 婴儿配方奶粉 1段 900g荷兰进口/img2.jpg'),(880,205,'img/aptamil-爱他美卓萃白金版 婴儿配方奶粉 1段 900g荷兰进口/img3.jpg'),(881,205,'img/aptamil-爱他美卓萃白金版 婴儿配方奶粉 1段 900g荷兰进口/img4.jpg'),(882,205,'img/aptamil-爱他美卓萃白金版 婴儿配方奶粉 1段 900g荷兰进口/img5.jpg'),(883,205,'img/aptamil-爱他美卓萃白金版 婴儿配方奶粉 1段 900g荷兰进口/img6.jpg'),(884,205,'img/aptamil-爱他美卓萃白金版 婴儿配方奶粉 1段 900g荷兰进口/img7.jpg'),(885,205,'img/aptamil-爱他美卓萃白金版 婴儿配方奶粉 1段 900g荷兰进口/img8.jpg'),(886,205,'img/aptamil-爱他美卓萃白金版 婴儿配方奶粉 1段 900g荷兰进口/img9.jpg'),(887,205,'img/aptamil-爱他美卓萃白金版 婴儿配方奶粉 1段 900g荷兰进口/img10.jpg'),(888,205,'img/aptamil-爱他美卓萃白金版 婴儿配方奶粉 1段 900g荷兰进口/img11.jpg'),(889,205,'img/aptamil-爱他美卓萃白金版 婴儿配方奶粉 1段 900g荷兰进口/img12.jpg'),(890,205,'img/aptamil-爱他美卓萃白金版 婴儿配方奶粉 1段 900g荷兰进口/img13.jpg'),(891,206,'img/aptamil-爱他美卓萃白金版 较大婴儿幼儿配方奶粉 2段 900g/img0.jpg'),(893,206,'img/aptamil-爱他美卓萃白金版 较大婴儿幼儿配方奶粉 2段 900g/img2.jpg'),(894,206,'img/aptamil-爱他美卓萃白金版 较大婴儿幼儿配方奶粉 2段 900g/img3.jpg'),(895,206,'img/aptamil-爱他美卓萃白金版 较大婴儿幼儿配方奶粉 2段 900g/img4.jpg'),(896,206,'img/aptamil-爱他美卓萃白金版 较大婴儿幼儿配方奶粉 2段 900g/img5.jpg'),(897,206,'img/aptamil-爱他美卓萃白金版 较大婴儿幼儿配方奶粉 2段 900g/img6.jpg'),(898,206,'img/aptamil-爱他美卓萃白金版 较大婴儿幼儿配方奶粉 2段 900g/img7.jpg'),(899,206,'img/aptamil-爱他美卓萃白金版 较大婴儿幼儿配方奶粉 2段 900g/img8.jpg'),(900,206,'img/aptamil-爱他美卓萃白金版 较大婴儿幼儿配方奶粉 2段 900g/img9.jpg'),(901,206,'img/aptamil-爱他美卓萃白金版 较大婴儿幼儿配方奶粉 2段 900g/img10.jpg'),(902,206,'img/aptamil-爱他美卓萃白金版 较大婴儿幼儿配方奶粉 2段 900g/img11.jpg'),(903,206,'img/aptamil-爱他美卓萃白金版 较大婴儿幼儿配方奶粉 2段 900g/img12.jpg'),(904,206,'img/aptamil-爱他美卓萃白金版 较大婴儿幼儿配方奶粉 2段 900g/img13.jpg'),(905,206,'img/aptamil-爱他美卓萃白金版 较大婴儿幼儿配方奶粉 2段 900g/img14.jpg'),(906,206,'img/aptamil-爱他美卓萃白金版 较大婴儿幼儿配方奶粉 2段 900g/img15.jpg'),(907,209,'img/澳洲a2进口原装婴幼儿配方奶粉1-3周岁宝宝适用3段900g-3罐/img0.jpg'),(908,209,'img/澳洲a2进口原装婴幼儿配方奶粉1-3周岁宝宝适用3段900g-3罐/img1.jpg'),(909,209,'img/澳洲a2进口原装婴幼儿配方奶粉1-3周岁宝宝适用3段900g-3罐/img2.jpg'),(910,209,'img/澳洲a2进口原装婴幼儿配方奶粉1-3周岁宝宝适用3段900g-3罐/img3.jpg'),(911,209,'img/澳洲a2进口原装婴幼儿配方奶粉1-3周岁宝宝适用3段900g-3罐/img4.jpg'),(912,209,'img/澳洲a2进口原装婴幼儿配方奶粉1-3周岁宝宝适用3段900g-3罐/img5.jpg'),(913,209,'img/澳洲a2进口原装婴幼儿配方奶粉1-3周岁宝宝适用3段900g-3罐/img6.jpg'),(914,209,'img/澳洲a2进口原装婴幼儿配方奶粉1-3周岁宝宝适用3段900g-3罐/img7.jpg'),(915,209,'img/澳洲a2进口原装婴幼儿配方奶粉1-3周岁宝宝适用3段900g-3罐/img8.jpg'),(916,209,'img/澳洲a2进口原装婴幼儿配方奶粉1-3周岁宝宝适用3段900g-3罐/img9.jpg'),(917,209,'img/澳洲a2进口原装婴幼儿配方奶粉1-3周岁宝宝适用3段900g-3罐/img10.jpg'),(918,209,'img/澳洲a2进口原装婴幼儿配方奶粉1-3周岁宝宝适用3段900g-3罐/img11.jpg'),(919,209,'img/澳洲a2进口原装婴幼儿配方奶粉1-3周岁宝宝适用3段900g-3罐/img12.jpg'),(920,209,'img/澳洲a2进口原装婴幼儿配方奶粉1-3周岁宝宝适用3段900g-3罐/img13.jpg'),(921,209,'img/澳洲a2进口原装婴幼儿配方奶粉1-3周岁宝宝适用3段900g-3罐/img14.jpg'),(922,209,'img/澳洲a2进口原装婴幼儿配方奶粉1-3周岁宝宝适用3段900g-3罐/img15.jpg'),(923,210,'img/德国原装进口aptamil爱他美婴幼儿牛奶粉3段1-3岁800g罐装三段/img0.jpg'),(924,210,'img/德国原装进口aptamil爱他美婴幼儿牛奶粉3段1-3岁800g罐装三段/img1.jpg'),(925,210,'img/德国原装进口aptamil爱他美婴幼儿牛奶粉3段1-3岁800g罐装三段/img2.jpg'),(926,210,'img/德国原装进口aptamil爱他美婴幼儿牛奶粉3段1-3岁800g罐装三段/img3.jpg'),(927,210,'img/德国原装进口aptamil爱他美婴幼儿牛奶粉3段1-3岁800g罐装三段/img4.jpg'),(928,210,'img/德国原装进口aptamil爱他美婴幼儿牛奶粉3段1-3岁800g罐装三段/img5.jpg'),(929,210,'img/德国原装进口aptamil爱他美婴幼儿牛奶粉3段1-3岁800g罐装三段/img6.jpg'),(930,210,'img/德国原装进口aptamil爱他美婴幼儿牛奶粉3段1-3岁800g罐装三段/img7.jpg'),(931,210,'img/德国原装进口aptamil爱他美婴幼儿牛奶粉3段1-3岁800g罐装三段/img8.jpg'),(932,210,'img/德国原装进口aptamil爱他美婴幼儿牛奶粉3段1-3岁800g罐装三段/img9.jpg'),(933,210,'img/德国原装进口aptamil爱他美婴幼儿牛奶粉3段1-3岁800g罐装三段/img10.jpg'),(934,211,'img/德国aptamil爱他美进口白金版婴儿配方奶粉 1段0-6月龄 800g/img0.jpg'),(935,211,'img/德国aptamil爱他美进口白金版婴儿配方奶粉 1段0-6月龄 800g/img1.jpg'),(936,211,'img/德国aptamil爱他美进口白金版婴儿配方奶粉 1段0-6月龄 800g/img2.jpg'),(937,211,'img/德国aptamil爱他美进口白金版婴儿配方奶粉 1段0-6月龄 800g/img3.jpg'),(938,211,'img/德国aptamil爱他美进口白金版婴儿配方奶粉 1段0-6月龄 800g/img4.jpg'),(939,211,'img/德国aptamil爱他美进口白金版婴儿配方奶粉 1段0-6月龄 800g/img5.jpg'),(940,211,'img/德国aptamil爱他美进口白金版婴儿配方奶粉 1段0-6月龄 800g/img6.jpg'),(941,211,'img/德国aptamil爱他美进口白金版婴儿配方奶粉 1段0-6月龄 800g/img7.jpg'),(942,211,'img/德国aptamil爱他美进口白金版婴儿配方奶粉 1段0-6月龄 800g/img8.jpg'),(943,211,'img/德国aptamil爱他美进口白金版婴儿配方奶粉 1段0-6月龄 800g/img9.jpg'),(944,211,'img/德国aptamil爱他美进口白金版婴儿配方奶粉 1段0-6月龄 800g/img10.jpg'),(945,211,'img/德国aptamil爱他美进口白金版婴儿配方奶粉 1段0-6月龄 800g/img11.jpg'),(946,211,'img/德国aptamil爱他美进口白金版婴儿配方奶粉 1段0-6月龄 800g/img12.jpg'),(947,211,'img/德国aptamil爱他美进口白金版婴儿配方奶粉 1段0-6月龄 800g/img13.jpg'),(948,211,'img/德国aptamil爱他美进口白金版婴儿配方奶粉 1段0-6月龄 800g/img14.jpg'),(949,211,'img/德国aptamil爱他美进口白金版婴儿配方奶粉 1段0-6月龄 800g/img15.jpg'),(950,212,'img/牛栏Nutrilon诺优能3段800g婴幼儿奶粉1-3岁罐装三段原装进口/img0.jpg'),(951,212,'img/牛栏Nutrilon诺优能3段800g婴幼儿奶粉1-3岁罐装三段原装进口/img1.jpg'),(952,212,'img/牛栏Nutrilon诺优能3段800g婴幼儿奶粉1-3岁罐装三段原装进口/img2.png'),(953,212,'img/牛栏Nutrilon诺优能3段800g婴幼儿奶粉1-3岁罐装三段原装进口/img3.png'),(954,212,'img/牛栏Nutrilon诺优能3段800g婴幼儿奶粉1-3岁罐装三段原装进口/img4.png'),(955,212,'img/牛栏Nutrilon诺优能3段800g婴幼儿奶粉1-3岁罐装三段原装进口/img5.png'),(956,212,'img/牛栏Nutrilon诺优能3段800g婴幼儿奶粉1-3岁罐装三段原装进口/img6.png'),(957,212,'img/牛栏Nutrilon诺优能3段800g婴幼儿奶粉1-3岁罐装三段原装进口/img7.png'),(958,212,'img/牛栏Nutrilon诺优能3段800g婴幼儿奶粉1-3岁罐装三段原装进口/img8.png'),(959,212,'img/牛栏Nutrilon诺优能3段800g婴幼儿奶粉1-3岁罐装三段原装进口/img9.png'),(960,212,'img/牛栏Nutrilon诺优能3段800g婴幼儿奶粉1-3岁罐装三段原装进口/img10.png'),(961,212,'img/牛栏Nutrilon诺优能3段800g婴幼儿奶粉1-3岁罐装三段原装进口/img11.png'),(962,212,'img/牛栏Nutrilon诺优能3段800g婴幼儿奶粉1-3岁罐装三段原装进口/img12.png'),(963,212,'img/牛栏Nutrilon诺优能3段800g婴幼儿奶粉1-3岁罐装三段原装进口/img13.png'),(964,212,'img/牛栏Nutrilon诺优能3段800g婴幼儿奶粉1-3岁罐装三段原装进口/img14.png'),(965,212,'img/牛栏Nutrilon诺优能3段800g婴幼儿奶粉1-3岁罐装三段原装进口/img15.png'),(966,212,'img/牛栏Nutrilon诺优能3段800g婴幼儿奶粉1-3岁罐装三段原装进口/img16.png'),(967,212,'img/牛栏Nutrilon诺优能3段800g婴幼儿奶粉1-3岁罐装三段原装进口/img17.png'),(968,212,'img/牛栏Nutrilon诺优能3段800g婴幼儿奶粉1-3岁罐装三段原装进口/img18.png'),(969,212,'img/牛栏Nutrilon诺优能3段800g婴幼儿奶粉1-3岁罐装三段原装进口/img19.jpg'),(970,214,'img/雅士利优怡高钙中老年奶粉900g罐中老年营养高钙补老人奶粉无蔗糖/img0.png'),(971,214,'img/雅士利优怡高钙中老年奶粉900g罐中老年营养高钙补老人奶粉无蔗糖/img1.png'),(972,214,'img/雅士利优怡高钙中老年奶粉900g罐中老年营养高钙补老人奶粉无蔗糖/img2.png'),(973,214,'img/雅士利优怡高钙中老年奶粉900g罐中老年营养高钙补老人奶粉无蔗糖/img3.png'),(974,215,'img/蒙牛未来星儿童学生青少年成长4段牛奶粉400g-2盒DHA高钙奶粉/img0.jpg'),(975,215,'img/蒙牛未来星儿童学生青少年成长4段牛奶粉400g-2盒DHA高钙奶粉/img1.jpg'),(976,215,'img/蒙牛未来星儿童学生青少年成长4段牛奶粉400g-2盒DHA高钙奶粉/img2.jpg'),(977,215,'img/蒙牛未来星儿童学生青少年成长4段牛奶粉400g-2盒DHA高钙奶粉/img3.jpg'),(978,215,'img/蒙牛未来星儿童学生青少年成长4段牛奶粉400g-2盒DHA高钙奶粉/img4.jpg'),(979,215,'img/蒙牛未来星儿童学生青少年成长4段牛奶粉400g-2盒DHA高钙奶粉/img5.jpg'),(980,215,'img/蒙牛未来星儿童学生青少年成长4段牛奶粉400g-2盒DHA高钙奶粉/img6.jpg'),(981,215,'img/蒙牛未来星儿童学生青少年成长4段牛奶粉400g-2盒DHA高钙奶粉/img7.jpg'),(982,215,'img/蒙牛未来星儿童学生青少年成长4段牛奶粉400g-2盒DHA高钙奶粉/img8.jpg'),(983,215,'img/蒙牛未来星儿童学生青少年成长4段牛奶粉400g-2盒DHA高钙奶粉/img9.jpg'),(984,215,'img/蒙牛未来星儿童学生青少年成长4段牛奶粉400g-2盒DHA高钙奶粉/img10.jpg'),(985,216,'img/Nutrilon诺优能婴儿幼儿配方奶粉3段四罐装/img0.jpg'),(986,216,'img/Nutrilon诺优能婴儿幼儿配方奶粉3段四罐装/img1.jpg'),(987,216,'img/Nutrilon诺优能婴儿幼儿配方奶粉3段四罐装/img2.jpg'),(988,216,'img/Nutrilon诺优能婴儿幼儿配方奶粉3段四罐装/img3.jpg'),(989,216,'img/Nutrilon诺优能婴儿幼儿配方奶粉3段四罐装/img4.jpg'),(990,216,'img/Nutrilon诺优能婴儿幼儿配方奶粉3段四罐装/img5.jpg'),(991,216,'img/Nutrilon诺优能婴儿幼儿配方奶粉3段四罐装/img6.jpg'),(992,216,'img/Nutrilon诺优能婴儿幼儿配方奶粉3段四罐装/img7.jpg'),(993,216,'img/Nutrilon诺优能婴儿幼儿配方奶粉3段四罐装/img8.jpg'),(994,216,'img/Nutrilon诺优能婴儿幼儿配方奶粉3段四罐装/img9.jpg'),(995,216,'img/Nutrilon诺优能婴儿幼儿配方奶粉3段四罐装/img10.jpg'),(996,216,'img/Nutrilon诺优能婴儿幼儿配方奶粉3段四罐装/img11.jpg'),(997,216,'img/Nutrilon诺优能婴儿幼儿配方奶粉3段四罐装/img12.jpg'),(998,216,'img/Nutrilon诺优能婴儿幼儿配方奶粉3段四罐装/img13.jpg'),(999,216,'img/Nutrilon诺优能婴儿幼儿配方奶粉3段四罐装/img14.jpg'),(1000,217,'img/雅培铂优恩美力欧洲原罐进口婴幼儿儿童牛奶粉3段900g-4罐 1-3岁/img0.png'),(1001,217,'img/雅培铂优恩美力欧洲原罐进口婴幼儿儿童牛奶粉3段900g-4罐 1-3岁/img1.jpg'),(1002,217,'img/雅培铂优恩美力欧洲原罐进口婴幼儿儿童牛奶粉3段900g-4罐 1-3岁/img2.png'),(1003,217,'img/雅培铂优恩美力欧洲原罐进口婴幼儿儿童牛奶粉3段900g-4罐 1-3岁/img3.png'),(1004,217,'img/雅培铂优恩美力欧洲原罐进口婴幼儿儿童牛奶粉3段900g-4罐 1-3岁/img4.png'),(1005,217,'img/雅培铂优恩美力欧洲原罐进口婴幼儿儿童牛奶粉3段900g-4罐 1-3岁/img5.jpg'),(1006,218,'img/【买1送6】伊利金领冠珍护3段奶粉婴儿幼儿三段900g罐旗舰店正品/img0.png'),(1007,218,'img/【买1送6】伊利金领冠珍护3段奶粉婴儿幼儿三段900g罐旗舰店正品/img1.png'),(1008,218,'img/【买1送6】伊利金领冠珍护3段奶粉婴儿幼儿三段900g罐旗舰店正品/img2.png'),(1009,218,'img/【买1送6】伊利金领冠珍护3段奶粉婴儿幼儿三段900g罐旗舰店正品/img3.png'),(1010,218,'img/【买1送6】伊利金领冠珍护3段奶粉婴儿幼儿三段900g罐旗舰店正品/img4.png'),(1011,218,'img/【买1送6】伊利金领冠珍护3段奶粉婴儿幼儿三段900g罐旗舰店正品/img5.png'),(1012,218,'img/【买1送6】伊利金领冠珍护3段奶粉婴儿幼儿三段900g罐旗舰店正品/img6.png'),(1013,219,'img/【买1罐得7罐】伊利金领冠珍护3段 伊利婴儿奶粉三段 900g罐装/img0.jpg'),(1014,219,'img/【买1罐得7罐】伊利金领冠珍护3段 伊利婴儿奶粉三段 900g罐装/img1.jpg'),(1015,219,'img/【买1罐得7罐】伊利金领冠珍护3段 伊利婴儿奶粉三段 900g罐装/img2.jpg'),(1016,219,'img/【买1罐得7罐】伊利金领冠珍护3段 伊利婴儿奶粉三段 900g罐装/img3.jpg'),(1017,219,'img/【买1罐得7罐】伊利金领冠珍护3段 伊利婴儿奶粉三段 900g罐装/img4.jpg'),(1018,219,'img/【买1罐得7罐】伊利金领冠珍护3段 伊利婴儿奶粉三段 900g罐装/img5.jpg'),(1019,219,'img/【买1罐得7罐】伊利金领冠珍护3段 伊利婴儿奶粉三段 900g罐装/img6.jpg'),(1020,219,'img/【买1罐得7罐】伊利金领冠珍护3段 伊利婴儿奶粉三段 900g罐装/img7.jpg'),(1021,219,'img/【买1罐得7罐】伊利金领冠珍护3段 伊利婴儿奶粉三段 900g罐装/img8.jpg'),(1022,219,'img/【买1罐得7罐】伊利金领冠珍护3段 伊利婴儿奶粉三段 900g罐装/img9.jpg'),(1023,219,'img/【买1罐得7罐】伊利金领冠珍护3段 伊利婴儿奶粉三段 900g罐装/img10.jpg'),(1024,219,'img/【买1罐得7罐】伊利金领冠珍护3段 伊利婴儿奶粉三段 900g罐装/img11.jpg'),(1025,219,'img/【买1罐得7罐】伊利金领冠珍护3段 伊利婴儿奶粉三段 900g罐装/img12.jpg'),(1026,220,'img/【升级锁鲜盖】贝因美 菁爱幼儿配方奶粉3段900g-2罐添加乳铁蛋白/img0.jpg'),(1027,220,'img/【升级锁鲜盖】贝因美 菁爱幼儿配方奶粉3段900g-2罐添加乳铁蛋白/img1.jpg'),(1028,220,'img/【升级锁鲜盖】贝因美 菁爱幼儿配方奶粉3段900g-2罐添加乳铁蛋白/img2.jpg'),(1029,220,'img/【升级锁鲜盖】贝因美 菁爱幼儿配方奶粉3段900g-2罐添加乳铁蛋白/img3.jpg'),(1030,220,'img/【升级锁鲜盖】贝因美 菁爱幼儿配方奶粉3段900g-2罐添加乳铁蛋白/img4.jpg'),(1031,220,'img/【升级锁鲜盖】贝因美 菁爱幼儿配方奶粉3段900g-2罐添加乳铁蛋白/img5.jpg'),(1032,220,'img/【升级锁鲜盖】贝因美 菁爱幼儿配方奶粉3段900g-2罐添加乳铁蛋白/img6.jpg'),(1033,220,'img/【升级锁鲜盖】贝因美 菁爱幼儿配方奶粉3段900g-2罐添加乳铁蛋白/img7.jpg'),(1034,220,'img/【升级锁鲜盖】贝因美 菁爱幼儿配方奶粉3段900g-2罐添加乳铁蛋白/img8.jpg'),(1035,220,'img/【升级锁鲜盖】贝因美 菁爱幼儿配方奶粉3段900g-2罐添加乳铁蛋白/img9.jpg'),(1036,220,'img/【升级锁鲜盖】贝因美 菁爱幼儿配方奶粉3段900g-2罐添加乳铁蛋白/img10.jpg'),(1037,220,'img/【升级锁鲜盖】贝因美 菁爱幼儿配方奶粉3段900g-2罐添加乳铁蛋白/img11.jpg'),(1038,220,'img/【升级锁鲜盖】贝因美 菁爱幼儿配方奶粉3段900g-2罐添加乳铁蛋白/img12.jpg'),(1039,220,'img/【升级锁鲜盖】贝因美 菁爱幼儿配方奶粉3段900g-2罐添加乳铁蛋白/img13.jpg'),(1040,220,'img/【升级锁鲜盖】贝因美 菁爱幼儿配方奶粉3段900g-2罐添加乳铁蛋白/img14.jpg'),(1041,220,'img/【升级锁鲜盖】贝因美 菁爱幼儿配方奶粉3段900g-2罐添加乳铁蛋白/img15.jpg'),(1042,220,'img/【升级锁鲜盖】贝因美 菁爱幼儿配方奶粉3段900g-2罐添加乳铁蛋白/img16.jpg'),(1043,220,'img/【升级锁鲜盖】贝因美 菁爱幼儿配方奶粉3段900g-2罐添加乳铁蛋白/img17.jpg'),(1044,220,'img/【升级锁鲜盖】贝因美 菁爱幼儿配方奶粉3段900g-2罐添加乳铁蛋白/img18.jpg'),(1045,221,'img/佳贝艾特kabrita旗舰店婴儿羊奶粉3段悠装800g-7无官网积分荷兰/img0.jpg'),(1046,221,'img/佳贝艾特kabrita旗舰店婴儿羊奶粉3段悠装800g-7无官网积分荷兰/img1.jpg'),(1047,221,'img/佳贝艾特kabrita旗舰店婴儿羊奶粉3段悠装800g-7无官网积分荷兰/img2.jpg'),(1048,221,'img/佳贝艾特kabrita旗舰店婴儿羊奶粉3段悠装800g-7无官网积分荷兰/img3.jpg'),(1049,221,'img/佳贝艾特kabrita旗舰店婴儿羊奶粉3段悠装800g-7无官网积分荷兰/img4.jpg'),(1050,221,'img/佳贝艾特kabrita旗舰店婴儿羊奶粉3段悠装800g-7无官网积分荷兰/img5.jpg'),(1051,221,'img/佳贝艾特kabrita旗舰店婴儿羊奶粉3段悠装800g-7无官网积分荷兰/img6.jpg'),(1052,221,'img/佳贝艾特kabrita旗舰店婴儿羊奶粉3段悠装800g-7无官网积分荷兰/img7.jpg'),(1053,221,'img/佳贝艾特kabrita旗舰店婴儿羊奶粉3段悠装800g-7无官网积分荷兰/img8.jpg'),(1054,221,'img/佳贝艾特kabrita旗舰店婴儿羊奶粉3段悠装800g-7无官网积分荷兰/img9.jpg'),(1055,221,'img/佳贝艾特kabrita旗舰店婴儿羊奶粉3段悠装800g-7无官网积分荷兰/img10.jpg'),(1056,221,'img/佳贝艾特kabrita旗舰店婴儿羊奶粉3段悠装800g-7无官网积分荷兰/img11.jpg'),(1057,221,'img/佳贝艾特kabrita旗舰店婴儿羊奶粉3段悠装800g-7无官网积分荷兰/img12.jpg'),(1058,221,'img/佳贝艾特kabrita旗舰店婴儿羊奶粉3段悠装800g-7无官网积分荷兰/img13.jpg'),(1059,221,'img/佳贝艾特kabrita旗舰店婴儿羊奶粉3段悠装800g-7无官网积分荷兰/img14.jpg'),(1060,221,'img/佳贝艾特kabrita旗舰店婴儿羊奶粉3段悠装800g-7无官网积分荷兰/img15.jpg'),(1061,221,'img/佳贝艾特kabrita旗舰店婴儿羊奶粉3段悠装800g-7无官网积分荷兰/img16.jpg'),(1062,221,'img/佳贝艾特kabrita旗舰店婴儿羊奶粉3段悠装800g-7无官网积分荷兰/img17.png'),(1063,222,'img/伊利学生营养奶粉2袋 儿童青少年高中生中学生成长高钙成人牛奶粉/img0.jpg'),(1064,222,'img/伊利学生营养奶粉2袋 儿童青少年高中生中学生成长高钙成人牛奶粉/img1.jpg'),(1065,222,'img/伊利学生营养奶粉2袋 儿童青少年高中生中学生成长高钙成人牛奶粉/img2.jpg'),(1066,222,'img/伊利学生营养奶粉2袋 儿童青少年高中生中学生成长高钙成人牛奶粉/img3.jpg'),(1067,222,'img/伊利学生营养奶粉2袋 儿童青少年高中生中学生成长高钙成人牛奶粉/img4.jpg'),(1068,223,'img/送大礼官网旗舰完达山奶粉金装元乳3段婴幼儿配方奶粉900g桶三/img0.jpg'),(1069,223,'img/送大礼官网旗舰完达山奶粉金装元乳3段婴幼儿配方奶粉900g桶三/img1.jpg'),(1070,223,'img/送大礼官网旗舰完达山奶粉金装元乳3段婴幼儿配方奶粉900g桶三/img2.jpg'),(1071,223,'img/送大礼官网旗舰完达山奶粉金装元乳3段婴幼儿配方奶粉900g桶三/img3.jpg'),(1072,223,'img/送大礼官网旗舰完达山奶粉金装元乳3段婴幼儿配方奶粉900g桶三/img4.jpg'),(1073,223,'img/送大礼官网旗舰完达山奶粉金装元乳3段婴幼儿配方奶粉900g桶三/img5.jpg'),(1074,223,'img/送大礼官网旗舰完达山奶粉金装元乳3段婴幼儿配方奶粉900g桶三/img6.jpg'),(1075,223,'img/送大礼官网旗舰完达山奶粉金装元乳3段婴幼儿配方奶粉900g桶三/img7.jpg'),(1076,223,'img/送大礼官网旗舰完达山奶粉金装元乳3段婴幼儿配方奶粉900g桶三/img8.jpg'),(1077,223,'img/送大礼官网旗舰完达山奶粉金装元乳3段婴幼儿配方奶粉900g桶三/img9.jpg'),(1078,223,'img/送大礼官网旗舰完达山奶粉金装元乳3段婴幼儿配方奶粉900g桶三/img10.jpg'),(1079,223,'img/送大礼官网旗舰完达山奶粉金装元乳3段婴幼儿配方奶粉900g桶三/img11.jpg'),(1080,223,'img/送大礼官网旗舰完达山奶粉金装元乳3段婴幼儿配方奶粉900g桶三/img12.jpg'),(1081,223,'img/送大礼官网旗舰完达山奶粉金装元乳3段婴幼儿配方奶粉900g桶三/img13.jpg'),(1082,224,'img/伊利金领冠菁护3段婴幼儿牛奶粉菁护三段奶粉800g克罐旗舰店官网/img0.jpg'),(1083,224,'img/伊利金领冠菁护3段婴幼儿牛奶粉菁护三段奶粉800g克罐旗舰店官网/img1.jpg'),(1084,224,'img/伊利金领冠菁护3段婴幼儿牛奶粉菁护三段奶粉800g克罐旗舰店官网/img2.jpg'),(1085,224,'img/伊利金领冠菁护3段婴幼儿牛奶粉菁护三段奶粉800g克罐旗舰店官网/img3.jpg'),(1086,224,'img/伊利金领冠菁护3段婴幼儿牛奶粉菁护三段奶粉800g克罐旗舰店官网/img4.jpg'),(1087,224,'img/伊利金领冠菁护3段婴幼儿牛奶粉菁护三段奶粉800g克罐旗舰店官网/img5.jpg'),(1088,224,'img/伊利金领冠菁护3段婴幼儿牛奶粉菁护三段奶粉800g克罐旗舰店官网/img6.jpg'),(1089,224,'img/伊利金领冠菁护3段婴幼儿牛奶粉菁护三段奶粉800g克罐旗舰店官网/img7.jpg'),(1090,224,'img/伊利金领冠菁护3段婴幼儿牛奶粉菁护三段奶粉800g克罐旗舰店官网/img8.jpg'),(1091,224,'img/伊利金领冠菁护3段婴幼儿牛奶粉菁护三段奶粉800g克罐旗舰店官网/img9.jpg'),(1092,224,'img/伊利金领冠菁护3段婴幼儿牛奶粉菁护三段奶粉800g克罐旗舰店官网/img10.jpg'),(1093,224,'img/伊利金领冠菁护3段婴幼儿牛奶粉菁护三段奶粉800g克罐旗舰店官网/img11.jpg'),(1094,224,'img/伊利金领冠菁护3段婴幼儿牛奶粉菁护三段奶粉800g克罐旗舰店官网/img12.jpg'),(1095,224,'img/伊利金领冠菁护3段婴幼儿牛奶粉菁护三段奶粉800g克罐旗舰店官网/img13.jpg'),(1096,224,'img/伊利金领冠菁护3段婴幼儿牛奶粉菁护三段奶粉800g克罐旗舰店官网/img14.jpg'),(1097,224,'img/伊利金领冠菁护3段婴幼儿牛奶粉菁护三段奶粉800g克罐旗舰店官网/img15.jpg'),(1098,224,'img/伊利金领冠菁护3段婴幼儿牛奶粉菁护三段奶粉800g克罐旗舰店官网/img16.jpg'),(1099,224,'img/伊利金领冠菁护3段婴幼儿牛奶粉菁护三段奶粉800g克罐旗舰店官网/img17.jpg'),(1100,224,'img/伊利金领冠菁护3段婴幼儿牛奶粉菁护三段奶粉800g克罐旗舰店官网/img18.jpg'),(1101,224,'img/伊利金领冠菁护3段婴幼儿牛奶粉菁护三段奶粉800g克罐旗舰店官网/img19.png'),(1102,224,'img/伊利金领冠菁护3段婴幼儿牛奶粉菁护三段奶粉800g克罐旗舰店官网/img20.png'),(1103,225,'img/澳洲可瑞康羊奶粉3段新西兰进口婴儿幼儿宝宝奶粉三段900g 3罐装/img0.jpg'),(1104,225,'img/澳洲可瑞康羊奶粉3段新西兰进口婴儿幼儿宝宝奶粉三段900g 3罐装/img1.jpg'),(1105,225,'img/澳洲可瑞康羊奶粉3段新西兰进口婴儿幼儿宝宝奶粉三段900g 3罐装/img2.jpg'),(1106,225,'img/澳洲可瑞康羊奶粉3段新西兰进口婴儿幼儿宝宝奶粉三段900g 3罐装/img3.jpg'),(1107,225,'img/澳洲可瑞康羊奶粉3段新西兰进口婴儿幼儿宝宝奶粉三段900g 3罐装/img4.png'),(1108,225,'img/澳洲可瑞康羊奶粉3段新西兰进口婴儿幼儿宝宝奶粉三段900g 3罐装/img5.png'),(1109,226,'img/【雀巢官方】超级能恩超启能恩2段 适度水解婴儿配方奶粉800g罐装/img0.jpg'),(1110,226,'img/【雀巢官方】超级能恩超启能恩2段 适度水解婴儿配方奶粉800g罐装/img1.jpg'),(1111,226,'img/【雀巢官方】超级能恩超启能恩2段 适度水解婴儿配方奶粉800g罐装/img2.jpg'),(1112,226,'img/【雀巢官方】超级能恩超启能恩2段 适度水解婴儿配方奶粉800g罐装/img3.jpg'),(1113,226,'img/【雀巢官方】超级能恩超启能恩2段 适度水解婴儿配方奶粉800g罐装/img4.jpg'),(1114,226,'img/【雀巢官方】超级能恩超启能恩2段 适度水解婴儿配方奶粉800g罐装/img5.jpg'),(1115,226,'img/【雀巢官方】超级能恩超启能恩2段 适度水解婴儿配方奶粉800g罐装/img6.jpg'),(1116,226,'img/【雀巢官方】超级能恩超启能恩2段 适度水解婴儿配方奶粉800g罐装/img7.jpg'),(1117,226,'img/【雀巢官方】超级能恩超启能恩2段 适度水解婴儿配方奶粉800g罐装/img8.jpg'),(1118,226,'img/【雀巢官方】超级能恩超启能恩2段 适度水解婴儿配方奶粉800g罐装/img9.jpg'),(1119,227,'img/澳洲可瑞康羊奶粉3段karicare新西兰进口婴儿宝宝幼儿奶粉900g/img0.png'),(1120,227,'img/澳洲可瑞康羊奶粉3段karicare新西兰进口婴儿宝宝幼儿奶粉900g/img1.png'),(1121,227,'img/澳洲可瑞康羊奶粉3段karicare新西兰进口婴儿宝宝幼儿奶粉900g/img2.png'),(1122,227,'img/澳洲可瑞康羊奶粉3段karicare新西兰进口婴儿宝宝幼儿奶粉900g/img3.png'),(1123,227,'img/澳洲可瑞康羊奶粉3段karicare新西兰进口婴儿宝宝幼儿奶粉900g/img4.png'),(1124,227,'img/澳洲可瑞康羊奶粉3段karicare新西兰进口婴儿宝宝幼儿奶粉900g/img5.png'),(1125,227,'img/澳洲可瑞康羊奶粉3段karicare新西兰进口婴儿宝宝幼儿奶粉900g/img6.png'),(1126,227,'img/澳洲可瑞康羊奶粉3段karicare新西兰进口婴儿宝宝幼儿奶粉900g/img7.png'),(1127,229,'img/澳洲A2奶粉2段 新西兰进口婴幼儿牛奶粉白金二段900g-6罐 SHW/img0.jpg'),(1128,229,'img/澳洲A2奶粉2段 新西兰进口婴幼儿牛奶粉白金二段900g-6罐 SHW/img1.jpg'),(1129,229,'img/澳洲A2奶粉2段 新西兰进口婴幼儿牛奶粉白金二段900g-6罐 SHW/img2.jpg'),(1130,229,'img/澳洲A2奶粉2段 新西兰进口婴幼儿牛奶粉白金二段900g-6罐 SHW/img3.jpg'),(1131,229,'img/澳洲A2奶粉2段 新西兰进口婴幼儿牛奶粉白金二段900g-6罐 SHW/img4.jpg'),(1132,229,'img/澳洲A2奶粉2段 新西兰进口婴幼儿牛奶粉白金二段900g-6罐 SHW/img5.jpg'),(1133,229,'img/澳洲A2奶粉2段 新西兰进口婴幼儿牛奶粉白金二段900g-6罐 SHW/img6.jpg'),(1134,229,'img/澳洲A2奶粉2段 新西兰进口婴幼儿牛奶粉白金二段900g-6罐 SHW/img7.jpg'),(1135,229,'img/澳洲A2奶粉2段 新西兰进口婴幼儿牛奶粉白金二段900g-6罐 SHW/img8.jpg'),(1136,229,'img/澳洲A2奶粉2段 新西兰进口婴幼儿牛奶粉白金二段900g-6罐 SHW/img9.png'),(1137,229,'img/澳洲A2奶粉2段 新西兰进口婴幼儿牛奶粉白金二段900g-6罐 SHW/img10.png'),(1138,229,'img/澳洲A2奶粉2段 新西兰进口婴幼儿牛奶粉白金二段900g-6罐 SHW/img11.jpg'),(1139,229,'img/澳洲A2奶粉2段 新西兰进口婴幼儿牛奶粉白金二段900g-6罐 SHW/img12.jpg'),(1140,229,'img/澳洲A2奶粉2段 新西兰进口婴幼儿牛奶粉白金二段900g-6罐 SHW/img13.jpg'),(1141,229,'img/澳洲A2奶粉2段 新西兰进口婴幼儿牛奶粉白金二段900g-6罐 SHW/img14.jpg'),(1142,229,'img/澳洲A2奶粉2段 新西兰进口婴幼儿牛奶粉白金二段900g-6罐 SHW/img15.jpg'),(1143,229,'img/澳洲A2奶粉2段 新西兰进口婴幼儿牛奶粉白金二段900g-6罐 SHW/img16.png'),(1144,229,'img/澳洲A2奶粉2段 新西兰进口婴幼儿牛奶粉白金二段900g-6罐 SHW/img17.png'),(1145,229,'img/澳洲A2奶粉2段 新西兰进口婴幼儿牛奶粉白金二段900g-6罐 SHW/img18.png'),(1146,229,'img/澳洲A2奶粉2段 新西兰进口婴幼儿牛奶粉白金二段900g-6罐 SHW/img19.png'),(1147,229,'img/澳洲A2奶粉2段 新西兰进口婴幼儿牛奶粉白金二段900g-6罐 SHW/img20.png'),(1148,229,'img/澳洲A2奶粉2段 新西兰进口婴幼儿牛奶粉白金二段900g-6罐 SHW/img21.png'),(1149,229,'img/澳洲A2奶粉2段 新西兰进口婴幼儿牛奶粉白金二段900g-6罐 SHW/img22.png'),(1150,230,'img/买1得7】伊利金领冠珍护1段新生婴儿奶粉一段900g罐装旗舰店官网/img0.jpg'),(1151,230,'img/买1得7】伊利金领冠珍护1段新生婴儿奶粉一段900g罐装旗舰店官网/img1.jpg'),(1152,230,'img/买1得7】伊利金领冠珍护1段新生婴儿奶粉一段900g罐装旗舰店官网/img2.jpg'),(1153,230,'img/买1得7】伊利金领冠珍护1段新生婴儿奶粉一段900g罐装旗舰店官网/img3.jpg'),(1154,230,'img/买1得7】伊利金领冠珍护1段新生婴儿奶粉一段900g罐装旗舰店官网/img4.jpg'),(1155,230,'img/买1得7】伊利金领冠珍护1段新生婴儿奶粉一段900g罐装旗舰店官网/img5.jpg'),(1156,230,'img/买1得7】伊利金领冠珍护1段新生婴儿奶粉一段900g罐装旗舰店官网/img6.jpg'),(1157,230,'img/买1得7】伊利金领冠珍护1段新生婴儿奶粉一段900g罐装旗舰店官网/img7.jpg'),(1158,230,'img/买1得7】伊利金领冠珍护1段新生婴儿奶粉一段900g罐装旗舰店官网/img8.jpg'),(1159,230,'img/买1得7】伊利金领冠珍护1段新生婴儿奶粉一段900g罐装旗舰店官网/img9.jpg'),(1160,230,'img/买1得7】伊利金领冠珍护1段新生婴儿奶粉一段900g罐装旗舰店官网/img10.jpg'),(1161,230,'img/买1得7】伊利金领冠珍护1段新生婴儿奶粉一段900g罐装旗舰店官网/img11.jpg'),(1162,230,'img/买1得7】伊利金领冠珍护1段新生婴儿奶粉一段900g罐装旗舰店官网/img12.jpg'),(1163,230,'img/买1得7】伊利金领冠珍护1段新生婴儿奶粉一段900g罐装旗舰店官网/img13.png'),(1164,230,'img/买1得7】伊利金领冠珍护1段新生婴儿奶粉一段900g罐装旗舰店官网/img14.png'),(1165,230,'img/买1得7】伊利金领冠珍护1段新生婴儿奶粉一段900g罐装旗舰店官网/img15.png'),(1166,230,'img/买1得7】伊利金领冠珍护1段新生婴儿奶粉一段900g罐装旗舰店官网/img16.png'),(1167,230,'img/买1得7】伊利金领冠珍护1段新生婴儿奶粉一段900g罐装旗舰店官网/img17.png'),(1168,230,'img/买1得7】伊利金领冠珍护1段新生婴儿奶粉一段900g罐装旗舰店官网/img18.png'),(1169,230,'img/买1得7】伊利金领冠珍护1段新生婴儿奶粉一段900g罐装旗舰店官网/img19.png'),(1170,231,'img/【直营】雀巢能恩NAN PRO HA适度水解蛋白婴幼儿奶粉3段800g-4罐/img0.png'),(1171,231,'img/【直营】雀巢能恩NAN PRO HA适度水解蛋白婴幼儿奶粉3段800g-4罐/img1.png'),(1172,231,'img/【直营】雀巢能恩NAN PRO HA适度水解蛋白婴幼儿奶粉3段800g-4罐/img2.png'),(1173,231,'img/【直营】雀巢能恩NAN PRO HA适度水解蛋白婴幼儿奶粉3段800g-4罐/img3.png'),(1174,231,'img/【直营】雀巢能恩NAN PRO HA适度水解蛋白婴幼儿奶粉3段800g-4罐/img4.png'),(1175,231,'img/【直营】雀巢能恩NAN PRO HA适度水解蛋白婴幼儿奶粉3段800g-4罐/img5.png'),(1176,231,'img/【直营】雀巢能恩NAN PRO HA适度水解蛋白婴幼儿奶粉3段800g-4罐/img6.png'),(1177,231,'img/【直营】雀巢能恩NAN PRO HA适度水解蛋白婴幼儿奶粉3段800g-4罐/img7.png'),(1178,232,'img/美素佳儿旗舰店官网3段奶粉700g-3盒装 日期新鲜 正品可溯源/img0.jpg'),(1179,232,'img/美素佳儿旗舰店官网3段奶粉700g-3盒装 日期新鲜 正品可溯源/img1.jpg'),(1180,232,'img/美素佳儿旗舰店官网3段奶粉700g-3盒装 日期新鲜 正品可溯源/img2.jpg'),(1181,232,'img/美素佳儿旗舰店官网3段奶粉700g-3盒装 日期新鲜 正品可溯源/img3.jpg'),(1182,232,'img/美素佳儿旗舰店官网3段奶粉700g-3盒装 日期新鲜 正品可溯源/img4.jpg'),(1183,232,'img/美素佳儿旗舰店官网3段奶粉700g-3盒装 日期新鲜 正品可溯源/img5.jpg'),(1184,232,'img/美素佳儿旗舰店官网3段奶粉700g-3盒装 日期新鲜 正品可溯源/img6.jpg'),(1185,232,'img/美素佳儿旗舰店官网3段奶粉700g-3盒装 日期新鲜 正品可溯源/img7.jpg'),(1186,232,'img/美素佳儿旗舰店官网3段奶粉700g-3盒装 日期新鲜 正品可溯源/img8.jpg'),(1187,232,'img/美素佳儿旗舰店官网3段奶粉700g-3盒装 日期新鲜 正品可溯源/img9.jpg'),(1188,233,'img/【新客0元试喝】百跃御宝羊奶粉跃贝儿婴儿宝宝羊奶粉3段800g/img0.jpg'),(1189,233,'img/【新客0元试喝】百跃御宝羊奶粉跃贝儿婴儿宝宝羊奶粉3段800g/img1.jpg'),(1190,233,'img/【新客0元试喝】百跃御宝羊奶粉跃贝儿婴儿宝宝羊奶粉3段800g/img2.jpg'),(1191,233,'img/【新客0元试喝】百跃御宝羊奶粉跃贝儿婴儿宝宝羊奶粉3段800g/img3.jpg'),(1192,233,'img/【新客0元试喝】百跃御宝羊奶粉跃贝儿婴儿宝宝羊奶粉3段800g/img4.jpg'),(1193,233,'img/【新客0元试喝】百跃御宝羊奶粉跃贝儿婴儿宝宝羊奶粉3段800g/img5.jpg'),(1194,233,'img/【新客0元试喝】百跃御宝羊奶粉跃贝儿婴儿宝宝羊奶粉3段800g/img6.jpg'),(1195,233,'img/【新客0元试喝】百跃御宝羊奶粉跃贝儿婴儿宝宝羊奶粉3段800g/img7.jpg'),(1196,233,'img/【新客0元试喝】百跃御宝羊奶粉跃贝儿婴儿宝宝羊奶粉3段800g/img8.jpg'),(1197,233,'img/【新客0元试喝】百跃御宝羊奶粉跃贝儿婴儿宝宝羊奶粉3段800g/img9.jpg'),(1198,233,'img/【新客0元试喝】百跃御宝羊奶粉跃贝儿婴儿宝宝羊奶粉3段800g/img10.jpg'),(1199,233,'img/【新客0元试喝】百跃御宝羊奶粉跃贝儿婴儿宝宝羊奶粉3段800g/img11.png'),(1200,233,'img/【新客0元试喝】百跃御宝羊奶粉跃贝儿婴儿宝宝羊奶粉3段800g/img12.png'),(1201,233,'img/【新客0元试喝】百跃御宝羊奶粉跃贝儿婴儿宝宝羊奶粉3段800g/img13.png'),(1202,233,'img/【新客0元试喝】百跃御宝羊奶粉跃贝儿婴儿宝宝羊奶粉3段800g/img14.png'),(1203,233,'img/【新客0元试喝】百跃御宝羊奶粉跃贝儿婴儿宝宝羊奶粉3段800g/img15.png'),(1204,233,'img/【新客0元试喝】百跃御宝羊奶粉跃贝儿婴儿宝宝羊奶粉3段800g/img16.png'),(1205,233,'img/【新客0元试喝】百跃御宝羊奶粉跃贝儿婴儿宝宝羊奶粉3段800g/img17.png'),(1206,233,'img/【新客0元试喝】百跃御宝羊奶粉跃贝儿婴儿宝宝羊奶粉3段800g/img18.png'),(1207,233,'img/【新客0元试喝】百跃御宝羊奶粉跃贝儿婴儿宝宝羊奶粉3段800g/img19.png'),(1208,233,'img/【新客0元试喝】百跃御宝羊奶粉跃贝儿婴儿宝宝羊奶粉3段800g/img20.png'),(1209,233,'img/【新客0元试喝】百跃御宝羊奶粉跃贝儿婴儿宝宝羊奶粉3段800g/img21.png'),(1210,233,'img/【新客0元试喝】百跃御宝羊奶粉跃贝儿婴儿宝宝羊奶粉3段800g/img22.png'),(1211,233,'img/【新客0元试喝】百跃御宝羊奶粉跃贝儿婴儿宝宝羊奶粉3段800g/img23.png'),(1212,233,'img/【新客0元试喝】百跃御宝羊奶粉跃贝儿婴儿宝宝羊奶粉3段800g/img24.png'),(1213,233,'img/【新客0元试喝】百跃御宝羊奶粉跃贝儿婴儿宝宝羊奶粉3段800g/img25.png'),(1214,233,'img/【新客0元试喝】百跃御宝羊奶粉跃贝儿婴儿宝宝羊奶粉3段800g/img26.png'),(1215,233,'img/【新客0元试喝】百跃御宝羊奶粉跃贝儿婴儿宝宝羊奶粉3段800g/img27.png'),(1216,233,'img/【新客0元试喝】百跃御宝羊奶粉跃贝儿婴儿宝宝羊奶粉3段800g/img28.png'),(1217,233,'img/【新客0元试喝】百跃御宝羊奶粉跃贝儿婴儿宝宝羊奶粉3段800g/img29.png'),(1218,234,'img/买1得6】 伊利珍护3段900g克婴幼儿三段金领冠牛奶粉罐装旗舰店网/img0.jpg'),(1219,234,'img/买1得6】 伊利珍护3段900g克婴幼儿三段金领冠牛奶粉罐装旗舰店网/img1.jpg'),(1220,234,'img/买1得6】 伊利珍护3段900g克婴幼儿三段金领冠牛奶粉罐装旗舰店网/img2.jpg'),(1221,234,'img/买1得6】 伊利珍护3段900g克婴幼儿三段金领冠牛奶粉罐装旗舰店网/img3.jpg'),(1222,234,'img/买1得6】 伊利珍护3段900g克婴幼儿三段金领冠牛奶粉罐装旗舰店网/img4.jpg'),(1223,234,'img/买1得6】 伊利珍护3段900g克婴幼儿三段金领冠牛奶粉罐装旗舰店网/img5.jpg'),(1224,234,'img/买1得6】 伊利珍护3段900g克婴幼儿三段金领冠牛奶粉罐装旗舰店网/img6.jpg'),(1225,234,'img/买1得6】 伊利珍护3段900g克婴幼儿三段金领冠牛奶粉罐装旗舰店网/img7.jpg'),(1226,234,'img/买1得6】 伊利珍护3段900g克婴幼儿三段金领冠牛奶粉罐装旗舰店网/img8.jpg'),(1227,234,'img/买1得6】 伊利珍护3段900g克婴幼儿三段金领冠牛奶粉罐装旗舰店网/img9.jpg'),(1228,234,'img/买1得6】 伊利珍护3段900g克婴幼儿三段金领冠牛奶粉罐装旗舰店网/img10.jpg'),(1229,234,'img/买1得6】 伊利珍护3段900g克婴幼儿三段金领冠牛奶粉罐装旗舰店网/img11.jpg'),(1230,234,'img/买1得6】 伊利珍护3段900g克婴幼儿三段金领冠牛奶粉罐装旗舰店网/img12.jpg'),(1231,234,'img/买1得6】 伊利珍护3段900g克婴幼儿三段金领冠牛奶粉罐装旗舰店网/img13.jpg'),(1232,235,'img/君乐宝奶粉4段小小鲁班3-7岁儿童学生成长牛奶粉800克旗舰店官网/img0.jpg'),(1233,235,'img/君乐宝奶粉4段小小鲁班3-7岁儿童学生成长牛奶粉800克旗舰店官网/img1.jpg'),(1234,235,'img/君乐宝奶粉4段小小鲁班3-7岁儿童学生成长牛奶粉800克旗舰店官网/img2.jpg'),(1235,235,'img/君乐宝奶粉4段小小鲁班3-7岁儿童学生成长牛奶粉800克旗舰店官网/img3.jpg'),(1236,235,'img/君乐宝奶粉4段小小鲁班3-7岁儿童学生成长牛奶粉800克旗舰店官网/img4.jpg'),(1237,235,'img/君乐宝奶粉4段小小鲁班3-7岁儿童学生成长牛奶粉800克旗舰店官网/img5.jpg'),(1238,235,'img/君乐宝奶粉4段小小鲁班3-7岁儿童学生成长牛奶粉800克旗舰店官网/img6.jpg'),(1239,235,'img/君乐宝奶粉4段小小鲁班3-7岁儿童学生成长牛奶粉800克旗舰店官网/img7.jpg'),(1240,235,'img/君乐宝奶粉4段小小鲁班3-7岁儿童学生成长牛奶粉800克旗舰店官网/img8.jpg'),(1241,235,'img/君乐宝奶粉4段小小鲁班3-7岁儿童学生成长牛奶粉800克旗舰店官网/img9.jpg'),(1242,235,'img/君乐宝奶粉4段小小鲁班3-7岁儿童学生成长牛奶粉800克旗舰店官网/img10.jpg'),(1243,235,'img/君乐宝奶粉4段小小鲁班3-7岁儿童学生成长牛奶粉800克旗舰店官网/img11.png'),(1244,235,'img/君乐宝奶粉4段小小鲁班3-7岁儿童学生成长牛奶粉800克旗舰店官网/img12.png'),(1245,235,'img/君乐宝奶粉4段小小鲁班3-7岁儿童学生成长牛奶粉800克旗舰店官网/img13.png'),(1246,235,'img/君乐宝奶粉4段小小鲁班3-7岁儿童学生成长牛奶粉800克旗舰店官网/img14.png'),(1247,235,'img/君乐宝奶粉4段小小鲁班3-7岁儿童学生成长牛奶粉800克旗舰店官网/img15.png'),(1248,235,'img/君乐宝奶粉4段小小鲁班3-7岁儿童学生成长牛奶粉800克旗舰店官网/img16.png'),(1249,235,'img/君乐宝奶粉4段小小鲁班3-7岁儿童学生成长牛奶粉800克旗舰店官网/img17.png'),(1250,235,'img/君乐宝奶粉4段小小鲁班3-7岁儿童学生成长牛奶粉800克旗舰店官网/img18.png'),(1251,235,'img/君乐宝奶粉4段小小鲁班3-7岁儿童学生成长牛奶粉800克旗舰店官网/img19.png'),(1252,235,'img/君乐宝奶粉4段小小鲁班3-7岁儿童学生成长牛奶粉800克旗舰店官网/img20.png'),(1253,235,'img/君乐宝奶粉4段小小鲁班3-7岁儿童学生成长牛奶粉800克旗舰店官网/img21.png'),(1254,236,'img/旗舰店官方正品 贝因美奶粉童享三段婴儿幼儿宝贝3段800g克-6罐/img0.jpg'),(1255,236,'img/旗舰店官方正品 贝因美奶粉童享三段婴儿幼儿宝贝3段800g克-6罐/img1.jpg'),(1256,236,'img/旗舰店官方正品 贝因美奶粉童享三段婴儿幼儿宝贝3段800g克-6罐/img2.jpg'),(1257,236,'img/旗舰店官方正品 贝因美奶粉童享三段婴儿幼儿宝贝3段800g克-6罐/img3.jpg'),(1258,236,'img/旗舰店官方正品 贝因美奶粉童享三段婴儿幼儿宝贝3段800g克-6罐/img4.jpg'),(1259,236,'img/旗舰店官方正品 贝因美奶粉童享三段婴儿幼儿宝贝3段800g克-6罐/img5.jpg'),(1260,236,'img/旗舰店官方正品 贝因美奶粉童享三段婴儿幼儿宝贝3段800g克-6罐/img6.jpg'),(1261,236,'img/旗舰店官方正品 贝因美奶粉童享三段婴儿幼儿宝贝3段800g克-6罐/img7.jpg'),(1262,236,'img/旗舰店官方正品 贝因美奶粉童享三段婴儿幼儿宝贝3段800g克-6罐/img8.jpg'),(1263,236,'img/旗舰店官方正品 贝因美奶粉童享三段婴儿幼儿宝贝3段800g克-6罐/img9.jpg'),(1264,236,'img/旗舰店官方正品 贝因美奶粉童享三段婴儿幼儿宝贝3段800g克-6罐/img10.jpg'),(1265,237,'img/【旗舰店官网】飞鹤飞帆3段幼儿奶粉三段400g四联包1600g盒装/img0.jpg'),(1266,237,'img/【旗舰店官网】飞鹤飞帆3段幼儿奶粉三段400g四联包1600g盒装/img1.jpg'),(1267,237,'img/【旗舰店官网】飞鹤飞帆3段幼儿奶粉三段400g四联包1600g盒装/img2.jpg'),(1268,237,'img/【旗舰店官网】飞鹤飞帆3段幼儿奶粉三段400g四联包1600g盒装/img3.jpg'),(1269,237,'img/【旗舰店官网】飞鹤飞帆3段幼儿奶粉三段400g四联包1600g盒装/img4.jpg'),(1270,237,'img/【旗舰店官网】飞鹤飞帆3段幼儿奶粉三段400g四联包1600g盒装/img5.jpg'),(1271,237,'img/【旗舰店官网】飞鹤飞帆3段幼儿奶粉三段400g四联包1600g盒装/img6.jpg'),(1272,237,'img/【旗舰店官网】飞鹤飞帆3段幼儿奶粉三段400g四联包1600g盒装/img7.jpg'),(1273,237,'img/【旗舰店官网】飞鹤飞帆3段幼儿奶粉三段400g四联包1600g盒装/img8.jpg'),(1274,237,'img/【旗舰店官网】飞鹤飞帆3段幼儿奶粉三段400g四联包1600g盒装/img9.jpg'),(1275,238,'img/【旗舰店官网】飞鹤奶粉3段超级飞帆臻爱三段牛奶粉900g-6/img0.jpg'),(1276,238,'img/【旗舰店官网】飞鹤奶粉3段超级飞帆臻爱三段牛奶粉900g-6/img1.jpg'),(1277,238,'img/【旗舰店官网】飞鹤奶粉3段超级飞帆臻爱三段牛奶粉900g-6/img2.jpg'),(1278,238,'img/【旗舰店官网】飞鹤奶粉3段超级飞帆臻爱三段牛奶粉900g-6/img3.jpg'),(1279,238,'img/【旗舰店官网】飞鹤奶粉3段超级飞帆臻爱三段牛奶粉900g-6/img4.jpg'),(1280,238,'img/【旗舰店官网】飞鹤奶粉3段超级飞帆臻爱三段牛奶粉900g-6/img5.png'),(1281,239,'img/8月新货】伊利金领冠4段900g克儿童配方奶粉四段3-7岁旗舰店官网/img0.jpg'),(1282,239,'img/8月新货】伊利金领冠4段900g克儿童配方奶粉四段3-7岁旗舰店官网/img1.jpg'),(1283,239,'img/8月新货】伊利金领冠4段900g克儿童配方奶粉四段3-7岁旗舰店官网/img2.jpg'),(1284,239,'img/8月新货】伊利金领冠4段900g克儿童配方奶粉四段3-7岁旗舰店官网/img3.jpg'),(1285,239,'img/8月新货】伊利金领冠4段900g克儿童配方奶粉四段3-7岁旗舰店官网/img4.jpg'),(1286,239,'img/8月新货】伊利金领冠4段900g克儿童配方奶粉四段3-7岁旗舰店官网/img5.jpg'),(1287,239,'img/8月新货】伊利金领冠4段900g克儿童配方奶粉四段3-7岁旗舰店官网/img6.jpg'),(1288,239,'img/8月新货】伊利金领冠4段900g克儿童配方奶粉四段3-7岁旗舰店官网/img7.jpg'),(1289,239,'img/8月新货】伊利金领冠4段900g克儿童配方奶粉四段3-7岁旗舰店官网/img8.jpg'),(1290,239,'img/8月新货】伊利金领冠4段900g克儿童配方奶粉四段3-7岁旗舰店官网/img9.jpg'),(1291,239,'img/8月新货】伊利金领冠4段900g克儿童配方奶粉四段3-7岁旗舰店官网/img10.jpg'),(1292,239,'img/8月新货】伊利金领冠4段900g克儿童配方奶粉四段3-7岁旗舰店官网/img11.jpg'),(1293,239,'img/8月新货】伊利金领冠4段900g克儿童配方奶粉四段3-7岁旗舰店官网/img12.png'),(1294,239,'img/8月新货】伊利金领冠4段900g克儿童配方奶粉四段3-7岁旗舰店官网/img13.png'),(1295,239,'img/8月新货】伊利金领冠4段900g克儿童配方奶粉四段3-7岁旗舰店官网/img14.png'),(1296,239,'img/8月新货】伊利金领冠4段900g克儿童配方奶粉四段3-7岁旗舰店官网/img15.png'),(1297,239,'img/8月新货】伊利金领冠4段900g克儿童配方奶粉四段3-7岁旗舰店官网/img16.png'),(1298,240,'img/君乐宝奶粉4段君乐宝乐铂k2儿童奶粉3-7岁学生6岁以上旗舰店官网/img0.jpg'),(1299,240,'img/君乐宝奶粉4段君乐宝乐铂k2儿童奶粉3-7岁学生6岁以上旗舰店官网/img1.jpg'),(1300,240,'img/君乐宝奶粉4段君乐宝乐铂k2儿童奶粉3-7岁学生6岁以上旗舰店官网/img2.jpg'),(1301,240,'img/君乐宝奶粉4段君乐宝乐铂k2儿童奶粉3-7岁学生6岁以上旗舰店官网/img3.jpg'),(1302,240,'img/君乐宝奶粉4段君乐宝乐铂k2儿童奶粉3-7岁学生6岁以上旗舰店官网/img4.jpg'),(1303,240,'img/君乐宝奶粉4段君乐宝乐铂k2儿童奶粉3-7岁学生6岁以上旗舰店官网/img5.jpg'),(1304,240,'img/君乐宝奶粉4段君乐宝乐铂k2儿童奶粉3-7岁学生6岁以上旗舰店官网/img6.jpg'),(1305,240,'img/君乐宝奶粉4段君乐宝乐铂k2儿童奶粉3-7岁学生6岁以上旗舰店官网/img7.jpg'),(1306,241,'img/6月新货伊利金领冠3段菁护幼儿牛奶粉900g升级800g旗舰店官方正品/img0.png'),(1307,241,'img/6月新货伊利金领冠3段菁护幼儿牛奶粉900g升级800g旗舰店官方正品/img1.png'),(1308,241,'img/6月新货伊利金领冠3段菁护幼儿牛奶粉900g升级800g旗舰店官方正品/img2.png'),(1309,241,'img/6月新货伊利金领冠3段菁护幼儿牛奶粉900g升级800g旗舰店官方正品/img3.png'),(1310,241,'img/6月新货伊利金领冠3段菁护幼儿牛奶粉900g升级800g旗舰店官方正品/img4.png'),(1311,241,'img/6月新货伊利金领冠3段菁护幼儿牛奶粉900g升级800g旗舰店官方正品/img5.png'),(1312,241,'img/6月新货伊利金领冠3段菁护幼儿牛奶粉900g升级800g旗舰店官方正品/img6.png'),(1313,241,'img/6月新货伊利金领冠3段菁护幼儿牛奶粉900g升级800g旗舰店官方正品/img7.png'),(1314,242,'img/旗舰店官网】飞鹤飞帆3段幼儿奶粉三段400g四联包1600g四连包盒装/img0.jpg'),(1315,242,'img/旗舰店官网】飞鹤飞帆3段幼儿奶粉三段400g四联包1600g四连包盒装/img1.jpg'),(1316,242,'img/旗舰店官网】飞鹤飞帆3段幼儿奶粉三段400g四联包1600g四连包盒装/img2.jpg'),(1317,242,'img/旗舰店官网】飞鹤飞帆3段幼儿奶粉三段400g四联包1600g四连包盒装/img3.jpg'),(1318,242,'img/旗舰店官网】飞鹤飞帆3段幼儿奶粉三段400g四联包1600g四连包盒装/img4.jpg'),(1319,242,'img/旗舰店官网】飞鹤飞帆3段幼儿奶粉三段400g四联包1600g四连包盒装/img5.png'),(1320,242,'img/旗舰店官网】飞鹤飞帆3段幼儿奶粉三段400g四联包1600g四连包盒装/img6.png'),(1321,242,'img/旗舰店官网】飞鹤飞帆3段幼儿奶粉三段400g四联包1600g四连包盒装/img7.png'),(1322,242,'img/旗舰店官网】飞鹤飞帆3段幼儿奶粉三段400g四联包1600g四连包盒装/img8.png'),(1323,242,'img/旗舰店官网】飞鹤飞帆3段幼儿奶粉三段400g四联包1600g四连包盒装/img9.png'),(1324,242,'img/旗舰店官网】飞鹤飞帆3段幼儿奶粉三段400g四联包1600g四连包盒装/img10.png'),(1325,242,'img/旗舰店官网】飞鹤飞帆3段幼儿奶粉三段400g四联包1600g四连包盒装/img11.png'),(1326,242,'img/旗舰店官网】飞鹤飞帆3段幼儿奶粉三段400g四联包1600g四连包盒装/img12.png'),(1327,243,'img/【雀巢官方】小百肽全营养配方粉400g-6 防腹泻 水解乳清蛋白奶粉/img0.jpg'),(1328,243,'img/【雀巢官方】小百肽全营养配方粉400g-6 防腹泻 水解乳清蛋白奶粉/img1.jpg'),(1329,243,'img/【雀巢官方】小百肽全营养配方粉400g-6 防腹泻 水解乳清蛋白奶粉/img2.jpg'),(1330,243,'img/【雀巢官方】小百肽全营养配方粉400g-6 防腹泻 水解乳清蛋白奶粉/img3.jpg'),(1331,243,'img/【雀巢官方】小百肽全营养配方粉400g-6 防腹泻 水解乳清蛋白奶粉/img4.jpg'),(1332,244,'img/伊利儿童成长高钙奶粉400g-2袋装6岁以上小学生钙铁锌营养牛奶粉/img0.jpg'),(1333,244,'img/伊利儿童成长高钙奶粉400g-2袋装6岁以上小学生钙铁锌营养牛奶粉/img1.jpg'),(1334,244,'img/伊利儿童成长高钙奶粉400g-2袋装6岁以上小学生钙铁锌营养牛奶粉/img2.jpg'),(1335,244,'img/伊利儿童成长高钙奶粉400g-2袋装6岁以上小学生钙铁锌营养牛奶粉/img3.jpg'),(1336,244,'img/伊利儿童成长高钙奶粉400g-2袋装6岁以上小学生钙铁锌营养牛奶粉/img4.jpg'),(1337,245,'img/蒙牛全脂甜奶粉成人成年学生男女士全脂高钙牛奶粉烘焙小袋装早餐/img0.jpg'),(1338,245,'img/蒙牛全脂甜奶粉成人成年学生男女士全脂高钙牛奶粉烘焙小袋装早餐/img1.png'),(1339,245,'img/蒙牛全脂甜奶粉成人成年学生男女士全脂高钙牛奶粉烘焙小袋装早餐/img2.png'),(1340,245,'img/蒙牛全脂甜奶粉成人成年学生男女士全脂高钙牛奶粉烘焙小袋装早餐/img3.png'),(1341,245,'img/蒙牛全脂甜奶粉成人成年学生男女士全脂高钙牛奶粉烘焙小袋装早餐/img4.png'),(1342,245,'img/蒙牛全脂甜奶粉成人成年学生男女士全脂高钙牛奶粉烘焙小袋装早餐/img5.png'),(1343,245,'img/蒙牛全脂甜奶粉成人成年学生男女士全脂高钙牛奶粉烘焙小袋装早餐/img6.png'),(1344,247,'img/【官方】美赞臣蓝臻幼儿配方奶粉3段900g-罐（1-3岁）荷兰进口/img0.png'),(1345,250,'img/【官方】爱尔兰进口惠氏启赋4段奶粉调制乳粉900g新包装升级配方/img0.jpg'),(1346,250,'img/【官方】爱尔兰进口惠氏启赋4段奶粉调制乳粉900g新包装升级配方/img1.jpg'),(1347,250,'img/【官方】爱尔兰进口惠氏启赋4段奶粉调制乳粉900g新包装升级配方/img2.jpg'),(1348,250,'img/【官方】爱尔兰进口惠氏启赋4段奶粉调制乳粉900g新包装升级配方/img3.jpg'),(1349,250,'img/【官方】爱尔兰进口惠氏启赋4段奶粉调制乳粉900g新包装升级配方/img4.jpg'),(1350,250,'img/【官方】爱尔兰进口惠氏启赋4段奶粉调制乳粉900g新包装升级配方/img5.jpg'),(1351,250,'img/【官方】爱尔兰进口惠氏启赋4段奶粉调制乳粉900g新包装升级配方/img6.jpg'),(1352,250,'img/【官方】爱尔兰进口惠氏启赋4段奶粉调制乳粉900g新包装升级配方/img7.jpg'),(1353,250,'img/【官方】爱尔兰进口惠氏启赋4段奶粉调制乳粉900g新包装升级配方/img8.jpg'),(1354,250,'img/【官方】爱尔兰进口惠氏启赋4段奶粉调制乳粉900g新包装升级配方/img9.jpg'),(1355,250,'img/【官方】爱尔兰进口惠氏启赋4段奶粉调制乳粉900g新包装升级配方/img10.jpg'),(1356,250,'img/【官方】爱尔兰进口惠氏启赋4段奶粉调制乳粉900g新包装升级配方/img11.png'),(1357,250,'img/【官方】爱尔兰进口惠氏启赋4段奶粉调制乳粉900g新包装升级配方/img12.png'),(1358,250,'img/【官方】爱尔兰进口惠氏启赋4段奶粉调制乳粉900g新包装升级配方/img13.png'),(1359,250,'img/【官方】爱尔兰进口惠氏启赋4段奶粉调制乳粉900g新包装升级配方/img14.png'),(1360,250,'img/【官方】爱尔兰进口惠氏启赋4段奶粉调制乳粉900g新包装升级配方/img15.png'),(1361,250,'img/【官方】爱尔兰进口惠氏启赋4段奶粉调制乳粉900g新包装升级配方/img16.png'),(1362,250,'img/【官方】爱尔兰进口惠氏启赋4段奶粉调制乳粉900g新包装升级配方/img17.png'),(1363,250,'img/【官方】爱尔兰进口惠氏启赋4段奶粉调制乳粉900g新包装升级配方/img18.png'),(1364,251,'img/Nutrilon 诺优能（牛栏）婴儿配方奶粉 900G1段爱尔兰宝宝牛奶粉/img0.jpg'),(1365,251,'img/Nutrilon 诺优能（牛栏）婴儿配方奶粉 900G1段爱尔兰宝宝牛奶粉/img1.jpg'),(1366,251,'img/Nutrilon 诺优能（牛栏）婴儿配方奶粉 900G1段爱尔兰宝宝牛奶粉/img2.jpg'),(1367,251,'img/Nutrilon 诺优能（牛栏）婴儿配方奶粉 900G1段爱尔兰宝宝牛奶粉/img3.jpg'),(1368,251,'img/Nutrilon 诺优能（牛栏）婴儿配方奶粉 900G1段爱尔兰宝宝牛奶粉/img4.jpg'),(1369,251,'img/Nutrilon 诺优能（牛栏）婴儿配方奶粉 900G1段爱尔兰宝宝牛奶粉/img5.jpg'),(1370,251,'img/Nutrilon 诺优能（牛栏）婴儿配方奶粉 900G1段爱尔兰宝宝牛奶粉/img6.jpg'),(1371,251,'img/Nutrilon 诺优能（牛栏）婴儿配方奶粉 900G1段爱尔兰宝宝牛奶粉/img7.jpg'),(1372,251,'img/Nutrilon 诺优能（牛栏）婴儿配方奶粉 900G1段爱尔兰宝宝牛奶粉/img8.jpg'),(1373,251,'img/Nutrilon 诺优能（牛栏）婴儿配方奶粉 900G1段爱尔兰宝宝牛奶粉/img9.jpg'),(1374,251,'img/Nutrilon 诺优能（牛栏）婴儿配方奶粉 900G1段爱尔兰宝宝牛奶粉/img10.jpg'),(1375,251,'img/Nutrilon 诺优能（牛栏）婴儿配方奶粉 900G1段爱尔兰宝宝牛奶粉/img11.jpg'),(1376,251,'img/Nutrilon 诺优能（牛栏）婴儿配方奶粉 900G1段爱尔兰宝宝牛奶粉/img12.jpg'),(1377,252,'img/Aptamil白金版爱他美幼儿配方奶粉3段六罐卓萃/img0.jpg'),(1378,252,'img/Aptamil白金版爱他美幼儿配方奶粉3段六罐卓萃/img1.png'),(1379,252,'img/Aptamil白金版爱他美幼儿配方奶粉3段六罐卓萃/img2.png'),(1380,252,'img/Aptamil白金版爱他美幼儿配方奶粉3段六罐卓萃/img3.png'),(1381,252,'img/Aptamil白金版爱他美幼儿配方奶粉3段六罐卓萃/img4.png'),(1382,252,'img/Aptamil白金版爱他美幼儿配方奶粉3段六罐卓萃/img5.png'),(1383,252,'img/Aptamil白金版爱他美幼儿配方奶粉3段六罐卓萃/img6.png'),(1384,252,'img/Aptamil白金版爱他美幼儿配方奶粉3段六罐卓萃/img7.png'),(1385,252,'img/Aptamil白金版爱他美幼儿配方奶粉3段六罐卓萃/img8.png'),(1386,252,'img/Aptamil白金版爱他美幼儿配方奶粉3段六罐卓萃/img9.png'),(1387,252,'img/Aptamil白金版爱他美幼儿配方奶粉3段六罐卓萃/img10.png'),(1388,252,'img/Aptamil白金版爱他美幼儿配方奶粉3段六罐卓萃/img11.png'),(1389,252,'img/Aptamil白金版爱他美幼儿配方奶粉3段六罐卓萃/img12.png'),(1390,252,'img/Aptamil白金版爱他美幼儿配方奶粉3段六罐卓萃/img13.jpg'),(1391,253,'img/Aptamil 爱他美卓萃幼儿配方奶粉3段1-3岁 (白金版)宝宝牛奶粉/img0.jpg'),(1392,253,'img/Aptamil 爱他美卓萃幼儿配方奶粉3段1-3岁 (白金版)宝宝牛奶粉/img1.png'),(1393,253,'img/Aptamil 爱他美卓萃幼儿配方奶粉3段1-3岁 (白金版)宝宝牛奶粉/img2.png'),(1394,253,'img/Aptamil 爱他美卓萃幼儿配方奶粉3段1-3岁 (白金版)宝宝牛奶粉/img3.png'),(1395,253,'img/Aptamil 爱他美卓萃幼儿配方奶粉3段1-3岁 (白金版)宝宝牛奶粉/img4.png'),(1396,253,'img/Aptamil 爱他美卓萃幼儿配方奶粉3段1-3岁 (白金版)宝宝牛奶粉/img5.png'),(1397,253,'img/Aptamil 爱他美卓萃幼儿配方奶粉3段1-3岁 (白金版)宝宝牛奶粉/img6.png'),(1398,253,'img/Aptamil 爱他美卓萃幼儿配方奶粉3段1-3岁 (白金版)宝宝牛奶粉/img7.png'),(1399,253,'img/Aptamil 爱他美卓萃幼儿配方奶粉3段1-3岁 (白金版)宝宝牛奶粉/img8.png'),(1400,253,'img/Aptamil 爱他美卓萃幼儿配方奶粉3段1-3岁 (白金版)宝宝牛奶粉/img9.png'),(1401,253,'img/Aptamil 爱他美卓萃幼儿配方奶粉3段1-3岁 (白金版)宝宝牛奶粉/img10.png'),(1402,253,'img/Aptamil 爱他美卓萃幼儿配方奶粉3段1-3岁 (白金版)宝宝牛奶粉/img11.png'),(1403,253,'img/Aptamil 爱他美卓萃幼儿配方奶粉3段1-3岁 (白金版)宝宝牛奶粉/img12.png'),(1404,253,'img/Aptamil 爱他美卓萃幼儿配方奶粉3段1-3岁 (白金版)宝宝牛奶粉/img13.jpg'),(1405,254,'img/爱尔兰进口wyeth-惠氏启赋4段含opo儿童牛奶粉3-7岁900g罐装四段/img0.jpg'),(1406,254,'img/爱尔兰进口wyeth-惠氏启赋4段含opo儿童牛奶粉3-7岁900g罐装四段/img1.jpg'),(1407,254,'img/爱尔兰进口wyeth-惠氏启赋4段含opo儿童牛奶粉3-7岁900g罐装四段/img2.jpg'),(1408,254,'img/爱尔兰进口wyeth-惠氏启赋4段含opo儿童牛奶粉3-7岁900g罐装四段/img3.jpg'),(1409,254,'img/爱尔兰进口wyeth-惠氏启赋4段含opo儿童牛奶粉3-7岁900g罐装四段/img4.jpg'),(1410,254,'img/爱尔兰进口wyeth-惠氏启赋4段含opo儿童牛奶粉3-7岁900g罐装四段/img5.jpg'),(1411,254,'img/爱尔兰进口wyeth-惠氏启赋4段含opo儿童牛奶粉3-7岁900g罐装四段/img6.jpg'),(1412,254,'img/爱尔兰进口wyeth-惠氏启赋4段含opo儿童牛奶粉3-7岁900g罐装四段/img7.jpg'),(1413,254,'img/爱尔兰进口wyeth-惠氏启赋4段含opo儿童牛奶粉3-7岁900g罐装四段/img8.jpg'),(1414,254,'img/爱尔兰进口wyeth-惠氏启赋4段含opo儿童牛奶粉3-7岁900g罐装四段/img9.jpg'),(1415,255,'img/国产奶粉飞鹤星飞帆3段婴幼儿牛奶粉1-3岁700g双罐装三段水解蛋白/img0.jpg'),(1416,255,'img/国产奶粉飞鹤星飞帆3段婴幼儿牛奶粉1-3岁700g双罐装三段水解蛋白/img1.jpg'),(1417,255,'img/国产奶粉飞鹤星飞帆3段婴幼儿牛奶粉1-3岁700g双罐装三段水解蛋白/img2.jpg'),(1418,255,'img/国产奶粉飞鹤星飞帆3段婴幼儿牛奶粉1-3岁700g双罐装三段水解蛋白/img3.jpg'),(1419,255,'img/国产奶粉飞鹤星飞帆3段婴幼儿牛奶粉1-3岁700g双罐装三段水解蛋白/img4.jpg'),(1420,255,'img/国产奶粉飞鹤星飞帆3段婴幼儿牛奶粉1-3岁700g双罐装三段水解蛋白/img5.jpg'),(1421,255,'img/国产奶粉飞鹤星飞帆3段婴幼儿牛奶粉1-3岁700g双罐装三段水解蛋白/img6.jpg'),(1422,255,'img/国产奶粉飞鹤星飞帆3段婴幼儿牛奶粉1-3岁700g双罐装三段水解蛋白/img7.jpg'),(1423,256,'img/蒙牛未来星儿童成长配方牛奶粉400g-4青少年学生高钙DHA益生菌/img0.jpg'),(1424,256,'img/蒙牛未来星儿童成长配方牛奶粉400g-4青少年学生高钙DHA益生菌/img1.jpg'),(1425,256,'img/蒙牛未来星儿童成长配方牛奶粉400g-4青少年学生高钙DHA益生菌/img2.jpg'),(1426,256,'img/蒙牛未来星儿童成长配方牛奶粉400g-4青少年学生高钙DHA益生菌/img3.jpg'),(1427,256,'img/蒙牛未来星儿童成长配方牛奶粉400g-4青少年学生高钙DHA益生菌/img4.jpg'),(1428,256,'img/蒙牛未来星儿童成长配方牛奶粉400g-4青少年学生高钙DHA益生菌/img5.jpg'),(1429,256,'img/蒙牛未来星儿童成长配方牛奶粉400g-4青少年学生高钙DHA益生菌/img6.jpg'),(1430,256,'img/蒙牛未来星儿童成长配方牛奶粉400g-4青少年学生高钙DHA益生菌/img7.jpg'),(1431,256,'img/蒙牛未来星儿童成长配方牛奶粉400g-4青少年学生高钙DHA益生菌/img8.jpg'),(1432,256,'img/蒙牛未来星儿童成长配方牛奶粉400g-4青少年学生高钙DHA益生菌/img9.jpg'),(1433,256,'img/蒙牛未来星儿童成长配方牛奶粉400g-4青少年学生高钙DHA益生菌/img10.jpg'),(1434,257,'img/蒙牛金装多维高钙中老年奶粉400g-2袋 老人高钙奶粉老年营养代餐/img0.jpg'),(1435,257,'img/蒙牛金装多维高钙中老年奶粉400g-2袋 老人高钙奶粉老年营养代餐/img1.jpg'),(1436,257,'img/蒙牛金装多维高钙中老年奶粉400g-2袋 老人高钙奶粉老年营养代餐/img2.jpg'),(1437,257,'img/蒙牛金装多维高钙中老年奶粉400g-2袋 老人高钙奶粉老年营养代餐/img3.jpg'),(1438,258,'img/【旗舰店官网】合生元奶粉呵护3段 阿尔法星幼儿3段配方奶粉900g/img0.jpg'),(1439,258,'img/【旗舰店官网】合生元奶粉呵护3段 阿尔法星幼儿3段配方奶粉900g/img1.jpg'),(1440,258,'img/【旗舰店官网】合生元奶粉呵护3段 阿尔法星幼儿3段配方奶粉900g/img2.jpg'),(1441,258,'img/【旗舰店官网】合生元奶粉呵护3段 阿尔法星幼儿3段配方奶粉900g/img3.jpg'),(1442,258,'img/【旗舰店官网】合生元奶粉呵护3段 阿尔法星幼儿3段配方奶粉900g/img4.jpg'),(1443,258,'img/【旗舰店官网】合生元奶粉呵护3段 阿尔法星幼儿3段配方奶粉900g/img5.jpg'),(1444,258,'img/【旗舰店官网】合生元奶粉呵护3段 阿尔法星幼儿3段配方奶粉900g/img6.jpg'),(1445,258,'img/【旗舰店官网】合生元奶粉呵护3段 阿尔法星幼儿3段配方奶粉900g/img7.jpg'),(1446,258,'img/【旗舰店官网】合生元奶粉呵护3段 阿尔法星幼儿3段配方奶粉900g/img8.jpg'),(1447,258,'img/【旗舰店官网】合生元奶粉呵护3段 阿尔法星幼儿3段配方奶粉900g/img9.jpg'),(1448,258,'img/【旗舰店官网】合生元奶粉呵护3段 阿尔法星幼儿3段配方奶粉900g/img10.jpg'),(1449,258,'img/【旗舰店官网】合生元奶粉呵护3段 阿尔法星幼儿3段配方奶粉900g/img11.jpg'),(1450,258,'img/【旗舰店官网】合生元奶粉呵护3段 阿尔法星幼儿3段配方奶粉900g/img12.jpg'),(1451,258,'img/【旗舰店官网】合生元奶粉呵护3段 阿尔法星幼儿3段配方奶粉900g/img13.jpg'),(1452,258,'img/【旗舰店官网】合生元奶粉呵护3段 阿尔法星幼儿3段配方奶粉900g/img14.jpg'),(1453,258,'img/【旗舰店官网】合生元奶粉呵护3段 阿尔法星幼儿3段配方奶粉900g/img15.jpg'),(1454,258,'img/【旗舰店官网】合生元奶粉呵护3段 阿尔法星幼儿3段配方奶粉900g/img16.jpg'),(1455,258,'img/【旗舰店官网】合生元奶粉呵护3段 阿尔法星幼儿3段配方奶粉900g/img17.png'),(1456,259,'img/【直营】荷兰Friso原装进口港版美素佳儿婴幼配方奶粉3段900g-2罐/img0.jpg'),(1457,259,'img/【直营】荷兰Friso原装进口港版美素佳儿婴幼配方奶粉3段900g-2罐/img1.jpg'),(1458,259,'img/【直营】荷兰Friso原装进口港版美素佳儿婴幼配方奶粉3段900g-2罐/img2.jpg'),(1459,259,'img/【直营】荷兰Friso原装进口港版美素佳儿婴幼配方奶粉3段900g-2罐/img3.jpg'),(1460,259,'img/【直营】荷兰Friso原装进口港版美素佳儿婴幼配方奶粉3段900g-2罐/img4.jpg'),(1461,259,'img/【直营】荷兰Friso原装进口港版美素佳儿婴幼配方奶粉3段900g-2罐/img5.jpg'),(1462,259,'img/【直营】荷兰Friso原装进口港版美素佳儿婴幼配方奶粉3段900g-2罐/img6.jpg'),(1463,259,'img/【直营】荷兰Friso原装进口港版美素佳儿婴幼配方奶粉3段900g-2罐/img7.jpg'),(1464,259,'img/【直营】荷兰Friso原装进口港版美素佳儿婴幼配方奶粉3段900g-2罐/img8.jpg'),(1465,259,'img/【直营】荷兰Friso原装进口港版美素佳儿婴幼配方奶粉3段900g-2罐/img9.jpg'),(1466,259,'img/【直营】荷兰Friso原装进口港版美素佳儿婴幼配方奶粉3段900g-2罐/img10.jpg'),(1467,259,'img/【直营】荷兰Friso原装进口港版美素佳儿婴幼配方奶粉3段900g-2罐/img11.jpg'),(1468,259,'img/【直营】荷兰Friso原装进口港版美素佳儿婴幼配方奶粉3段900g-2罐/img12.jpg'),(1469,259,'img/【直营】荷兰Friso原装进口港版美素佳儿婴幼配方奶粉3段900g-2罐/img13.jpg'),(1470,259,'img/【直营】荷兰Friso原装进口港版美素佳儿婴幼配方奶粉3段900g-2罐/img14.jpg'),(1471,259,'img/【直营】荷兰Friso原装进口港版美素佳儿婴幼配方奶粉3段900g-2罐/img15.jpg'),(1472,259,'img/【直营】荷兰Friso原装进口港版美素佳儿婴幼配方奶粉3段900g-2罐/img16.jpg'),(1473,259,'img/【直营】荷兰Friso原装进口港版美素佳儿婴幼配方奶粉3段900g-2罐/img17.jpg'),(1474,260,'img/澳洲爱他美4段新西兰金装宝宝婴儿进口Aptamil婴幼儿奶粉 可购3段/img0.jpg'),(1475,260,'img/澳洲爱他美4段新西兰金装宝宝婴儿进口Aptamil婴幼儿奶粉 可购3段/img1.jpg'),(1476,260,'img/澳洲爱他美4段新西兰金装宝宝婴儿进口Aptamil婴幼儿奶粉 可购3段/img2.png'),(1477,260,'img/澳洲爱他美4段新西兰金装宝宝婴儿进口Aptamil婴幼儿奶粉 可购3段/img3.png'),(1478,260,'img/澳洲爱他美4段新西兰金装宝宝婴儿进口Aptamil婴幼儿奶粉 可购3段/img4.png'),(1479,260,'img/澳洲爱他美4段新西兰金装宝宝婴儿进口Aptamil婴幼儿奶粉 可购3段/img5.png'),(1480,260,'img/澳洲爱他美4段新西兰金装宝宝婴儿进口Aptamil婴幼儿奶粉 可购3段/img6.png'),(1481,260,'img/澳洲爱他美4段新西兰金装宝宝婴儿进口Aptamil婴幼儿奶粉 可购3段/img7.png'),(1482,260,'img/澳洲爱他美4段新西兰金装宝宝婴儿进口Aptamil婴幼儿奶粉 可购3段/img8.png'),(1483,260,'img/澳洲爱他美4段新西兰金装宝宝婴儿进口Aptamil婴幼儿奶粉 可购3段/img9.png'),(1484,260,'img/澳洲爱他美4段新西兰金装宝宝婴儿进口Aptamil婴幼儿奶粉 可购3段/img10.png'),(1485,260,'img/澳洲爱他美4段新西兰金装宝宝婴儿进口Aptamil婴幼儿奶粉 可购3段/img11.png'),(1486,260,'img/澳洲爱他美4段新西兰金装宝宝婴儿进口Aptamil婴幼儿奶粉 可购3段/img12.png'),(1487,260,'img/澳洲爱他美4段新西兰金装宝宝婴儿进口Aptamil婴幼儿奶粉 可购3段/img13.png'),(1488,260,'img/澳洲爱他美4段新西兰金装宝宝婴儿进口Aptamil婴幼儿奶粉 可购3段/img14.png'),(1489,260,'img/澳洲爱他美4段新西兰金装宝宝婴儿进口Aptamil婴幼儿奶粉 可购3段/img15.png'),(1490,261,'img/【直营】荷兰Friso原装进口港版美素佳儿婴幼配方奶粉2段900g-2罐/img0.jpg'),(1491,261,'img/【直营】荷兰Friso原装进口港版美素佳儿婴幼配方奶粉2段900g-2罐/img1.jpg'),(1492,261,'img/【直营】荷兰Friso原装进口港版美素佳儿婴幼配方奶粉2段900g-2罐/img2.jpg'),(1493,261,'img/【直营】荷兰Friso原装进口港版美素佳儿婴幼配方奶粉2段900g-2罐/img3.jpg'),(1494,261,'img/【直营】荷兰Friso原装进口港版美素佳儿婴幼配方奶粉2段900g-2罐/img4.jpg'),(1495,261,'img/【直营】荷兰Friso原装进口港版美素佳儿婴幼配方奶粉2段900g-2罐/img5.jpg'),(1496,261,'img/【直营】荷兰Friso原装进口港版美素佳儿婴幼配方奶粉2段900g-2罐/img6.jpg'),(1497,261,'img/【直营】荷兰Friso原装进口港版美素佳儿婴幼配方奶粉2段900g-2罐/img7.jpg'),(1498,261,'img/【直营】荷兰Friso原装进口港版美素佳儿婴幼配方奶粉2段900g-2罐/img8.jpg'),(1499,261,'img/【直营】荷兰Friso原装进口港版美素佳儿婴幼配方奶粉2段900g-2罐/img9.jpg'),(1500,261,'img/【直营】荷兰Friso原装进口港版美素佳儿婴幼配方奶粉2段900g-2罐/img10.jpg'),(1501,261,'img/【直营】荷兰Friso原装进口港版美素佳儿婴幼配方奶粉2段900g-2罐/img11.jpg'),(1502,261,'img/【直营】荷兰Friso原装进口港版美素佳儿婴幼配方奶粉2段900g-2罐/img12.jpg'),(1503,261,'img/【直营】荷兰Friso原装进口港版美素佳儿婴幼配方奶粉2段900g-2罐/img13.jpg'),(1504,261,'img/【直营】荷兰Friso原装进口港版美素佳儿婴幼配方奶粉2段900g-2罐/img14.jpg'),(1505,261,'img/【直营】荷兰Friso原装进口港版美素佳儿婴幼配方奶粉2段900g-2罐/img15.png'),(1506,261,'img/【直营】荷兰Friso原装进口港版美素佳儿婴幼配方奶粉2段900g-2罐/img16.png'),(1507,261,'img/【直营】荷兰Friso原装进口港版美素佳儿婴幼配方奶粉2段900g-2罐/img17.png'),(1508,261,'img/【直营】荷兰Friso原装进口港版美素佳儿婴幼配方奶粉2段900g-2罐/img18.png'),(1509,261,'img/【直营】荷兰Friso原装进口港版美素佳儿婴幼配方奶粉2段900g-2罐/img19.png'),(1510,261,'img/【直营】荷兰Friso原装进口港版美素佳儿婴幼配方奶粉2段900g-2罐/img20.png'),(1511,261,'img/【直营】荷兰Friso原装进口港版美素佳儿婴幼配方奶粉2段900g-2罐/img21.png'),(1512,262,'img/合生元官方旗舰店贝塔星婴儿1段配方奶粉400g 适合0-6个月宝宝/img0.jpg'),(1513,262,'img/合生元官方旗舰店贝塔星婴儿1段配方奶粉400g 适合0-6个月宝宝/img1.jpg'),(1514,262,'img/合生元官方旗舰店贝塔星婴儿1段配方奶粉400g 适合0-6个月宝宝/img2.jpg'),(1515,262,'img/合生元官方旗舰店贝塔星婴儿1段配方奶粉400g 适合0-6个月宝宝/img3.jpg'),(1516,262,'img/合生元官方旗舰店贝塔星婴儿1段配方奶粉400g 适合0-6个月宝宝/img4.jpg'),(1517,262,'img/合生元官方旗舰店贝塔星婴儿1段配方奶粉400g 适合0-6个月宝宝/img5.jpg'),(1518,262,'img/合生元官方旗舰店贝塔星婴儿1段配方奶粉400g 适合0-6个月宝宝/img6.jpg'),(1519,262,'img/合生元官方旗舰店贝塔星婴儿1段配方奶粉400g 适合0-6个月宝宝/img7.jpg'),(1520,262,'img/合生元官方旗舰店贝塔星婴儿1段配方奶粉400g 适合0-6个月宝宝/img8.jpg'),(1521,262,'img/合生元官方旗舰店贝塔星婴儿1段配方奶粉400g 适合0-6个月宝宝/img9.jpg'),(1522,262,'img/合生元官方旗舰店贝塔星婴儿1段配方奶粉400g 适合0-6个月宝宝/img10.jpg'),(1523,262,'img/合生元官方旗舰店贝塔星婴儿1段配方奶粉400g 适合0-6个月宝宝/img11.jpg'),(1524,262,'img/合生元官方旗舰店贝塔星婴儿1段配方奶粉400g 适合0-6个月宝宝/img12.jpg'),(1525,262,'img/合生元官方旗舰店贝塔星婴儿1段配方奶粉400g 适合0-6个月宝宝/img13.jpg'),(1526,262,'img/合生元官方旗舰店贝塔星婴儿1段配方奶粉400g 适合0-6个月宝宝/img14.png'),(1527,262,'img/合生元官方旗舰店贝塔星婴儿1段配方奶粉400g 适合0-6个月宝宝/img15.png'),(1528,262,'img/合生元官方旗舰店贝塔星婴儿1段配方奶粉400g 适合0-6个月宝宝/img16.png'),(1529,262,'img/合生元官方旗舰店贝塔星婴儿1段配方奶粉400g 适合0-6个月宝宝/img17.png'),(1530,263,'img/【旗舰店官网】合生元派星3段合生元超级金装3段配方奶粉900g/img0.jpg'),(1531,263,'img/【旗舰店官网】合生元派星3段合生元超级金装3段配方奶粉900g/img1.jpg'),(1532,263,'img/【旗舰店官网】合生元派星3段合生元超级金装3段配方奶粉900g/img2.jpg'),(1533,263,'img/【旗舰店官网】合生元派星3段合生元超级金装3段配方奶粉900g/img3.jpg'),(1534,263,'img/【旗舰店官网】合生元派星3段合生元超级金装3段配方奶粉900g/img4.jpg'),(1535,263,'img/【旗舰店官网】合生元派星3段合生元超级金装3段配方奶粉900g/img5.jpg'),(1536,263,'img/【旗舰店官网】合生元派星3段合生元超级金装3段配方奶粉900g/img6.jpg'),(1537,263,'img/【旗舰店官网】合生元派星3段合生元超级金装3段配方奶粉900g/img7.jpg'),(1538,263,'img/【旗舰店官网】合生元派星3段合生元超级金装3段配方奶粉900g/img8.jpg'),(1539,263,'img/【旗舰店官网】合生元派星3段合生元超级金装3段配方奶粉900g/img9.jpg'),(1540,263,'img/【旗舰店官网】合生元派星3段合生元超级金装3段配方奶粉900g/img10.jpg'),(1541,263,'img/【旗舰店官网】合生元派星3段合生元超级金装3段配方奶粉900g/img11.jpg'),(1542,263,'img/【旗舰店官网】合生元派星3段合生元超级金装3段配方奶粉900g/img12.jpg'),(1543,263,'img/【旗舰店官网】合生元派星3段合生元超级金装3段配方奶粉900g/img13.jpg'),(1544,263,'img/【旗舰店官网】合生元派星3段合生元超级金装3段配方奶粉900g/img14.jpg'),(1545,263,'img/【旗舰店官网】合生元派星3段合生元超级金装3段配方奶粉900g/img15.jpg'),(1546,263,'img/【旗舰店官网】合生元派星3段合生元超级金装3段配方奶粉900g/img16.jpg'),(1547,264,'img/【旗舰店官网】飞鹤奶粉3段星飞帆婴幼儿奶粉三段1-3岁罐装700g/img0.jpg'),(1548,264,'img/【旗舰店官网】飞鹤奶粉3段星飞帆婴幼儿奶粉三段1-3岁罐装700g/img1.jpg'),(1549,264,'img/【旗舰店官网】飞鹤奶粉3段星飞帆婴幼儿奶粉三段1-3岁罐装700g/img2.jpg'),(1550,264,'img/【旗舰店官网】飞鹤奶粉3段星飞帆婴幼儿奶粉三段1-3岁罐装700g/img3.png'),(1551,264,'img/【旗舰店官网】飞鹤奶粉3段星飞帆婴幼儿奶粉三段1-3岁罐装700g/img4.png'),(1552,264,'img/【旗舰店官网】飞鹤奶粉3段星飞帆婴幼儿奶粉三段1-3岁罐装700g/img5.png'),(1553,264,'img/【旗舰店官网】飞鹤奶粉3段星飞帆婴幼儿奶粉三段1-3岁罐装700g/img6.png'),(1554,264,'img/【旗舰店官网】飞鹤奶粉3段星飞帆婴幼儿奶粉三段1-3岁罐装700g/img7.png'),(1555,264,'img/【旗舰店官网】飞鹤奶粉3段星飞帆婴幼儿奶粉三段1-3岁罐装700g/img8.png'),(1556,264,'img/【旗舰店官网】飞鹤奶粉3段星飞帆婴幼儿奶粉三段1-3岁罐装700g/img9.png'),(1557,264,'img/【旗舰店官网】飞鹤奶粉3段星飞帆婴幼儿奶粉三段1-3岁罐装700g/img10.png'),(1558,264,'img/【旗舰店官网】飞鹤奶粉3段星飞帆婴幼儿奶粉三段1-3岁罐装700g/img11.png'),(1559,264,'img/【旗舰店官网】飞鹤奶粉3段星飞帆婴幼儿奶粉三段1-3岁罐装700g/img12.png'),(1560,264,'img/【旗舰店官网】飞鹤奶粉3段星飞帆婴幼儿奶粉三段1-3岁罐装700g/img13.png'),(1561,264,'img/【旗舰店官网】飞鹤奶粉3段星飞帆婴幼儿奶粉三段1-3岁罐装700g/img14.png'),(1562,265,'img/【0元试喝】法国圣元优博3段奶粉法版优博三段奶粉900g旗舰店官网/img0.jpg'),(1563,265,'img/【0元试喝】法国圣元优博3段奶粉法版优博三段奶粉900g旗舰店官网/img1.jpg'),(1564,265,'img/【0元试喝】法国圣元优博3段奶粉法版优博三段奶粉900g旗舰店官网/img2.jpg'),(1565,265,'img/【0元试喝】法国圣元优博3段奶粉法版优博三段奶粉900g旗舰店官网/img3.jpg'),(1566,265,'img/【0元试喝】法国圣元优博3段奶粉法版优博三段奶粉900g旗舰店官网/img4.jpg'),(1567,265,'img/【0元试喝】法国圣元优博3段奶粉法版优博三段奶粉900g旗舰店官网/img5.jpg'),(1568,265,'img/【0元试喝】法国圣元优博3段奶粉法版优博三段奶粉900g旗舰店官网/img6.jpg'),(1569,265,'img/【0元试喝】法国圣元优博3段奶粉法版优博三段奶粉900g旗舰店官网/img7.jpg'),(1570,265,'img/【0元试喝】法国圣元优博3段奶粉法版优博三段奶粉900g旗舰店官网/img8.jpg'),(1571,265,'img/【0元试喝】法国圣元优博3段奶粉法版优博三段奶粉900g旗舰店官网/img9.jpg'),(1572,265,'img/【0元试喝】法国圣元优博3段奶粉法版优博三段奶粉900g旗舰店官网/img10.jpg'),(1573,265,'img/【0元试喝】法国圣元优博3段奶粉法版优博三段奶粉900g旗舰店官网/img11.jpg'),(1574,265,'img/【0元试喝】法国圣元优博3段奶粉法版优博三段奶粉900g旗舰店官网/img12.jpg'),(1575,265,'img/【0元试喝】法国圣元优博3段奶粉法版优博三段奶粉900g旗舰店官网/img13.jpg'),(1576,265,'img/【0元试喝】法国圣元优博3段奶粉法版优博三段奶粉900g旗舰店官网/img14.jpg'),(1577,265,'img/【0元试喝】法国圣元优博3段奶粉法版优博三段奶粉900g旗舰店官网/img15.jpg'),(1578,265,'img/【0元试喝】法国圣元优博3段奶粉法版优博三段奶粉900g旗舰店官网/img16.jpg'),(1579,265,'img/【0元试喝】法国圣元优博3段奶粉法版优博三段奶粉900g旗舰店官网/img17.png'),(1580,265,'img/【0元试喝】法国圣元优博3段奶粉法版优博三段奶粉900g旗舰店官网/img18.png'),(1581,265,'img/【0元试喝】法国圣元优博3段奶粉法版优博三段奶粉900g旗舰店官网/img19.png'),(1582,265,'img/【0元试喝】法国圣元优博3段奶粉法版优博三段奶粉900g旗舰店官网/img20.png'),(1583,265,'img/【0元试喝】法国圣元优博3段奶粉法版优博三段奶粉900g旗舰店官网/img21.png'),(1584,265,'img/【0元试喝】法国圣元优博3段奶粉法版优博三段奶粉900g旗舰店官网/img22.png'),(1585,265,'img/【0元试喝】法国圣元优博3段奶粉法版优博三段奶粉900g旗舰店官网/img23.png'),(1586,265,'img/【0元试喝】法国圣元优博3段奶粉法版优博三段奶粉900g旗舰店官网/img24.png'),(1587,265,'img/【0元试喝】法国圣元优博3段奶粉法版优博三段奶粉900g旗舰店官网/img25.png'),(1588,265,'img/【0元试喝】法国圣元优博3段奶粉法版优博三段奶粉900g旗舰店官网/img26.png'),(1589,265,'img/【0元试喝】法国圣元优博3段奶粉法版优博三段奶粉900g旗舰店官网/img27.png'),(1590,265,'img/【0元试喝】法国圣元优博3段奶粉法版优博三段奶粉900g旗舰店官网/img28.png'),(1591,265,'img/【0元试喝】法国圣元优博3段奶粉法版优博三段奶粉900g旗舰店官网/img29.png'),(1592,265,'img/【0元试喝】法国圣元优博3段奶粉法版优博三段奶粉900g旗舰店官网/img30.png'),(1593,266,'img/蒙牛中老年多维牛奶粉800g-2罐装高钙铁锌营养奶粉蒙牛早餐奶礼盒/img0.jpg'),(1594,266,'img/蒙牛中老年多维牛奶粉800g-2罐装高钙铁锌营养奶粉蒙牛早餐奶礼盒/img1.jpg'),(1595,266,'img/蒙牛中老年多维牛奶粉800g-2罐装高钙铁锌营养奶粉蒙牛早餐奶礼盒/img2.jpg'),(1596,266,'img/蒙牛中老年多维牛奶粉800g-2罐装高钙铁锌营养奶粉蒙牛早餐奶礼盒/img3.jpg'),(1597,266,'img/蒙牛中老年多维牛奶粉800g-2罐装高钙铁锌营养奶粉蒙牛早餐奶礼盒/img4.jpg'),(1598,266,'img/蒙牛中老年多维牛奶粉800g-2罐装高钙铁锌营养奶粉蒙牛早餐奶礼盒/img5.jpg'),(1599,266,'img/蒙牛中老年多维牛奶粉800g-2罐装高钙铁锌营养奶粉蒙牛早餐奶礼盒/img6.jpg'),(1600,267,'img/正品骆驼奶粉新疆伊犁中老年成年新鲜驼乳纯奶官方官网旗艦店包邮/img0.jpg'),(1601,267,'img/正品骆驼奶粉新疆伊犁中老年成年新鲜驼乳纯奶官方官网旗艦店包邮/img1.jpg'),(1602,267,'img/正品骆驼奶粉新疆伊犁中老年成年新鲜驼乳纯奶官方官网旗艦店包邮/img2.jpg'),(1603,267,'img/正品骆驼奶粉新疆伊犁中老年成年新鲜驼乳纯奶官方官网旗艦店包邮/img3.jpg'),(1604,267,'img/正品骆驼奶粉新疆伊犁中老年成年新鲜驼乳纯奶官方官网旗艦店包邮/img4.jpg'),(1605,267,'img/正品骆驼奶粉新疆伊犁中老年成年新鲜驼乳纯奶官方官网旗艦店包邮/img5.png'),(1606,267,'img/正品骆驼奶粉新疆伊犁中老年成年新鲜驼乳纯奶官方官网旗艦店包邮/img6.png'),(1607,268,'img/蒙牛金装多维高钙中老年奶粉400g-2袋 营养高钙补老年人奶粉包邮/img0.jpg'),(1608,268,'img/蒙牛金装多维高钙中老年奶粉400g-2袋 营养高钙补老年人奶粉包邮/img1.jpg'),(1609,268,'img/蒙牛金装多维高钙中老年奶粉400g-2袋 营养高钙补老年人奶粉包邮/img2.jpg'),(1610,268,'img/蒙牛金装多维高钙中老年奶粉400g-2袋 营养高钙补老年人奶粉包邮/img3.jpg'),(1611,269,'img/【3盒】武优乐纯骆驼奶粉成人中老年儿童学生青少年新疆驼乳粉/img0.jpg'),(1612,269,'img/【3盒】武优乐纯骆驼奶粉成人中老年儿童学生青少年新疆驼乳粉/img1.jpg'),(1613,269,'img/【3盒】武优乐纯骆驼奶粉成人中老年儿童学生青少年新疆驼乳粉/img2.jpg'),(1614,269,'img/【3盒】武优乐纯骆驼奶粉成人中老年儿童学生青少年新疆驼乳粉/img3.jpg'),(1615,269,'img/【3盒】武优乐纯骆驼奶粉成人中老年儿童学生青少年新疆驼乳粉/img4.jpg'),(1616,269,'img/【3盒】武优乐纯骆驼奶粉成人中老年儿童学生青少年新疆驼乳粉/img5.jpg'),(1617,269,'img/【3盒】武优乐纯骆驼奶粉成人中老年儿童学生青少年新疆驼乳粉/img6.jpg'),(1618,269,'img/【3盒】武优乐纯骆驼奶粉成人中老年儿童学生青少年新疆驼乳粉/img7.jpg'),(1619,269,'img/【3盒】武优乐纯骆驼奶粉成人中老年儿童学生青少年新疆驼乳粉/img8.jpg'),(1620,269,'img/【3盒】武优乐纯骆驼奶粉成人中老年儿童学生青少年新疆驼乳粉/img9.jpg'),(1621,269,'img/【3盒】武优乐纯骆驼奶粉成人中老年儿童学生青少年新疆驼乳粉/img10.jpg'),(1622,269,'img/【3盒】武优乐纯骆驼奶粉成人中老年儿童学生青少年新疆驼乳粉/img11.jpg'),(1623,269,'img/【3盒】武优乐纯骆驼奶粉成人中老年儿童学生青少年新疆驼乳粉/img12.jpg'),(1624,269,'img/【3盒】武优乐纯骆驼奶粉成人中老年儿童学生青少年新疆驼乳粉/img13.jpg'),(1625,270,'img/【1送3】伊利金领冠3段奶粉婴幼儿配方奶粉900g罐旗舰店官网正品/img0.png'),(1626,270,'img/【1送3】伊利金领冠3段奶粉婴幼儿配方奶粉900g罐旗舰店官网正品/img1.png'),(1627,270,'img/【1送3】伊利金领冠3段奶粉婴幼儿配方奶粉900g罐旗舰店官网正品/img2.png'),(1628,270,'img/【1送3】伊利金领冠3段奶粉婴幼儿配方奶粉900g罐旗舰店官网正品/img3.png'),(1629,270,'img/【1送3】伊利金领冠3段奶粉婴幼儿配方奶粉900g罐旗舰店官网正品/img4.png'),(1630,270,'img/【1送3】伊利金领冠3段奶粉婴幼儿配方奶粉900g罐旗舰店官网正品/img5.png'),(1631,270,'img/【1送3】伊利金领冠3段奶粉婴幼儿配方奶粉900g罐旗舰店官网正品/img6.png'),(1632,270,'img/【1送3】伊利金领冠3段奶粉婴幼儿配方奶粉900g罐旗舰店官网正品/img7.png'),(1633,270,'img/【1送3】伊利金领冠3段奶粉婴幼儿配方奶粉900g罐旗舰店官网正品/img8.png'),(1634,270,'img/【1送3】伊利金领冠3段奶粉婴幼儿配方奶粉900g罐旗舰店官网正品/img9.png'),(1635,270,'img/【1送3】伊利金领冠3段奶粉婴幼儿配方奶粉900g罐旗舰店官网正品/img10.png'),(1636,270,'img/【1送3】伊利金领冠3段奶粉婴幼儿配方奶粉900g罐旗舰店官网正品/img11.png'),(1637,270,'img/【1送3】伊利金领冠3段奶粉婴幼儿配方奶粉900g罐旗舰店官网正品/img12.png'),(1638,271,'img/买1得6】 伊利珍护3段900g克婴幼儿三段金领冠牛奶粉罐装旗舰店网/img0.jpg'),(1639,271,'img/买1得6】 伊利珍护3段900g克婴幼儿三段金领冠牛奶粉罐装旗舰店网/img1.jpg'),(1640,271,'img/买1得6】 伊利珍护3段900g克婴幼儿三段金领冠牛奶粉罐装旗舰店网/img2.jpg'),(1641,271,'img/买1得6】 伊利珍护3段900g克婴幼儿三段金领冠牛奶粉罐装旗舰店网/img3.jpg'),(1642,271,'img/买1得6】 伊利珍护3段900g克婴幼儿三段金领冠牛奶粉罐装旗舰店网/img4.jpg'),(1643,271,'img/买1得6】 伊利珍护3段900g克婴幼儿三段金领冠牛奶粉罐装旗舰店网/img5.jpg'),(1644,271,'img/买1得6】 伊利珍护3段900g克婴幼儿三段金领冠牛奶粉罐装旗舰店网/img6.jpg'),(1645,271,'img/买1得6】 伊利珍护3段900g克婴幼儿三段金领冠牛奶粉罐装旗舰店网/img7.jpg'),(1646,271,'img/买1得6】 伊利珍护3段900g克婴幼儿三段金领冠牛奶粉罐装旗舰店网/img8.jpg'),(1647,271,'img/买1得6】 伊利珍护3段900g克婴幼儿三段金领冠牛奶粉罐装旗舰店网/img9.jpg'),(1648,271,'img/买1得6】 伊利珍护3段900g克婴幼儿三段金领冠牛奶粉罐装旗舰店网/img10.jpg'),(1649,271,'img/买1得6】 伊利珍护3段900g克婴幼儿三段金领冠牛奶粉罐装旗舰店网/img11.jpg'),(1650,271,'img/买1得6】 伊利珍护3段900g克婴幼儿三段金领冠牛奶粉罐装旗舰店网/img12.jpg'),(1651,271,'img/买1得6】 伊利珍护3段900g克婴幼儿三段金领冠牛奶粉罐装旗舰店网/img13.jpg'),(1652,272,'img/买1送1】伊利金领冠珍护2段较大婴儿牛奶粉二段900g罐旗舰店正品/img0.png'),(1653,272,'img/买1送1】伊利金领冠珍护2段较大婴儿牛奶粉二段900g罐旗舰店正品/img1.png'),(1654,272,'img/买1送1】伊利金领冠珍护2段较大婴儿牛奶粉二段900g罐旗舰店正品/img2.png'),(1655,272,'img/买1送1】伊利金领冠珍护2段较大婴儿牛奶粉二段900g罐旗舰店正品/img3.png'),(1656,272,'img/买1送1】伊利金领冠珍护2段较大婴儿牛奶粉二段900g罐旗舰店正品/img4.png'),(1657,272,'img/买1送1】伊利金领冠珍护2段较大婴儿牛奶粉二段900g罐旗舰店正品/img5.png'),(1658,272,'img/买1送1】伊利金领冠珍护2段较大婴儿牛奶粉二段900g罐旗舰店正品/img6.png'),(1659,272,'img/买1送1】伊利金领冠珍护2段较大婴儿牛奶粉二段900g罐旗舰店正品/img7.png'),(1660,273,'img/雀巢官方旗舰店 恩敏舒 氨基酸婴儿配方奶粉400g抗过敏脱敏无乳糖/img0.jpg'),(1661,273,'img/雀巢官方旗舰店 恩敏舒 氨基酸婴儿配方奶粉400g抗过敏脱敏无乳糖/img1.jpg'),(1662,273,'img/雀巢官方旗舰店 恩敏舒 氨基酸婴儿配方奶粉400g抗过敏脱敏无乳糖/img2.jpg'),(1663,273,'img/雀巢官方旗舰店 恩敏舒 氨基酸婴儿配方奶粉400g抗过敏脱敏无乳糖/img3.jpg'),(1664,273,'img/雀巢官方旗舰店 恩敏舒 氨基酸婴儿配方奶粉400g抗过敏脱敏无乳糖/img4.jpg'),(1665,273,'img/雀巢官方旗舰店 恩敏舒 氨基酸婴儿配方奶粉400g抗过敏脱敏无乳糖/img5.jpg'),(1666,273,'img/雀巢官方旗舰店 恩敏舒 氨基酸婴儿配方奶粉400g抗过敏脱敏无乳糖/img6.jpg'),(1667,273,'img/雀巢官方旗舰店 恩敏舒 氨基酸婴儿配方奶粉400g抗过敏脱敏无乳糖/img7.jpg'),(1668,273,'img/雀巢官方旗舰店 恩敏舒 氨基酸婴儿配方奶粉400g抗过敏脱敏无乳糖/img8.jpg'),(1669,273,'img/雀巢官方旗舰店 恩敏舒 氨基酸婴儿配方奶粉400g抗过敏脱敏无乳糖/img9.jpg'),(1670,273,'img/雀巢官方旗舰店 恩敏舒 氨基酸婴儿配方奶粉400g抗过敏脱敏无乳糖/img10.jpg'),(1671,275,'img/mipo儿童撞色糖果卫衣宝宝拼接字母套头上衣2019秋新款男女童衣服/img0.jpg'),(1672,275,'img/mipo儿童撞色糖果卫衣宝宝拼接字母套头上衣2019秋新款男女童衣服/img1.jpg'),(1673,275,'img/mipo儿童撞色糖果卫衣宝宝拼接字母套头上衣2019秋新款男女童衣服/img2.jpg'),(1674,275,'img/mipo儿童撞色糖果卫衣宝宝拼接字母套头上衣2019秋新款男女童衣服/img3.jpg'),(1675,275,'img/mipo儿童撞色糖果卫衣宝宝拼接字母套头上衣2019秋新款男女童衣服/img4.jpg'),(1676,275,'img/mipo儿童撞色糖果卫衣宝宝拼接字母套头上衣2019秋新款男女童衣服/img5.jpg'),(1677,275,'img/mipo儿童撞色糖果卫衣宝宝拼接字母套头上衣2019秋新款男女童衣服/img6.jpg'),(1678,275,'img/mipo儿童撞色糖果卫衣宝宝拼接字母套头上衣2019秋新款男女童衣服/img7.jpg'),(1679,275,'img/mipo儿童撞色糖果卫衣宝宝拼接字母套头上衣2019秋新款男女童衣服/img8.jpg'),(1680,275,'img/mipo儿童撞色糖果卫衣宝宝拼接字母套头上衣2019秋新款男女童衣服/img9.jpg'),(1681,275,'img/mipo儿童撞色糖果卫衣宝宝拼接字母套头上衣2019秋新款男女童衣服/img10.jpg'),(1682,275,'img/mipo儿童撞色糖果卫衣宝宝拼接字母套头上衣2019秋新款男女童衣服/img11.jpg'),(1683,275,'img/mipo儿童撞色糖果卫衣宝宝拼接字母套头上衣2019秋新款男女童衣服/img12.jpg'),(1684,275,'img/mipo儿童撞色糖果卫衣宝宝拼接字母套头上衣2019秋新款男女童衣服/img13.jpg'),(1685,275,'img/mipo儿童撞色糖果卫衣宝宝拼接字母套头上衣2019秋新款男女童衣服/img14.jpg'),(1686,275,'img/mipo儿童撞色糖果卫衣宝宝拼接字母套头上衣2019秋新款男女童衣服/img15.jpg'),(1687,275,'img/mipo儿童撞色糖果卫衣宝宝拼接字母套头上衣2019秋新款男女童衣服/img16.jpg'),(1688,275,'img/mipo儿童撞色糖果卫衣宝宝拼接字母套头上衣2019秋新款男女童衣服/img17.jpg'),(1689,275,'img/mipo儿童撞色糖果卫衣宝宝拼接字母套头上衣2019秋新款男女童衣服/img18.jpg'),(1690,275,'img/mipo儿童撞色糖果卫衣宝宝拼接字母套头上衣2019秋新款男女童衣服/img19.jpg'),(1691,275,'img/mipo儿童撞色糖果卫衣宝宝拼接字母套头上衣2019秋新款男女童衣服/img20.jpg'),(1692,275,'img/mipo儿童撞色糖果卫衣宝宝拼接字母套头上衣2019秋新款男女童衣服/img21.jpg'),(1693,275,'img/mipo儿童撞色糖果卫衣宝宝拼接字母套头上衣2019秋新款男女童衣服/img22.jpg'),(1694,275,'img/mipo儿童撞色糖果卫衣宝宝拼接字母套头上衣2019秋新款男女童衣服/img23.jpg'),(1695,275,'img/mipo儿童撞色糖果卫衣宝宝拼接字母套头上衣2019秋新款男女童衣服/img24.jpg'),(1696,275,'img/mipo儿童撞色糖果卫衣宝宝拼接字母套头上衣2019秋新款男女童衣服/img25.jpg'),(1697,275,'img/mipo儿童撞色糖果卫衣宝宝拼接字母套头上衣2019秋新款男女童衣服/img26.jpg'),(1698,275,'img/mipo儿童撞色糖果卫衣宝宝拼接字母套头上衣2019秋新款男女童衣服/img27.jpg'),(1699,275,'img/mipo儿童撞色糖果卫衣宝宝拼接字母套头上衣2019秋新款男女童衣服/img28.jpg'),(1700,275,'img/mipo儿童撞色糖果卫衣宝宝拼接字母套头上衣2019秋新款男女童衣服/img29.jpg'),(1701,275,'img/mipo儿童撞色糖果卫衣宝宝拼接字母套头上衣2019秋新款男女童衣服/img30.jpg'),(1702,276,'img/papa爬爬秋冬男女宝宝内里拉绒卫衣婴儿保暖绒衫儿童衣服0-4岁/img0.jpg'),(1703,276,'img/papa爬爬秋冬男女宝宝内里拉绒卫衣婴儿保暖绒衫儿童衣服0-4岁/img1.jpg'),(1704,276,'img/papa爬爬秋冬男女宝宝内里拉绒卫衣婴儿保暖绒衫儿童衣服0-4岁/img2.jpg'),(1705,276,'img/papa爬爬秋冬男女宝宝内里拉绒卫衣婴儿保暖绒衫儿童衣服0-4岁/img3.jpg'),(1706,276,'img/papa爬爬秋冬男女宝宝内里拉绒卫衣婴儿保暖绒衫儿童衣服0-4岁/img4.jpg'),(1707,276,'img/papa爬爬秋冬男女宝宝内里拉绒卫衣婴儿保暖绒衫儿童衣服0-4岁/img5.jpg'),(1708,276,'img/papa爬爬秋冬男女宝宝内里拉绒卫衣婴儿保暖绒衫儿童衣服0-4岁/img6.jpg'),(1709,276,'img/papa爬爬秋冬男女宝宝内里拉绒卫衣婴儿保暖绒衫儿童衣服0-4岁/img7.jpg'),(1710,276,'img/papa爬爬秋冬男女宝宝内里拉绒卫衣婴儿保暖绒衫儿童衣服0-4岁/img8.jpg'),(1711,276,'img/papa爬爬秋冬男女宝宝内里拉绒卫衣婴儿保暖绒衫儿童衣服0-4岁/img9.jpg'),(1712,276,'img/papa爬爬秋冬男女宝宝内里拉绒卫衣婴儿保暖绒衫儿童衣服0-4岁/img10.jpg'),(1713,276,'img/papa爬爬秋冬男女宝宝内里拉绒卫衣婴儿保暖绒衫儿童衣服0-4岁/img11.jpg'),(1714,276,'img/papa爬爬秋冬男女宝宝内里拉绒卫衣婴儿保暖绒衫儿童衣服0-4岁/img12.jpg'),(1715,276,'img/papa爬爬秋冬男女宝宝内里拉绒卫衣婴儿保暖绒衫儿童衣服0-4岁/img13.jpg'),(1716,276,'img/papa爬爬秋冬男女宝宝内里拉绒卫衣婴儿保暖绒衫儿童衣服0-4岁/img14.jpg'),(1717,276,'img/papa爬爬秋冬男女宝宝内里拉绒卫衣婴儿保暖绒衫儿童衣服0-4岁/img15.jpg'),(1718,276,'img/papa爬爬秋冬男女宝宝内里拉绒卫衣婴儿保暖绒衫儿童衣服0-4岁/img16.jpg'),(1719,276,'img/papa爬爬秋冬男女宝宝内里拉绒卫衣婴儿保暖绒衫儿童衣服0-4岁/img17.jpg'),(1720,276,'img/papa爬爬秋冬男女宝宝内里拉绒卫衣婴儿保暖绒衫儿童衣服0-4岁/img18.jpg'),(1721,276,'img/papa爬爬秋冬男女宝宝内里拉绒卫衣婴儿保暖绒衫儿童衣服0-4岁/img19.jpg'),(1722,276,'img/papa爬爬秋冬男女宝宝内里拉绒卫衣婴儿保暖绒衫儿童衣服0-4岁/img20.jpg'),(1723,279,'img/宝宝T恤女长袖短袖0男秋装1纯棉3岁儿童婴儿夏装上衣半袖女童衣服/img0.jpg'),(1724,282,'img/童泰婴幼儿春秋套头连帽卫衣1-3岁男女宝宝外出休闲卫衣儿童衣服/img0.jpg'),(1725,282,'img/童泰婴幼儿春秋套头连帽卫衣1-3岁男女宝宝外出休闲卫衣儿童衣服/img1.jpg'),(1726,282,'img/童泰婴幼儿春秋套头连帽卫衣1-3岁男女宝宝外出休闲卫衣儿童衣服/img2.jpg'),(1727,282,'img/童泰婴幼儿春秋套头连帽卫衣1-3岁男女宝宝外出休闲卫衣儿童衣服/img3.jpg'),(1728,282,'img/童泰婴幼儿春秋套头连帽卫衣1-3岁男女宝宝外出休闲卫衣儿童衣服/img4.jpg'),(1729,282,'img/童泰婴幼儿春秋套头连帽卫衣1-3岁男女宝宝外出休闲卫衣儿童衣服/img5.jpg'),(1730,282,'img/童泰婴幼儿春秋套头连帽卫衣1-3岁男女宝宝外出休闲卫衣儿童衣服/img6.jpg'),(1731,282,'img/童泰婴幼儿春秋套头连帽卫衣1-3岁男女宝宝外出休闲卫衣儿童衣服/img7.jpg'),(1732,282,'img/童泰婴幼儿春秋套头连帽卫衣1-3岁男女宝宝外出休闲卫衣儿童衣服/img8.jpg'),(1733,282,'img/童泰婴幼儿春秋套头连帽卫衣1-3岁男女宝宝外出休闲卫衣儿童衣服/img9.jpg'),(1734,282,'img/童泰婴幼儿春秋套头连帽卫衣1-3岁男女宝宝外出休闲卫衣儿童衣服/img10.jpg'),(1735,282,'img/童泰婴幼儿春秋套头连帽卫衣1-3岁男女宝宝外出休闲卫衣儿童衣服/img11.jpg'),(1736,282,'img/童泰婴幼儿春秋套头连帽卫衣1-3岁男女宝宝外出休闲卫衣儿童衣服/img12.jpg'),(1737,284,'img/童装春装男童长袖t恤上衣宝宝打底衫儿童衣服小孩体恤春季T恤/img0.png'),(1738,284,'img/童装春装男童长袖t恤上衣宝宝打底衫儿童衣服小孩体恤春季T恤/img1.png'),(1739,284,'img/童装春装男童长袖t恤上衣宝宝打底衫儿童衣服小孩体恤春季T恤/img2.png'),(1740,284,'img/童装春装男童长袖t恤上衣宝宝打底衫儿童衣服小孩体恤春季T恤/img3.png'),(1741,284,'img/童装春装男童长袖t恤上衣宝宝打底衫儿童衣服小孩体恤春季T恤/img4.png'),(1742,284,'img/童装春装男童长袖t恤上衣宝宝打底衫儿童衣服小孩体恤春季T恤/img5.png'),(1743,285,'img/南极人男童卫衣套装2019春款童装潮酷男孩春装帅气两件套儿童衣服/img0.jpg'),(1744,285,'img/南极人男童卫衣套装2019春款童装潮酷男孩春装帅气两件套儿童衣服/img1.jpg'),(1745,285,'img/南极人男童卫衣套装2019春款童装潮酷男孩春装帅气两件套儿童衣服/img2.jpg'),(1746,285,'img/南极人男童卫衣套装2019春款童装潮酷男孩春装帅气两件套儿童衣服/img3.jpg'),(1747,285,'img/南极人男童卫衣套装2019春款童装潮酷男孩春装帅气两件套儿童衣服/img4.jpg'),(1748,285,'img/南极人男童卫衣套装2019春款童装潮酷男孩春装帅气两件套儿童衣服/img5.jpg'),(1749,285,'img/南极人男童卫衣套装2019春款童装潮酷男孩春装帅气两件套儿童衣服/img6.jpg'),(1750,285,'img/南极人男童卫衣套装2019春款童装潮酷男孩春装帅气两件套儿童衣服/img7.jpg'),(1751,285,'img/南极人男童卫衣套装2019春款童装潮酷男孩春装帅气两件套儿童衣服/img8.jpg'),(1752,285,'img/南极人男童卫衣套装2019春款童装潮酷男孩春装帅气两件套儿童衣服/img9.jpg'),(1753,285,'img/南极人男童卫衣套装2019春款童装潮酷男孩春装帅气两件套儿童衣服/img10.jpg'),(1754,285,'img/南极人男童卫衣套装2019春款童装潮酷男孩春装帅气两件套儿童衣服/img11.jpg'),(1755,285,'img/南极人男童卫衣套装2019春款童装潮酷男孩春装帅气两件套儿童衣服/img12.jpg'),(1756,285,'img/南极人男童卫衣套装2019春款童装潮酷男孩春装帅气两件套儿童衣服/img13.jpg'),(1757,285,'img/南极人男童卫衣套装2019春款童装潮酷男孩春装帅气两件套儿童衣服/img14.jpg'),(1758,285,'img/南极人男童卫衣套装2019春款童装潮酷男孩春装帅气两件套儿童衣服/img15.jpg'),(1759,285,'img/南极人男童卫衣套装2019春款童装潮酷男孩春装帅气两件套儿童衣服/img16.jpg'),(1760,285,'img/南极人男童卫衣套装2019春款童装潮酷男孩春装帅气两件套儿童衣服/img17.jpg'),(1761,285,'img/南极人男童卫衣套装2019春款童装潮酷男孩春装帅气两件套儿童衣服/img18.jpg'),(1762,285,'img/南极人男童卫衣套装2019春款童装潮酷男孩春装帅气两件套儿童衣服/img19.jpg'),(1763,286,'img/男童长袖t恤 纯棉薄款大童男上衣童装男孩秋装韩版洋气儿童衣服男/img0.jpg'),(1764,286,'img/男童长袖t恤 纯棉薄款大童男上衣童装男孩秋装韩版洋气儿童衣服男/img1.jpg'),(1765,286,'img/男童长袖t恤 纯棉薄款大童男上衣童装男孩秋装韩版洋气儿童衣服男/img2.jpg'),(1766,286,'img/男童长袖t恤 纯棉薄款大童男上衣童装男孩秋装韩版洋气儿童衣服男/img3.jpg'),(1767,286,'img/男童长袖t恤 纯棉薄款大童男上衣童装男孩秋装韩版洋气儿童衣服男/img4.jpg'),(1768,286,'img/男童长袖t恤 纯棉薄款大童男上衣童装男孩秋装韩版洋气儿童衣服男/img5.jpg'),(1769,286,'img/男童长袖t恤 纯棉薄款大童男上衣童装男孩秋装韩版洋气儿童衣服男/img6.jpg'),(1770,286,'img/男童长袖t恤 纯棉薄款大童男上衣童装男孩秋装韩版洋气儿童衣服男/img7.jpg'),(1771,286,'img/男童长袖t恤 纯棉薄款大童男上衣童装男孩秋装韩版洋气儿童衣服男/img8.jpg'),(1772,286,'img/男童长袖t恤 纯棉薄款大童男上衣童装男孩秋装韩版洋气儿童衣服男/img9.jpg'),(1773,286,'img/男童长袖t恤 纯棉薄款大童男上衣童装男孩秋装韩版洋气儿童衣服男/img10.jpg'),(1774,286,'img/男童长袖t恤 纯棉薄款大童男上衣童装男孩秋装韩版洋气儿童衣服男/img11.jpg'),(1775,286,'img/男童长袖t恤 纯棉薄款大童男上衣童装男孩秋装韩版洋气儿童衣服男/img12.jpg'),(1776,286,'img/男童长袖t恤 纯棉薄款大童男上衣童装男孩秋装韩版洋气儿童衣服男/img13.jpg'),(1777,286,'img/男童长袖t恤 纯棉薄款大童男上衣童装男孩秋装韩版洋气儿童衣服男/img14.jpg'),(1778,286,'img/男童长袖t恤 纯棉薄款大童男上衣童装男孩秋装韩版洋气儿童衣服男/img15.jpg'),(1779,286,'img/男童长袖t恤 纯棉薄款大童男上衣童装男孩秋装韩版洋气儿童衣服男/img16.jpg'),(1780,286,'img/男童长袖t恤 纯棉薄款大童男上衣童装男孩秋装韩版洋气儿童衣服男/img17.jpg'),(1781,286,'img/男童长袖t恤 纯棉薄款大童男上衣童装男孩秋装韩版洋气儿童衣服男/img18.jpg'),(1782,287,'img/中大童长袖t恤上衣薄款洋气纯棉女童秋装新款韩版时尚儿童衣服潮/img0.png'),(1783,287,'img/中大童长袖t恤上衣薄款洋气纯棉女童秋装新款韩版时尚儿童衣服潮/img1.png'),(1784,287,'img/中大童长袖t恤上衣薄款洋气纯棉女童秋装新款韩版时尚儿童衣服潮/img2.png'),(1785,287,'img/中大童长袖t恤上衣薄款洋气纯棉女童秋装新款韩版时尚儿童衣服潮/img3.png'),(1786,287,'img/中大童长袖t恤上衣薄款洋气纯棉女童秋装新款韩版时尚儿童衣服潮/img4.png'),(1787,287,'img/中大童长袖t恤上衣薄款洋气纯棉女童秋装新款韩版时尚儿童衣服潮/img5.png'),(1788,287,'img/中大童长袖t恤上衣薄款洋气纯棉女童秋装新款韩版时尚儿童衣服潮/img6.png'),(1789,287,'img/中大童长袖t恤上衣薄款洋气纯棉女童秋装新款韩版时尚儿童衣服潮/img7.png'),(1790,287,'img/中大童长袖t恤上衣薄款洋气纯棉女童秋装新款韩版时尚儿童衣服潮/img8.png'),(1791,287,'img/中大童长袖t恤上衣薄款洋气纯棉女童秋装新款韩版时尚儿童衣服潮/img9.png'),(1792,287,'img/中大童长袖t恤上衣薄款洋气纯棉女童秋装新款韩版时尚儿童衣服潮/img10.png'),(1793,287,'img/中大童长袖t恤上衣薄款洋气纯棉女童秋装新款韩版时尚儿童衣服潮/img11.png'),(1794,287,'img/中大童长袖t恤上衣薄款洋气纯棉女童秋装新款韩版时尚儿童衣服潮/img12.png'),(1795,287,'img/中大童长袖t恤上衣薄款洋气纯棉女童秋装新款韩版时尚儿童衣服潮/img13.png'),(1796,287,'img/中大童长袖t恤上衣薄款洋气纯棉女童秋装新款韩版时尚儿童衣服潮/img14.png'),(1797,288,'img/连帽套头卫衣女宽松儿童衣服秋款童装小女孩长袖上衣韩版女童外套/img0.jpg'),(1798,288,'img/连帽套头卫衣女宽松儿童衣服秋款童装小女孩长袖上衣韩版女童外套/img1.jpg'),(1799,288,'img/连帽套头卫衣女宽松儿童衣服秋款童装小女孩长袖上衣韩版女童外套/img2.jpg'),(1800,288,'img/连帽套头卫衣女宽松儿童衣服秋款童装小女孩长袖上衣韩版女童外套/img3.jpg'),(1801,288,'img/连帽套头卫衣女宽松儿童衣服秋款童装小女孩长袖上衣韩版女童外套/img4.jpg'),(1802,288,'img/连帽套头卫衣女宽松儿童衣服秋款童装小女孩长袖上衣韩版女童外套/img5.jpg'),(1803,288,'img/连帽套头卫衣女宽松儿童衣服秋款童装小女孩长袖上衣韩版女童外套/img6.jpg'),(1804,288,'img/连帽套头卫衣女宽松儿童衣服秋款童装小女孩长袖上衣韩版女童外套/img7.jpg'),(1805,288,'img/连帽套头卫衣女宽松儿童衣服秋款童装小女孩长袖上衣韩版女童外套/img8.jpg'),(1806,288,'img/连帽套头卫衣女宽松儿童衣服秋款童装小女孩长袖上衣韩版女童外套/img9.jpg'),(1807,288,'img/连帽套头卫衣女宽松儿童衣服秋款童装小女孩长袖上衣韩版女童外套/img10.jpg'),(1808,288,'img/连帽套头卫衣女宽松儿童衣服秋款童装小女孩长袖上衣韩版女童外套/img11.jpg'),(1809,288,'img/连帽套头卫衣女宽松儿童衣服秋款童装小女孩长袖上衣韩版女童外套/img12.jpg'),(1810,288,'img/连帽套头卫衣女宽松儿童衣服秋款童装小女孩长袖上衣韩版女童外套/img13.jpg'),(1811,288,'img/连帽套头卫衣女宽松儿童衣服秋款童装小女孩长袖上衣韩版女童外套/img14.jpg'),(1812,288,'img/连帽套头卫衣女宽松儿童衣服秋款童装小女孩长袖上衣韩版女童外套/img15.jpg'),(1813,289,'img/宝宝t恤男2019春秋装新款新生儿长袖小童上衣婴儿打底衫儿童衣服/img0.jpg'),(1814,289,'img/宝宝t恤男2019春秋装新款新生儿长袖小童上衣婴儿打底衫儿童衣服/img1.jpg'),(1815,289,'img/宝宝t恤男2019春秋装新款新生儿长袖小童上衣婴儿打底衫儿童衣服/img2.jpg'),(1816,289,'img/宝宝t恤男2019春秋装新款新生儿长袖小童上衣婴儿打底衫儿童衣服/img3.jpg'),(1817,289,'img/宝宝t恤男2019春秋装新款新生儿长袖小童上衣婴儿打底衫儿童衣服/img4.jpg'),(1818,289,'img/宝宝t恤男2019春秋装新款新生儿长袖小童上衣婴儿打底衫儿童衣服/img5.jpg'),(1819,289,'img/宝宝t恤男2019春秋装新款新生儿长袖小童上衣婴儿打底衫儿童衣服/img6.jpg'),(1820,289,'img/宝宝t恤男2019春秋装新款新生儿长袖小童上衣婴儿打底衫儿童衣服/img7.jpg'),(1821,289,'img/宝宝t恤男2019春秋装新款新生儿长袖小童上衣婴儿打底衫儿童衣服/img8.jpg'),(1822,289,'img/宝宝t恤男2019春秋装新款新生儿长袖小童上衣婴儿打底衫儿童衣服/img9.gif'),(1823,289,'img/宝宝t恤男2019春秋装新款新生儿长袖小童上衣婴儿打底衫儿童衣服/img10.gif'),(1824,289,'img/宝宝t恤男2019春秋装新款新生儿长袖小童上衣婴儿打底衫儿童衣服/img11.gif'),(1825,289,'img/宝宝t恤男2019春秋装新款新生儿长袖小童上衣婴儿打底衫儿童衣服/img12.gif'),(1826,289,'img/宝宝t恤男2019春秋装新款新生儿长袖小童上衣婴儿打底衫儿童衣服/img13.gif'),(1827,289,'img/宝宝t恤男2019春秋装新款新生儿长袖小童上衣婴儿打底衫儿童衣服/img14.gif'),(1828,289,'img/宝宝t恤男2019春秋装新款新生儿长袖小童上衣婴儿打底衫儿童衣服/img15.gif'),(1829,289,'img/宝宝t恤男2019春秋装新款新生儿长袖小童上衣婴儿打底衫儿童衣服/img16.gif'),(1830,289,'img/宝宝t恤男2019春秋装新款新生儿长袖小童上衣婴儿打底衫儿童衣服/img17.gif'),(1831,289,'img/宝宝t恤男2019春秋装新款新生儿长袖小童上衣婴儿打底衫儿童衣服/img18.gif'),(1832,289,'img/宝宝t恤男2019春秋装新款新生儿长袖小童上衣婴儿打底衫儿童衣服/img19.gif'),(1833,289,'img/宝宝t恤男2019春秋装新款新生儿长袖小童上衣婴儿打底衫儿童衣服/img20.gif'),(1834,289,'img/宝宝t恤男2019春秋装新款新生儿长袖小童上衣婴儿打底衫儿童衣服/img21.gif'),(1835,289,'img/宝宝t恤男2019春秋装新款新生儿长袖小童上衣婴儿打底衫儿童衣服/img22.gif'),(1836,289,'img/宝宝t恤男2019春秋装新款新生儿长袖小童上衣婴儿打底衫儿童衣服/img23.gif'),(1837,289,'img/宝宝t恤男2019春秋装新款新生儿长袖小童上衣婴儿打底衫儿童衣服/img24.gif'),(1838,289,'img/宝宝t恤男2019春秋装新款新生儿长袖小童上衣婴儿打底衫儿童衣服/img25.gif'),(1839,289,'img/宝宝t恤男2019春秋装新款新生儿长袖小童上衣婴儿打底衫儿童衣服/img26.gif'),(1840,289,'img/宝宝t恤男2019春秋装新款新生儿长袖小童上衣婴儿打底衫儿童衣服/img27.gif'),(1841,289,'img/宝宝t恤男2019春秋装新款新生儿长袖小童上衣婴儿打底衫儿童衣服/img28.gif'),(1842,289,'img/宝宝t恤男2019春秋装新款新生儿长袖小童上衣婴儿打底衫儿童衣服/img29.gif'),(1843,289,'img/宝宝t恤男2019春秋装新款新生儿长袖小童上衣婴儿打底衫儿童衣服/img30.gif'),(1844,289,'img/宝宝t恤男2019春秋装新款新生儿长袖小童上衣婴儿打底衫儿童衣服/img31.gif'),(1845,289,'img/宝宝t恤男2019春秋装新款新生儿长袖小童上衣婴儿打底衫儿童衣服/img32.gif'),(1846,289,'img/宝宝t恤男2019春秋装新款新生儿长袖小童上衣婴儿打底衫儿童衣服/img33.gif'),(1847,289,'img/宝宝t恤男2019春秋装新款新生儿长袖小童上衣婴儿打底衫儿童衣服/img34.gif'),(1848,289,'img/宝宝t恤男2019春秋装新款新生儿长袖小童上衣婴儿打底衫儿童衣服/img35.gif'),(1849,290,'img/男童卫衣2019秋装新款彩条纹婴儿上衣宝宝洋气潮衣长袖儿童衣服小/img0.gif'),(1850,290,'img/男童卫衣2019秋装新款彩条纹婴儿上衣宝宝洋气潮衣长袖儿童衣服小/img1.gif'),(1851,290,'img/男童卫衣2019秋装新款彩条纹婴儿上衣宝宝洋气潮衣长袖儿童衣服小/img2.gif'),(1852,290,'img/男童卫衣2019秋装新款彩条纹婴儿上衣宝宝洋气潮衣长袖儿童衣服小/img3.gif'),(1853,290,'img/男童卫衣2019秋装新款彩条纹婴儿上衣宝宝洋气潮衣长袖儿童衣服小/img4.gif'),(1854,290,'img/男童卫衣2019秋装新款彩条纹婴儿上衣宝宝洋气潮衣长袖儿童衣服小/img5.gif'),(1855,290,'img/男童卫衣2019秋装新款彩条纹婴儿上衣宝宝洋气潮衣长袖儿童衣服小/img6.gif'),(1856,290,'img/男童卫衣2019秋装新款彩条纹婴儿上衣宝宝洋气潮衣长袖儿童衣服小/img7.gif'),(1857,290,'img/男童卫衣2019秋装新款彩条纹婴儿上衣宝宝洋气潮衣长袖儿童衣服小/img8.gif'),(1858,290,'img/男童卫衣2019秋装新款彩条纹婴儿上衣宝宝洋气潮衣长袖儿童衣服小/img9.gif'),(1859,290,'img/男童卫衣2019秋装新款彩条纹婴儿上衣宝宝洋气潮衣长袖儿童衣服小/img10.gif'),(1860,290,'img/男童卫衣2019秋装新款彩条纹婴儿上衣宝宝洋气潮衣长袖儿童衣服小/img11.gif'),(1861,290,'img/男童卫衣2019秋装新款彩条纹婴儿上衣宝宝洋气潮衣长袖儿童衣服小/img12.gif'),(1862,290,'img/男童卫衣2019秋装新款彩条纹婴儿上衣宝宝洋气潮衣长袖儿童衣服小/img13.gif'),(1863,290,'img/男童卫衣2019秋装新款彩条纹婴儿上衣宝宝洋气潮衣长袖儿童衣服小/img14.gif'),(1864,290,'img/男童卫衣2019秋装新款彩条纹婴儿上衣宝宝洋气潮衣长袖儿童衣服小/img15.gif'),(1865,290,'img/男童卫衣2019秋装新款彩条纹婴儿上衣宝宝洋气潮衣长袖儿童衣服小/img16.gif'),(1866,290,'img/男童卫衣2019秋装新款彩条纹婴儿上衣宝宝洋气潮衣长袖儿童衣服小/img17.gif'),(1867,290,'img/男童卫衣2019秋装新款彩条纹婴儿上衣宝宝洋气潮衣长袖儿童衣服小/img18.gif'),(1868,290,'img/男童卫衣2019秋装新款彩条纹婴儿上衣宝宝洋气潮衣长袖儿童衣服小/img19.gif'),(1869,290,'img/男童卫衣2019秋装新款彩条纹婴儿上衣宝宝洋气潮衣长袖儿童衣服小/img20.gif'),(1870,290,'img/男童卫衣2019秋装新款彩条纹婴儿上衣宝宝洋气潮衣长袖儿童衣服小/img21.gif'),(1871,290,'img/男童卫衣2019秋装新款彩条纹婴儿上衣宝宝洋气潮衣长袖儿童衣服小/img22.gif'),(1872,290,'img/男童卫衣2019秋装新款彩条纹婴儿上衣宝宝洋气潮衣长袖儿童衣服小/img23.gif'),(1873,290,'img/男童卫衣2019秋装新款彩条纹婴儿上衣宝宝洋气潮衣长袖儿童衣服小/img24.gif'),(1874,290,'img/男童卫衣2019秋装新款彩条纹婴儿上衣宝宝洋气潮衣长袖儿童衣服小/img25.gif'),(1875,290,'img/男童卫衣2019秋装新款彩条纹婴儿上衣宝宝洋气潮衣长袖儿童衣服小/img26.gif'),(1876,290,'img/男童卫衣2019秋装新款彩条纹婴儿上衣宝宝洋气潮衣长袖儿童衣服小/img27.gif'),(1877,290,'img/男童卫衣2019秋装新款彩条纹婴儿上衣宝宝洋气潮衣长袖儿童衣服小/img28.gif'),(1878,291,'img/魔童降世卫衣童装小哪咤儿童衣服秋季帅气男女童秋款2019上衣洋气/img0.jpg'),(1879,291,'img/魔童降世卫衣童装小哪咤儿童衣服秋季帅气男女童秋款2019上衣洋气/img1.jpg'),(1880,291,'img/魔童降世卫衣童装小哪咤儿童衣服秋季帅气男女童秋款2019上衣洋气/img2.jpg'),(1881,291,'img/魔童降世卫衣童装小哪咤儿童衣服秋季帅气男女童秋款2019上衣洋气/img3.jpg'),(1882,291,'img/魔童降世卫衣童装小哪咤儿童衣服秋季帅气男女童秋款2019上衣洋气/img4.jpg'),(1883,291,'img/魔童降世卫衣童装小哪咤儿童衣服秋季帅气男女童秋款2019上衣洋气/img5.jpg'),(1884,291,'img/魔童降世卫衣童装小哪咤儿童衣服秋季帅气男女童秋款2019上衣洋气/img6.jpg'),(1885,291,'img/魔童降世卫衣童装小哪咤儿童衣服秋季帅气男女童秋款2019上衣洋气/img7.jpg'),(1886,291,'img/魔童降世卫衣童装小哪咤儿童衣服秋季帅气男女童秋款2019上衣洋气/img8.jpg'),(1887,291,'img/魔童降世卫衣童装小哪咤儿童衣服秋季帅气男女童秋款2019上衣洋气/img9.jpg'),(1888,291,'img/魔童降世卫衣童装小哪咤儿童衣服秋季帅气男女童秋款2019上衣洋气/img10.jpg'),(1889,291,'img/魔童降世卫衣童装小哪咤儿童衣服秋季帅气男女童秋款2019上衣洋气/img11.png'),(1890,291,'img/魔童降世卫衣童装小哪咤儿童衣服秋季帅气男女童秋款2019上衣洋气/img12.png'),(1891,291,'img/魔童降世卫衣童装小哪咤儿童衣服秋季帅气男女童秋款2019上衣洋气/img13.png'),(1892,291,'img/魔童降世卫衣童装小哪咤儿童衣服秋季帅气男女童秋款2019上衣洋气/img14.png'),(1893,291,'img/魔童降世卫衣童装小哪咤儿童衣服秋季帅气男女童秋款2019上衣洋气/img15.png'),(1894,291,'img/魔童降世卫衣童装小哪咤儿童衣服秋季帅气男女童秋款2019上衣洋气/img16.png'),(1895,292,'img/男童短袖T恤夏装薄汽车儿童衣服婴幼儿小童宝宝纯棉半袖1-2-3-4岁/img0.jpg'),(1896,292,'img/男童短袖T恤夏装薄汽车儿童衣服婴幼儿小童宝宝纯棉半袖1-2-3-4岁/img1.jpg'),(1897,292,'img/男童短袖T恤夏装薄汽车儿童衣服婴幼儿小童宝宝纯棉半袖1-2-3-4岁/img2.jpg'),(1898,292,'img/男童短袖T恤夏装薄汽车儿童衣服婴幼儿小童宝宝纯棉半袖1-2-3-4岁/img3.jpg'),(1899,292,'img/男童短袖T恤夏装薄汽车儿童衣服婴幼儿小童宝宝纯棉半袖1-2-3-4岁/img4.jpg'),(1900,292,'img/男童短袖T恤夏装薄汽车儿童衣服婴幼儿小童宝宝纯棉半袖1-2-3-4岁/img5.jpg'),(1901,292,'img/男童短袖T恤夏装薄汽车儿童衣服婴幼儿小童宝宝纯棉半袖1-2-3-4岁/img6.jpg'),(1902,292,'img/男童短袖T恤夏装薄汽车儿童衣服婴幼儿小童宝宝纯棉半袖1-2-3-4岁/img7.jpg'),(1903,292,'img/男童短袖T恤夏装薄汽车儿童衣服婴幼儿小童宝宝纯棉半袖1-2-3-4岁/img8.jpg'),(1904,292,'img/男童短袖T恤夏装薄汽车儿童衣服婴幼儿小童宝宝纯棉半袖1-2-3-4岁/img9.jpg'),(1905,292,'img/男童短袖T恤夏装薄汽车儿童衣服婴幼儿小童宝宝纯棉半袖1-2-3-4岁/img10.jpg'),(1906,292,'img/男童短袖T恤夏装薄汽车儿童衣服婴幼儿小童宝宝纯棉半袖1-2-3-4岁/img11.jpg'),(1907,292,'img/男童短袖T恤夏装薄汽车儿童衣服婴幼儿小童宝宝纯棉半袖1-2-3-4岁/img12.jpg'),(1908,293,'img/ivan家童装男童秋装泫雅风T恤男宝宝假两件长袖上衣儿童衣服潮/img0.jpg'),(1909,293,'img/ivan家童装男童秋装泫雅风T恤男宝宝假两件长袖上衣儿童衣服潮/img1.jpg'),(1910,293,'img/ivan家童装男童秋装泫雅风T恤男宝宝假两件长袖上衣儿童衣服潮/img2.jpg'),(1911,293,'img/ivan家童装男童秋装泫雅风T恤男宝宝假两件长袖上衣儿童衣服潮/img3.png'),(1912,293,'img/ivan家童装男童秋装泫雅风T恤男宝宝假两件长袖上衣儿童衣服潮/img4.jpg'),(1913,293,'img/ivan家童装男童秋装泫雅风T恤男宝宝假两件长袖上衣儿童衣服潮/img5.jpg'),(1914,293,'img/ivan家童装男童秋装泫雅风T恤男宝宝假两件长袖上衣儿童衣服潮/img6.jpg'),(1915,293,'img/ivan家童装男童秋装泫雅风T恤男宝宝假两件长袖上衣儿童衣服潮/img7.jpg'),(1916,294,'img/2019新款儿童衣服宝宝t恤男1-3岁春秋装小童长袖打底衫婴儿上衣潮/img0.jpg'),(1917,294,'img/2019新款儿童衣服宝宝t恤男1-3岁春秋装小童长袖打底衫婴儿上衣潮/img1.gif'),(1918,294,'img/2019新款儿童衣服宝宝t恤男1-3岁春秋装小童长袖打底衫婴儿上衣潮/img2.gif'),(1919,294,'img/2019新款儿童衣服宝宝t恤男1-3岁春秋装小童长袖打底衫婴儿上衣潮/img3.gif'),(1920,294,'img/2019新款儿童衣服宝宝t恤男1-3岁春秋装小童长袖打底衫婴儿上衣潮/img4.gif'),(1921,294,'img/2019新款儿童衣服宝宝t恤男1-3岁春秋装小童长袖打底衫婴儿上衣潮/img5.gif'),(1922,294,'img/2019新款儿童衣服宝宝t恤男1-3岁春秋装小童长袖打底衫婴儿上衣潮/img6.gif'),(1923,294,'img/2019新款儿童衣服宝宝t恤男1-3岁春秋装小童长袖打底衫婴儿上衣潮/img7.gif'),(1924,294,'img/2019新款儿童衣服宝宝t恤男1-3岁春秋装小童长袖打底衫婴儿上衣潮/img8.gif'),(1925,294,'img/2019新款儿童衣服宝宝t恤男1-3岁春秋装小童长袖打底衫婴儿上衣潮/img9.gif'),(1926,294,'img/2019新款儿童衣服宝宝t恤男1-3岁春秋装小童长袖打底衫婴儿上衣潮/img10.gif'),(1927,294,'img/2019新款儿童衣服宝宝t恤男1-3岁春秋装小童长袖打底衫婴儿上衣潮/img11.gif'),(1928,294,'img/2019新款儿童衣服宝宝t恤男1-3岁春秋装小童长袖打底衫婴儿上衣潮/img12.gif'),(1929,294,'img/2019新款儿童衣服宝宝t恤男1-3岁春秋装小童长袖打底衫婴儿上衣潮/img13.gif'),(1930,294,'img/2019新款儿童衣服宝宝t恤男1-3岁春秋装小童长袖打底衫婴儿上衣潮/img14.gif'),(1931,294,'img/2019新款儿童衣服宝宝t恤男1-3岁春秋装小童长袖打底衫婴儿上衣潮/img15.gif'),(1932,294,'img/2019新款儿童衣服宝宝t恤男1-3岁春秋装小童长袖打底衫婴儿上衣潮/img16.gif'),(1933,294,'img/2019新款儿童衣服宝宝t恤男1-3岁春秋装小童长袖打底衫婴儿上衣潮/img17.gif'),(1934,294,'img/2019新款儿童衣服宝宝t恤男1-3岁春秋装小童长袖打底衫婴儿上衣潮/img18.gif'),(1935,294,'img/2019新款儿童衣服宝宝t恤男1-3岁春秋装小童长袖打底衫婴儿上衣潮/img19.gif'),(1936,294,'img/2019新款儿童衣服宝宝t恤男1-3岁春秋装小童长袖打底衫婴儿上衣潮/img20.gif'),(1937,294,'img/2019新款儿童衣服宝宝t恤男1-3岁春秋装小童长袖打底衫婴儿上衣潮/img21.gif'),(1938,294,'img/2019新款儿童衣服宝宝t恤男1-3岁春秋装小童长袖打底衫婴儿上衣潮/img22.gif'),(1939,294,'img/2019新款儿童衣服宝宝t恤男1-3岁春秋装小童长袖打底衫婴儿上衣潮/img23.gif'),(1940,294,'img/2019新款儿童衣服宝宝t恤男1-3岁春秋装小童长袖打底衫婴儿上衣潮/img24.gif'),(1941,294,'img/2019新款儿童衣服宝宝t恤男1-3岁春秋装小童长袖打底衫婴儿上衣潮/img25.gif'),(1942,294,'img/2019新款儿童衣服宝宝t恤男1-3岁春秋装小童长袖打底衫婴儿上衣潮/img26.gif'),(1943,294,'img/2019新款儿童衣服宝宝t恤男1-3岁春秋装小童长袖打底衫婴儿上衣潮/img27.gif'),(1944,294,'img/2019新款儿童衣服宝宝t恤男1-3岁春秋装小童长袖打底衫婴儿上衣潮/img28.gif'),(1945,294,'img/2019新款儿童衣服宝宝t恤男1-3岁春秋装小童长袖打底衫婴儿上衣潮/img29.gif'),(1946,294,'img/2019新款儿童衣服宝宝t恤男1-3岁春秋装小童长袖打底衫婴儿上衣潮/img30.gif'),(1947,294,'img/2019新款儿童衣服宝宝t恤男1-3岁春秋装小童长袖打底衫婴儿上衣潮/img31.gif'),(1948,294,'img/2019新款儿童衣服宝宝t恤男1-3岁春秋装小童长袖打底衫婴儿上衣潮/img32.gif'),(1949,294,'img/2019新款儿童衣服宝宝t恤男1-3岁春秋装小童长袖打底衫婴儿上衣潮/img33.gif'),(1950,294,'img/2019新款儿童衣服宝宝t恤男1-3岁春秋装小童长袖打底衫婴儿上衣潮/img34.gif'),(1951,294,'img/2019新款儿童衣服宝宝t恤男1-3岁春秋装小童长袖打底衫婴儿上衣潮/img35.gif'),(1952,294,'img/2019新款儿童衣服宝宝t恤男1-3岁春秋装小童长袖打底衫婴儿上衣潮/img36.gif'),(1953,295,'img/宝宝卫衣春秋装2019新款童装连帽婴儿上衣男童潮洋气韩版儿童衣服/img0.jpg'),(1954,295,'img/宝宝卫衣春秋装2019新款童装连帽婴儿上衣男童潮洋气韩版儿童衣服/img1.jpg'),(1955,295,'img/宝宝卫衣春秋装2019新款童装连帽婴儿上衣男童潮洋气韩版儿童衣服/img2.jpg'),(1956,295,'img/宝宝卫衣春秋装2019新款童装连帽婴儿上衣男童潮洋气韩版儿童衣服/img3.jpg'),(1957,295,'img/宝宝卫衣春秋装2019新款童装连帽婴儿上衣男童潮洋气韩版儿童衣服/img4.jpg'),(1958,295,'img/宝宝卫衣春秋装2019新款童装连帽婴儿上衣男童潮洋气韩版儿童衣服/img5.jpg'),(1959,295,'img/宝宝卫衣春秋装2019新款童装连帽婴儿上衣男童潮洋气韩版儿童衣服/img6.jpg'),(1960,295,'img/宝宝卫衣春秋装2019新款童装连帽婴儿上衣男童潮洋气韩版儿童衣服/img7.jpg'),(1961,295,'img/宝宝卫衣春秋装2019新款童装连帽婴儿上衣男童潮洋气韩版儿童衣服/img8.jpg'),(1962,295,'img/宝宝卫衣春秋装2019新款童装连帽婴儿上衣男童潮洋气韩版儿童衣服/img9.jpg'),(1963,295,'img/宝宝卫衣春秋装2019新款童装连帽婴儿上衣男童潮洋气韩版儿童衣服/img10.jpg'),(1964,295,'img/宝宝卫衣春秋装2019新款童装连帽婴儿上衣男童潮洋气韩版儿童衣服/img11.jpg'),(1965,295,'img/宝宝卫衣春秋装2019新款童装连帽婴儿上衣男童潮洋气韩版儿童衣服/img12.jpg'),(1966,295,'img/宝宝卫衣春秋装2019新款童装连帽婴儿上衣男童潮洋气韩版儿童衣服/img13.jpg'),(1967,295,'img/宝宝卫衣春秋装2019新款童装连帽婴儿上衣男童潮洋气韩版儿童衣服/img14.jpg'),(1968,295,'img/宝宝卫衣春秋装2019新款童装连帽婴儿上衣男童潮洋气韩版儿童衣服/img15.jpg'),(1969,295,'img/宝宝卫衣春秋装2019新款童装连帽婴儿上衣男童潮洋气韩版儿童衣服/img16.jpg'),(1970,295,'img/宝宝卫衣春秋装2019新款童装连帽婴儿上衣男童潮洋气韩版儿童衣服/img17.jpg'),(1971,295,'img/宝宝卫衣春秋装2019新款童装连帽婴儿上衣男童潮洋气韩版儿童衣服/img18.jpg'),(1972,295,'img/宝宝卫衣春秋装2019新款童装连帽婴儿上衣男童潮洋气韩版儿童衣服/img19.jpg'),(1973,295,'img/宝宝卫衣春秋装2019新款童装连帽婴儿上衣男童潮洋气韩版儿童衣服/img20.jpg'),(1974,295,'img/宝宝卫衣春秋装2019新款童装连帽婴儿上衣男童潮洋气韩版儿童衣服/img21.jpg'),(1975,295,'img/宝宝卫衣春秋装2019新款童装连帽婴儿上衣男童潮洋气韩版儿童衣服/img22.jpg'),(1976,295,'img/宝宝卫衣春秋装2019新款童装连帽婴儿上衣男童潮洋气韩版儿童衣服/img23.jpg'),(1977,295,'img/宝宝卫衣春秋装2019新款童装连帽婴儿上衣男童潮洋气韩版儿童衣服/img24.jpg'),(1978,295,'img/宝宝卫衣春秋装2019新款童装连帽婴儿上衣男童潮洋气韩版儿童衣服/img25.jpg'),(1979,296,'img/儿童短袖t恤夏季男童上衣纯棉夏天女童衣服2-9岁小孩汪汪队童装潮/img0.jpg'),(1980,296,'img/儿童短袖t恤夏季男童上衣纯棉夏天女童衣服2-9岁小孩汪汪队童装潮/img1.jpg'),(1981,296,'img/儿童短袖t恤夏季男童上衣纯棉夏天女童衣服2-9岁小孩汪汪队童装潮/img2.jpg'),(1982,296,'img/儿童短袖t恤夏季男童上衣纯棉夏天女童衣服2-9岁小孩汪汪队童装潮/img3.jpg'),(1983,296,'img/儿童短袖t恤夏季男童上衣纯棉夏天女童衣服2-9岁小孩汪汪队童装潮/img4.jpg'),(1984,296,'img/儿童短袖t恤夏季男童上衣纯棉夏天女童衣服2-9岁小孩汪汪队童装潮/img5.jpg'),(1985,296,'img/儿童短袖t恤夏季男童上衣纯棉夏天女童衣服2-9岁小孩汪汪队童装潮/img6.jpg'),(1986,296,'img/儿童短袖t恤夏季男童上衣纯棉夏天女童衣服2-9岁小孩汪汪队童装潮/img7.jpg'),(1987,297,'img/霖霖家婴童装 男婴儿打底衫宝宝秋装长袖t恤男童字母上衣儿童衣服/img0.jpg'),(1988,297,'img/霖霖家婴童装 男婴儿打底衫宝宝秋装长袖t恤男童字母上衣儿童衣服/img1.jpg'),(1989,297,'img/霖霖家婴童装 男婴儿打底衫宝宝秋装长袖t恤男童字母上衣儿童衣服/img2.jpg'),(1990,297,'img/霖霖家婴童装 男婴儿打底衫宝宝秋装长袖t恤男童字母上衣儿童衣服/img3.jpg'),(1991,297,'img/霖霖家婴童装 男婴儿打底衫宝宝秋装长袖t恤男童字母上衣儿童衣服/img4.jpg'),(1992,297,'img/霖霖家婴童装 男婴儿打底衫宝宝秋装长袖t恤男童字母上衣儿童衣服/img5.jpg'),(1993,297,'img/霖霖家婴童装 男婴儿打底衫宝宝秋装长袖t恤男童字母上衣儿童衣服/img6.jpg'),(1994,297,'img/霖霖家婴童装 男婴儿打底衫宝宝秋装长袖t恤男童字母上衣儿童衣服/img7.jpg'),(1995,297,'img/霖霖家婴童装 男婴儿打底衫宝宝秋装长袖t恤男童字母上衣儿童衣服/img8.jpg'),(1996,297,'img/霖霖家婴童装 男婴儿打底衫宝宝秋装长袖t恤男童字母上衣儿童衣服/img9.jpg'),(1997,297,'img/霖霖家婴童装 男婴儿打底衫宝宝秋装长袖t恤男童字母上衣儿童衣服/img10.jpg'),(1998,297,'img/霖霖家婴童装 男婴儿打底衫宝宝秋装长袖t恤男童字母上衣儿童衣服/img11.jpg'),(1999,297,'img/霖霖家婴童装 男婴儿打底衫宝宝秋装长袖t恤男童字母上衣儿童衣服/img12.jpg'),(2000,297,'img/霖霖家婴童装 男婴儿打底衫宝宝秋装长袖t恤男童字母上衣儿童衣服/img13.jpg'),(2001,297,'img/霖霖家婴童装 男婴儿打底衫宝宝秋装长袖t恤男童字母上衣儿童衣服/img14.jpg'),(2002,297,'img/霖霖家婴童装 男婴儿打底衫宝宝秋装长袖t恤男童字母上衣儿童衣服/img15.jpg'),(2003,297,'img/霖霖家婴童装 男婴儿打底衫宝宝秋装长袖t恤男童字母上衣儿童衣服/img16.jpg'),(2004,297,'img/霖霖家婴童装 男婴儿打底衫宝宝秋装长袖t恤男童字母上衣儿童衣服/img17.jpg'),(2005,297,'img/霖霖家婴童装 男婴儿打底衫宝宝秋装长袖t恤男童字母上衣儿童衣服/img18.jpg'),(2006,297,'img/霖霖家婴童装 男婴儿打底衫宝宝秋装长袖t恤男童字母上衣儿童衣服/img19.jpg'),(2007,297,'img/霖霖家婴童装 男婴儿打底衫宝宝秋装长袖t恤男童字母上衣儿童衣服/img20.jpg'),(2008,297,'img/霖霖家婴童装 男婴儿打底衫宝宝秋装长袖t恤男童字母上衣儿童衣服/img21.jpg'),(2009,297,'img/霖霖家婴童装 男婴儿打底衫宝宝秋装长袖t恤男童字母上衣儿童衣服/img22.jpg'),(2010,297,'img/霖霖家婴童装 男婴儿打底衫宝宝秋装长袖t恤男童字母上衣儿童衣服/img23.jpg'),(2011,297,'img/霖霖家婴童装 男婴儿打底衫宝宝秋装长袖t恤男童字母上衣儿童衣服/img24.jpg'),(2012,297,'img/霖霖家婴童装 男婴儿打底衫宝宝秋装长袖t恤男童字母上衣儿童衣服/img25.jpg'),(2013,297,'img/霖霖家婴童装 男婴儿打底衫宝宝秋装长袖t恤男童字母上衣儿童衣服/img26.jpg'),(2014,297,'img/霖霖家婴童装 男婴儿打底衫宝宝秋装长袖t恤男童字母上衣儿童衣服/img27.jpg'),(2015,297,'img/霖霖家婴童装 男婴儿打底衫宝宝秋装长袖t恤男童字母上衣儿童衣服/img28.jpg'),(2016,297,'img/霖霖家婴童装 男婴儿打底衫宝宝秋装长袖t恤男童字母上衣儿童衣服/img29.jpg'),(2017,297,'img/霖霖家婴童装 男婴儿打底衫宝宝秋装长袖t恤男童字母上衣儿童衣服/img30.jpg'),(2018,297,'img/霖霖家婴童装 男婴儿打底衫宝宝秋装长袖t恤男童字母上衣儿童衣服/img31.jpg'),(2019,297,'img/霖霖家婴童装 男婴儿打底衫宝宝秋装长袖t恤男童字母上衣儿童衣服/img32.jpg'),(2020,297,'img/霖霖家婴童装 男婴儿打底衫宝宝秋装长袖t恤男童字母上衣儿童衣服/img33.jpg'),(2021,297,'img/霖霖家婴童装 男婴儿打底衫宝宝秋装长袖t恤男童字母上衣儿童衣服/img34.jpg'),(2022,298,'img/雨果脚踏钢琴健身架器可充电幼儿宝宝婴儿玩具毯0-1岁男女孩3个月/img0.jpg'),(2023,298,'img/雨果脚踏钢琴健身架器可充电幼儿宝宝婴儿玩具毯0-1岁男女孩3个月/img1.jpg'),(2024,298,'img/雨果脚踏钢琴健身架器可充电幼儿宝宝婴儿玩具毯0-1岁男女孩3个月/img2.jpg'),(2025,298,'img/雨果脚踏钢琴健身架器可充电幼儿宝宝婴儿玩具毯0-1岁男女孩3个月/img3.jpg'),(2026,298,'img/雨果脚踏钢琴健身架器可充电幼儿宝宝婴儿玩具毯0-1岁男女孩3个月/img4.jpg'),(2027,298,'img/雨果脚踏钢琴健身架器可充电幼儿宝宝婴儿玩具毯0-1岁男女孩3个月/img5.jpg'),(2028,298,'img/雨果脚踏钢琴健身架器可充电幼儿宝宝婴儿玩具毯0-1岁男女孩3个月/img6.jpg'),(2029,298,'img/雨果脚踏钢琴健身架器可充电幼儿宝宝婴儿玩具毯0-1岁男女孩3个月/img7.jpg'),(2030,298,'img/雨果脚踏钢琴健身架器可充电幼儿宝宝婴儿玩具毯0-1岁男女孩3个月/img8.jpg'),(2031,298,'img/雨果脚踏钢琴健身架器可充电幼儿宝宝婴儿玩具毯0-1岁男女孩3个月/img9.jpg'),(2032,298,'img/雨果脚踏钢琴健身架器可充电幼儿宝宝婴儿玩具毯0-1岁男女孩3个月/img10.png'),(2033,298,'img/雨果脚踏钢琴健身架器可充电幼儿宝宝婴儿玩具毯0-1岁男女孩3个月/img11.png'),(2034,298,'img/雨果脚踏钢琴健身架器可充电幼儿宝宝婴儿玩具毯0-1岁男女孩3个月/img12.png'),(2035,298,'img/雨果脚踏钢琴健身架器可充电幼儿宝宝婴儿玩具毯0-1岁男女孩3个月/img13.png'),(2036,298,'img/雨果脚踏钢琴健身架器可充电幼儿宝宝婴儿玩具毯0-1岁男女孩3个月/img14.png'),(2037,298,'img/雨果脚踏钢琴健身架器可充电幼儿宝宝婴儿玩具毯0-1岁男女孩3个月/img15.png'),(2038,298,'img/雨果脚踏钢琴健身架器可充电幼儿宝宝婴儿玩具毯0-1岁男女孩3个月/img16.png'),(2039,298,'img/雨果脚踏钢琴健身架器可充电幼儿宝宝婴儿玩具毯0-1岁男女孩3个月/img17.png'),(2040,298,'img/雨果脚踏钢琴健身架器可充电幼儿宝宝婴儿玩具毯0-1岁男女孩3个月/img18.png'),(2041,298,'img/雨果脚踏钢琴健身架器可充电幼儿宝宝婴儿玩具毯0-1岁男女孩3个月/img19.png'),(2042,298,'img/雨果脚踏钢琴健身架器可充电幼儿宝宝婴儿玩具毯0-1岁男女孩3个月/img20.png'),(2043,298,'img/雨果脚踏钢琴健身架器可充电幼儿宝宝婴儿玩具毯0-1岁男女孩3个月/img21.png'),(2044,298,'img/雨果脚踏钢琴健身架器可充电幼儿宝宝婴儿玩具毯0-1岁男女孩3个月/img22.png'),(2045,298,'img/雨果脚踏钢琴健身架器可充电幼儿宝宝婴儿玩具毯0-1岁男女孩3个月/img23.png'),(2046,301,'img/【直营】日本面包超人进口婴幼儿摇铃鼓铃沙锤快板响板儿童玩具/img0.png'),(2047,301,'img/【直营】日本面包超人进口婴幼儿摇铃鼓铃沙锤快板响板儿童玩具/img1.png'),(2048,301,'img/【直营】日本面包超人进口婴幼儿摇铃鼓铃沙锤快板响板儿童玩具/img2.png'),(2049,301,'img/【直营】日本面包超人进口婴幼儿摇铃鼓铃沙锤快板响板儿童玩具/img3.png'),(2050,301,'img/【直营】日本面包超人进口婴幼儿摇铃鼓铃沙锤快板响板儿童玩具/img4.png'),(2051,301,'img/【直营】日本面包超人进口婴幼儿摇铃鼓铃沙锤快板响板儿童玩具/img5.png'),(2052,301,'img/【直营】日本面包超人进口婴幼儿摇铃鼓铃沙锤快板响板儿童玩具/img6.jpg'),(2053,301,'img/【直营】日本面包超人进口婴幼儿摇铃鼓铃沙锤快板响板儿童玩具/img7.jpg'),(2054,301,'img/【直营】日本面包超人进口婴幼儿摇铃鼓铃沙锤快板响板儿童玩具/img8.jpg'),(2055,301,'img/【直营】日本面包超人进口婴幼儿摇铃鼓铃沙锤快板响板儿童玩具/img9.jpg'),(2056,301,'img/【直营】日本面包超人进口婴幼儿摇铃鼓铃沙锤快板响板儿童玩具/img10.jpg'),(2057,301,'img/【直营】日本面包超人进口婴幼儿摇铃鼓铃沙锤快板响板儿童玩具/img11.jpg'),(2058,301,'img/【直营】日本面包超人进口婴幼儿摇铃鼓铃沙锤快板响板儿童玩具/img12.jpg'),(2059,301,'img/【直营】日本面包超人进口婴幼儿摇铃鼓铃沙锤快板响板儿童玩具/img13.jpg'),(2060,301,'img/【直营】日本面包超人进口婴幼儿摇铃鼓铃沙锤快板响板儿童玩具/img14.jpg'),(2061,301,'img/【直营】日本面包超人进口婴幼儿摇铃鼓铃沙锤快板响板儿童玩具/img15.jpg'),(2062,301,'img/【直营】日本面包超人进口婴幼儿摇铃鼓铃沙锤快板响板儿童玩具/img16.jpg'),(2063,301,'img/【直营】日本面包超人进口婴幼儿摇铃鼓铃沙锤快板响板儿童玩具/img17.jpg'),(2064,301,'img/【直营】日本面包超人进口婴幼儿摇铃鼓铃沙锤快板响板儿童玩具/img18.jpg'),(2065,301,'img/【直营】日本面包超人进口婴幼儿摇铃鼓铃沙锤快板响板儿童玩具/img19.jpg'),(2066,301,'img/【直营】日本面包超人进口婴幼儿摇铃鼓铃沙锤快板响板儿童玩具/img20.jpg'),(2067,301,'img/【直营】日本面包超人进口婴幼儿摇铃鼓铃沙锤快板响板儿童玩具/img21.jpg'),(2068,301,'img/【直营】日本面包超人进口婴幼儿摇铃鼓铃沙锤快板响板儿童玩具/img22.jpg'),(2069,301,'img/【直营】日本面包超人进口婴幼儿摇铃鼓铃沙锤快板响板儿童玩具/img23.jpg'),(2070,301,'img/【直营】日本面包超人进口婴幼儿摇铃鼓铃沙锤快板响板儿童玩具/img24.jpg'),(2071,301,'img/【直营】日本面包超人进口婴幼儿摇铃鼓铃沙锤快板响板儿童玩具/img25.jpg'),(2072,301,'img/【直营】日本面包超人进口婴幼儿摇铃鼓铃沙锤快板响板儿童玩具/img26.jpg'),(2073,301,'img/【直营】日本面包超人进口婴幼儿摇铃鼓铃沙锤快板响板儿童玩具/img27.jpg'),(2074,301,'img/【直营】日本面包超人进口婴幼儿摇铃鼓铃沙锤快板响板儿童玩具/img28.jpg'),(2075,301,'img/【直营】日本面包超人进口婴幼儿摇铃鼓铃沙锤快板响板儿童玩具/img29.jpg'),(2076,301,'img/【直营】日本面包超人进口婴幼儿摇铃鼓铃沙锤快板响板儿童玩具/img30.jpg'),(2077,301,'img/【直营】日本面包超人进口婴幼儿摇铃鼓铃沙锤快板响板儿童玩具/img31.jpg'),(2078,301,'img/【直营】日本面包超人进口婴幼儿摇铃鼓铃沙锤快板响板儿童玩具/img32.jpg'),(2079,301,'img/【直营】日本面包超人进口婴幼儿摇铃鼓铃沙锤快板响板儿童玩具/img33.jpg'),(2080,301,'img/【直营】日本面包超人进口婴幼儿摇铃鼓铃沙锤快板响板儿童玩具/img34.jpg'),(2081,302,'img/贝易婴儿玩具0-1岁新生儿宝宝益智牙胶幼儿手摇铃抓握0-3-6个月12/img0.jpg'),(2082,302,'img/贝易婴儿玩具0-1岁新生儿宝宝益智牙胶幼儿手摇铃抓握0-3-6个月12/img1.jpg'),(2083,302,'img/贝易婴儿玩具0-1岁新生儿宝宝益智牙胶幼儿手摇铃抓握0-3-6个月12/img2.jpg'),(2084,302,'img/贝易婴儿玩具0-1岁新生儿宝宝益智牙胶幼儿手摇铃抓握0-3-6个月12/img3.jpg'),(2085,302,'img/贝易婴儿玩具0-1岁新生儿宝宝益智牙胶幼儿手摇铃抓握0-3-6个月12/img4.jpg'),(2086,304,'img/新生婴儿儿玩具初生早教益智宝宝0-1岁3音乐6摇铃7男女孩1-12个月/img0.jpg'),(2087,304,'img/新生婴儿儿玩具初生早教益智宝宝0-1岁3音乐6摇铃7男女孩1-12个月/img1.jpg'),(2088,304,'img/新生婴儿儿玩具初生早教益智宝宝0-1岁3音乐6摇铃7男女孩1-12个月/img2.jpg'),(2089,304,'img/新生婴儿儿玩具初生早教益智宝宝0-1岁3音乐6摇铃7男女孩1-12个月/img3.jpg'),(2090,304,'img/新生婴儿儿玩具初生早教益智宝宝0-1岁3音乐6摇铃7男女孩1-12个月/img4.jpg'),(2091,304,'img/新生婴儿儿玩具初生早教益智宝宝0-1岁3音乐6摇铃7男女孩1-12个月/img5.jpg'),(2092,304,'img/新生婴儿儿玩具初生早教益智宝宝0-1岁3音乐6摇铃7男女孩1-12个月/img6.jpg'),(2093,304,'img/新生婴儿儿玩具初生早教益智宝宝0-1岁3音乐6摇铃7男女孩1-12个月/img7.jpg'),(2094,304,'img/新生婴儿儿玩具初生早教益智宝宝0-1岁3音乐6摇铃7男女孩1-12个月/img8.jpg'),(2095,304,'img/新生婴儿儿玩具初生早教益智宝宝0-1岁3音乐6摇铃7男女孩1-12个月/img9.jpg'),(2096,304,'img/新生婴儿儿玩具初生早教益智宝宝0-1岁3音乐6摇铃7男女孩1-12个月/img10.jpg'),(2097,304,'img/新生婴儿儿玩具初生早教益智宝宝0-1岁3音乐6摇铃7男女孩1-12个月/img11.jpg'),(2098,304,'img/新生婴儿儿玩具初生早教益智宝宝0-1岁3音乐6摇铃7男女孩1-12个月/img12.jpg'),(2099,304,'img/新生婴儿儿玩具初生早教益智宝宝0-1岁3音乐6摇铃7男女孩1-12个月/img13.jpg'),(2100,304,'img/新生婴儿儿玩具初生早教益智宝宝0-1岁3音乐6摇铃7男女孩1-12个月/img14.jpg'),(2101,304,'img/新生婴儿儿玩具初生早教益智宝宝0-1岁3音乐6摇铃7男女孩1-12个月/img15.jpg'),(2102,304,'img/新生婴儿儿玩具初生早教益智宝宝0-1岁3音乐6摇铃7男女孩1-12个月/img16.jpg'),(2103,304,'img/新生婴儿儿玩具初生早教益智宝宝0-1岁3音乐6摇铃7男女孩1-12个月/img17.jpg'),(2104,305,'img/婴儿玩具6-12个月儿童益智8幼儿9宝宝0到1岁半男女孩早教一八九七/img0.jpg'),(2105,305,'img/婴儿玩具6-12个月儿童益智8幼儿9宝宝0到1岁半男女孩早教一八九七/img1.jpg'),(2106,305,'img/婴儿玩具6-12个月儿童益智8幼儿9宝宝0到1岁半男女孩早教一八九七/img2.jpg'),(2107,305,'img/婴儿玩具6-12个月儿童益智8幼儿9宝宝0到1岁半男女孩早教一八九七/img3.jpg'),(2108,305,'img/婴儿玩具6-12个月儿童益智8幼儿9宝宝0到1岁半男女孩早教一八九七/img4.jpg'),(2109,305,'img/婴儿玩具6-12个月儿童益智8幼儿9宝宝0到1岁半男女孩早教一八九七/img5.jpg'),(2110,305,'img/婴儿玩具6-12个月儿童益智8幼儿9宝宝0到1岁半男女孩早教一八九七/img6.jpg'),(2111,306,'img/新生婴儿玩具0-1岁咬牙胶摇铃6-12个月3宝宝早教益智男女孩手抓握/img0.jpg'),(2112,306,'img/新生婴儿玩具0-1岁咬牙胶摇铃6-12个月3宝宝早教益智男女孩手抓握/img1.jpg'),(2113,306,'img/新生婴儿玩具0-1岁咬牙胶摇铃6-12个月3宝宝早教益智男女孩手抓握/img2.jpg'),(2114,306,'img/新生婴儿玩具0-1岁咬牙胶摇铃6-12个月3宝宝早教益智男女孩手抓握/img3.jpg'),(2115,306,'img/新生婴儿玩具0-1岁咬牙胶摇铃6-12个月3宝宝早教益智男女孩手抓握/img4.jpg'),(2116,306,'img/新生婴儿玩具0-1岁咬牙胶摇铃6-12个月3宝宝早教益智男女孩手抓握/img5.jpg'),(2117,306,'img/新生婴儿玩具0-1岁咬牙胶摇铃6-12个月3宝宝早教益智男女孩手抓握/img6.jpg'),(2118,306,'img/新生婴儿玩具0-1岁咬牙胶摇铃6-12个月3宝宝早教益智男女孩手抓握/img7.jpg'),(2119,306,'img/新生婴儿玩具0-1岁咬牙胶摇铃6-12个月3宝宝早教益智男女孩手抓握/img8.jpg'),(2120,306,'img/新生婴儿玩具0-1岁咬牙胶摇铃6-12个月3宝宝早教益智男女孩手抓握/img9.jpg'),(2121,306,'img/新生婴儿玩具0-1岁咬牙胶摇铃6-12个月3宝宝早教益智男女孩手抓握/img10.jpg'),(2122,306,'img/新生婴儿玩具0-1岁咬牙胶摇铃6-12个月3宝宝早教益智男女孩手抓握/img11.jpg'),(2123,306,'img/新生婴儿玩具0-1岁咬牙胶摇铃6-12个月3宝宝早教益智男女孩手抓握/img12.jpg'),(2124,306,'img/新生婴儿玩具0-1岁咬牙胶摇铃6-12个月3宝宝早教益智男女孩手抓握/img13.jpg'),(2125,307,'img/新生婴儿0-1岁益智摇铃婴幼儿宝宝早教3-6-12个月小男孩女孩玩具/img0.jpg'),(2126,307,'img/新生婴儿0-1岁益智摇铃婴幼儿宝宝早教3-6-12个月小男孩女孩玩具/img1.jpg'),(2127,307,'img/新生婴儿0-1岁益智摇铃婴幼儿宝宝早教3-6-12个月小男孩女孩玩具/img2.jpg'),(2128,307,'img/新生婴儿0-1岁益智摇铃婴幼儿宝宝早教3-6-12个月小男孩女孩玩具/img3.jpg'),(2129,307,'img/新生婴儿0-1岁益智摇铃婴幼儿宝宝早教3-6-12个月小男孩女孩玩具/img4.jpg'),(2130,307,'img/新生婴儿0-1岁益智摇铃婴幼儿宝宝早教3-6-12个月小男孩女孩玩具/img5.jpg'),(2131,307,'img/新生婴儿0-1岁益智摇铃婴幼儿宝宝早教3-6-12个月小男孩女孩玩具/img6.jpg'),(2132,307,'img/新生婴儿0-1岁益智摇铃婴幼儿宝宝早教3-6-12个月小男孩女孩玩具/img7.jpg'),(2133,307,'img/新生婴儿0-1岁益智摇铃婴幼儿宝宝早教3-6-12个月小男孩女孩玩具/img8.jpg'),(2134,307,'img/新生婴儿0-1岁益智摇铃婴幼儿宝宝早教3-6-12个月小男孩女孩玩具/img9.jpg'),(2135,307,'img/新生婴儿0-1岁益智摇铃婴幼儿宝宝早教3-6-12个月小男孩女孩玩具/img10.jpg'),(2136,307,'img/新生婴儿0-1岁益智摇铃婴幼儿宝宝早教3-6-12个月小男孩女孩玩具/img11.jpg'),(2137,307,'img/新生婴儿0-1岁益智摇铃婴幼儿宝宝早教3-6-12个月小男孩女孩玩具/img12.jpg'),(2138,307,'img/新生婴儿0-1岁益智摇铃婴幼儿宝宝早教3-6-12个月小男孩女孩玩具/img13.jpg'),(2139,307,'img/新生婴儿0-1岁益智摇铃婴幼儿宝宝早教3-6-12个月小男孩女孩玩具/img14.jpg'),(2140,307,'img/新生婴儿0-1岁益智摇铃婴幼儿宝宝早教3-6-12个月小男孩女孩玩具/img15.jpg'),(2141,308,'img/婴儿手摇铃玩具0-1岁新生儿宝宝益智牙胶3-6-9个月男女响抓握训练/img0.jpg'),(2142,308,'img/婴儿手摇铃玩具0-1岁新生儿宝宝益智牙胶3-6-9个月男女响抓握训练/img1.jpg'),(2143,308,'img/婴儿手摇铃玩具0-1岁新生儿宝宝益智牙胶3-6-9个月男女响抓握训练/img2.jpg'),(2144,308,'img/婴儿手摇铃玩具0-1岁新生儿宝宝益智牙胶3-6-9个月男女响抓握训练/img3.jpg'),(2145,308,'img/婴儿手摇铃玩具0-1岁新生儿宝宝益智牙胶3-6-9个月男女响抓握训练/img4.jpg'),(2146,308,'img/婴儿手摇铃玩具0-1岁新生儿宝宝益智牙胶3-6-9个月男女响抓握训练/img5.jpg'),(2147,308,'img/婴儿手摇铃玩具0-1岁新生儿宝宝益智牙胶3-6-9个月男女响抓握训练/img6.jpg'),(2148,308,'img/婴儿手摇铃玩具0-1岁新生儿宝宝益智牙胶3-6-9个月男女响抓握训练/img7.jpg'),(2149,308,'img/婴儿手摇铃玩具0-1岁新生儿宝宝益智牙胶3-6-9个月男女响抓握训练/img8.jpg'),(2150,308,'img/婴儿手摇铃玩具0-1岁新生儿宝宝益智牙胶3-6-9个月男女响抓握训练/img9.jpg'),(2151,308,'img/婴儿手摇铃玩具0-1岁新生儿宝宝益智牙胶3-6-9个月男女响抓握训练/img10.jpg'),(2152,308,'img/婴儿手摇铃玩具0-1岁新生儿宝宝益智牙胶3-6-9个月男女响抓握训练/img11.jpg'),(2153,308,'img/婴儿手摇铃玩具0-1岁新生儿宝宝益智牙胶3-6-9个月男女响抓握训练/img12.jpg'),(2154,308,'img/婴儿手摇铃玩具0-1岁新生儿宝宝益智牙胶3-6-9个月男女响抓握训练/img13.jpg'),(2155,308,'img/婴儿手摇铃玩具0-1岁新生儿宝宝益智牙胶3-6-9个月男女响抓握训练/img14.jpg'),(2156,309,'img/婴儿手摇铃0-1岁宝宝新生儿婴幼儿早教益智牙胶玩具0-3-6-12个月/img0.jpg'),(2157,309,'img/婴儿手摇铃0-1岁宝宝新生儿婴幼儿早教益智牙胶玩具0-3-6-12个月/img1.jpg'),(2158,309,'img/婴儿手摇铃0-1岁宝宝新生儿婴幼儿早教益智牙胶玩具0-3-6-12个月/img2.jpg'),(2159,309,'img/婴儿手摇铃0-1岁宝宝新生儿婴幼儿早教益智牙胶玩具0-3-6-12个月/img3.jpg'),(2160,309,'img/婴儿手摇铃0-1岁宝宝新生儿婴幼儿早教益智牙胶玩具0-3-6-12个月/img4.jpg'),(2161,309,'img/婴儿手摇铃0-1岁宝宝新生儿婴幼儿早教益智牙胶玩具0-3-6-12个月/img5.jpg'),(2162,309,'img/婴儿手摇铃0-1岁宝宝新生儿婴幼儿早教益智牙胶玩具0-3-6-12个月/img6.jpg'),(2163,309,'img/婴儿手摇铃0-1岁宝宝新生儿婴幼儿早教益智牙胶玩具0-3-6-12个月/img7.jpg'),(2164,309,'img/婴儿手摇铃0-1岁宝宝新生儿婴幼儿早教益智牙胶玩具0-3-6-12个月/img8.jpg'),(2165,309,'img/婴儿手摇铃0-1岁宝宝新生儿婴幼儿早教益智牙胶玩具0-3-6-12个月/img9.jpg'),(2166,309,'img/婴儿手摇铃0-1岁宝宝新生儿婴幼儿早教益智牙胶玩具0-3-6-12个月/img10.jpg'),(2167,309,'img/婴儿手摇铃0-1岁宝宝新生儿婴幼儿早教益智牙胶玩具0-3-6-12个月/img11.jpg'),(2168,309,'img/婴儿手摇铃0-1岁宝宝新生儿婴幼儿早教益智牙胶玩具0-3-6-12个月/img12.jpg'),(2169,309,'img/婴儿手摇铃0-1岁宝宝新生儿婴幼儿早教益智牙胶玩具0-3-6-12个月/img13.jpg'),(2170,309,'img/婴儿手摇铃0-1岁宝宝新生儿婴幼儿早教益智牙胶玩具0-3-6-12个月/img14.jpg'),(2171,309,'img/婴儿手摇铃0-1岁宝宝新生儿婴幼儿早教益智牙胶玩具0-3-6-12个月/img15.jpg'),(2172,309,'img/婴儿手摇铃0-1岁宝宝新生儿婴幼儿早教益智牙胶玩具0-3-6-12个月/img16.jpg'),(2173,309,'img/婴儿手摇铃0-1岁宝宝新生儿婴幼儿早教益智牙胶玩具0-3-6-12个月/img17.jpg'),(2174,309,'img/婴儿手摇铃0-1岁宝宝新生儿婴幼儿早教益智牙胶玩具0-3-6-12个月/img18.jpg'),(2175,309,'img/婴儿手摇铃0-1岁宝宝新生儿婴幼儿早教益智牙胶玩具0-3-6-12个月/img19.png'),(2176,309,'img/婴儿手摇铃0-1岁宝宝新生儿婴幼儿早教益智牙胶玩具0-3-6-12个月/img20.png'),(2177,309,'img/婴儿手摇铃0-1岁宝宝新生儿婴幼儿早教益智牙胶玩具0-3-6-12个月/img21.png'),(2178,309,'img/婴儿手摇铃0-1岁宝宝新生儿婴幼儿早教益智牙胶玩具0-3-6-12个月/img22.png'),(2179,309,'img/婴儿手摇铃0-1岁宝宝新生儿婴幼儿早教益智牙胶玩具0-3-6-12个月/img23.png'),(2180,309,'img/婴儿手摇铃0-1岁宝宝新生儿婴幼儿早教益智牙胶玩具0-3-6-12个月/img24.png'),(2181,309,'img/婴儿手摇铃0-1岁宝宝新生儿婴幼儿早教益智牙胶玩具0-3-6-12个月/img25.png'),(2182,309,'img/婴儿手摇铃0-1岁宝宝新生儿婴幼儿早教益智牙胶玩具0-3-6-12个月/img26.png'),(2183,309,'img/婴儿手摇铃0-1岁宝宝新生儿婴幼儿早教益智牙胶玩具0-3-6-12个月/img27.png'),(2184,309,'img/婴儿手摇铃0-1岁宝宝新生儿婴幼儿早教益智牙胶玩具0-3-6-12个月/img28.png'),(2185,309,'img/婴儿手摇铃0-1岁宝宝新生儿婴幼儿早教益智牙胶玩具0-3-6-12个月/img29.png'),(2186,310,'img/婴儿玩具新生男宝宝0-1岁儿童益智早教幼儿男孩3女孩12个月6启蒙/img0.jpg'),(2187,310,'img/婴儿玩具新生男宝宝0-1岁儿童益智早教幼儿男孩3女孩12个月6启蒙/img1.jpg'),(2188,310,'img/婴儿玩具新生男宝宝0-1岁儿童益智早教幼儿男孩3女孩12个月6启蒙/img2.jpg'),(2189,310,'img/婴儿玩具新生男宝宝0-1岁儿童益智早教幼儿男孩3女孩12个月6启蒙/img3.jpg'),(2190,310,'img/婴儿玩具新生男宝宝0-1岁儿童益智早教幼儿男孩3女孩12个月6启蒙/img4.jpg'),(2191,310,'img/婴儿玩具新生男宝宝0-1岁儿童益智早教幼儿男孩3女孩12个月6启蒙/img5.jpg'),(2192,310,'img/婴儿玩具新生男宝宝0-1岁儿童益智早教幼儿男孩3女孩12个月6启蒙/img6.jpg'),(2193,310,'img/婴儿玩具新生男宝宝0-1岁儿童益智早教幼儿男孩3女孩12个月6启蒙/img7.jpg'),(2194,310,'img/婴儿玩具新生男宝宝0-1岁儿童益智早教幼儿男孩3女孩12个月6启蒙/img8.jpg'),(2195,310,'img/婴儿玩具新生男宝宝0-1岁儿童益智早教幼儿男孩3女孩12个月6启蒙/img9.jpg'),(2196,310,'img/婴儿玩具新生男宝宝0-1岁儿童益智早教幼儿男孩3女孩12个月6启蒙/img10.jpg'),(2197,310,'img/婴儿玩具新生男宝宝0-1岁儿童益智早教幼儿男孩3女孩12个月6启蒙/img11.jpg'),(2198,310,'img/婴儿玩具新生男宝宝0-1岁儿童益智早教幼儿男孩3女孩12个月6启蒙/img12.jpg'),(2199,310,'img/婴儿玩具新生男宝宝0-1岁儿童益智早教幼儿男孩3女孩12个月6启蒙/img13.jpg'),(2200,310,'img/婴儿玩具新生男宝宝0-1岁儿童益智早教幼儿男孩3女孩12个月6启蒙/img14.png'),(2201,310,'img/婴儿玩具新生男宝宝0-1岁儿童益智早教幼儿男孩3女孩12个月6启蒙/img15.png'),(2202,311,'img/火火兔R1手摇铃0-1岁 新生婴幼儿宝宝益智早教玩具0-3-6-12个月/img0.jpg'),(2203,311,'img/火火兔R1手摇铃0-1岁 新生婴幼儿宝宝益智早教玩具0-3-6-12个月/img1.jpg'),(2204,311,'img/火火兔R1手摇铃0-1岁 新生婴幼儿宝宝益智早教玩具0-3-6-12个月/img2.jpg'),(2205,311,'img/火火兔R1手摇铃0-1岁 新生婴幼儿宝宝益智早教玩具0-3-6-12个月/img3.jpg'),(2206,311,'img/火火兔R1手摇铃0-1岁 新生婴幼儿宝宝益智早教玩具0-3-6-12个月/img4.jpg'),(2207,311,'img/火火兔R1手摇铃0-1岁 新生婴幼儿宝宝益智早教玩具0-3-6-12个月/img5.jpg'),(2208,311,'img/火火兔R1手摇铃0-1岁 新生婴幼儿宝宝益智早教玩具0-3-6-12个月/img6.jpg'),(2209,311,'img/火火兔R1手摇铃0-1岁 新生婴幼儿宝宝益智早教玩具0-3-6-12个月/img7.jpg'),(2210,311,'img/火火兔R1手摇铃0-1岁 新生婴幼儿宝宝益智早教玩具0-3-6-12个月/img8.jpg'),(2211,311,'img/火火兔R1手摇铃0-1岁 新生婴幼儿宝宝益智早教玩具0-3-6-12个月/img9.jpg'),(2212,311,'img/火火兔R1手摇铃0-1岁 新生婴幼儿宝宝益智早教玩具0-3-6-12个月/img10.jpg'),(2213,311,'img/火火兔R1手摇铃0-1岁 新生婴幼儿宝宝益智早教玩具0-3-6-12个月/img11.jpg'),(2214,311,'img/火火兔R1手摇铃0-1岁 新生婴幼儿宝宝益智早教玩具0-3-6-12个月/img12.jpg'),(2215,311,'img/火火兔R1手摇铃0-1岁 新生婴幼儿宝宝益智早教玩具0-3-6-12个月/img13.png'),(2216,311,'img/火火兔R1手摇铃0-1岁 新生婴幼儿宝宝益智早教玩具0-3-6-12个月/img14.png'),(2217,312,'img/婴儿新生玩具3-6三个月7手摇铃抓握训练益智4两宝宝四五六0-1半岁/img0.jpg'),(2218,312,'img/婴儿新生玩具3-6三个月7手摇铃抓握训练益智4两宝宝四五六0-1半岁/img1.jpg'),(2219,312,'img/婴儿新生玩具3-6三个月7手摇铃抓握训练益智4两宝宝四五六0-1半岁/img2.jpg'),(2220,312,'img/婴儿新生玩具3-6三个月7手摇铃抓握训练益智4两宝宝四五六0-1半岁/img3.jpg'),(2221,312,'img/婴儿新生玩具3-6三个月7手摇铃抓握训练益智4两宝宝四五六0-1半岁/img4.jpg'),(2222,312,'img/婴儿新生玩具3-6三个月7手摇铃抓握训练益智4两宝宝四五六0-1半岁/img5.jpg'),(2223,312,'img/婴儿新生玩具3-6三个月7手摇铃抓握训练益智4两宝宝四五六0-1半岁/img6.jpg'),(2224,312,'img/婴儿新生玩具3-6三个月7手摇铃抓握训练益智4两宝宝四五六0-1半岁/img7.jpg'),(2225,312,'img/婴儿新生玩具3-6三个月7手摇铃抓握训练益智4两宝宝四五六0-1半岁/img8.jpg'),(2226,312,'img/婴儿新生玩具3-6三个月7手摇铃抓握训练益智4两宝宝四五六0-1半岁/img9.jpg'),(2227,312,'img/婴儿新生玩具3-6三个月7手摇铃抓握训练益智4两宝宝四五六0-1半岁/img10.jpg'),(2228,312,'img/婴儿新生玩具3-6三个月7手摇铃抓握训练益智4两宝宝四五六0-1半岁/img11.jpg'),(2229,312,'img/婴儿新生玩具3-6三个月7手摇铃抓握训练益智4两宝宝四五六0-1半岁/img12.jpg'),(2230,312,'img/婴儿新生玩具3-6三个月7手摇铃抓握训练益智4两宝宝四五六0-1半岁/img13.jpg'),(2231,312,'img/婴儿新生玩具3-6三个月7手摇铃抓握训练益智4两宝宝四五六0-1半岁/img14.jpg'),(2232,312,'img/婴儿新生玩具3-6三个月7手摇铃抓握训练益智4两宝宝四五六0-1半岁/img15.jpg'),(2233,313,'img/新生婴儿玩具摇铃幼儿早教牙胶6-12月3益智抓握训练宝宝初生0-1岁/img0.jpg'),(2234,313,'img/新生婴儿玩具摇铃幼儿早教牙胶6-12月3益智抓握训练宝宝初生0-1岁/img1.jpg'),(2235,313,'img/新生婴儿玩具摇铃幼儿早教牙胶6-12月3益智抓握训练宝宝初生0-1岁/img2.jpg'),(2236,313,'img/新生婴儿玩具摇铃幼儿早教牙胶6-12月3益智抓握训练宝宝初生0-1岁/img3.jpg'),(2237,313,'img/新生婴儿玩具摇铃幼儿早教牙胶6-12月3益智抓握训练宝宝初生0-1岁/img4.jpg'),(2238,313,'img/新生婴儿玩具摇铃幼儿早教牙胶6-12月3益智抓握训练宝宝初生0-1岁/img5.jpg'),(2239,313,'img/新生婴儿玩具摇铃幼儿早教牙胶6-12月3益智抓握训练宝宝初生0-1岁/img6.jpg'),(2240,313,'img/新生婴儿玩具摇铃幼儿早教牙胶6-12月3益智抓握训练宝宝初生0-1岁/img7.jpg'),(2241,313,'img/新生婴儿玩具摇铃幼儿早教牙胶6-12月3益智抓握训练宝宝初生0-1岁/img8.jpg'),(2242,313,'img/新生婴儿玩具摇铃幼儿早教牙胶6-12月3益智抓握训练宝宝初生0-1岁/img9.jpg'),(2243,313,'img/新生婴儿玩具摇铃幼儿早教牙胶6-12月3益智抓握训练宝宝初生0-1岁/img10.jpg'),(2244,313,'img/新生婴儿玩具摇铃幼儿早教牙胶6-12月3益智抓握训练宝宝初生0-1岁/img11.jpg'),(2245,313,'img/新生婴儿玩具摇铃幼儿早教牙胶6-12月3益智抓握训练宝宝初生0-1岁/img12.jpg'),(2246,313,'img/新生婴儿玩具摇铃幼儿早教牙胶6-12月3益智抓握训练宝宝初生0-1岁/img13.jpg'),(2247,313,'img/新生婴儿玩具摇铃幼儿早教牙胶6-12月3益智抓握训练宝宝初生0-1岁/img14.jpg'),(2248,313,'img/新生婴儿玩具摇铃幼儿早教牙胶6-12月3益智抓握训练宝宝初生0-1岁/img15.jpg'),(2249,313,'img/新生婴儿玩具摇铃幼儿早教牙胶6-12月3益智抓握训练宝宝初生0-1岁/img16.jpg'),(2250,313,'img/新生婴儿玩具摇铃幼儿早教牙胶6-12月3益智抓握训练宝宝初生0-1岁/img17.jpg'),(2251,313,'img/新生婴儿玩具摇铃幼儿早教牙胶6-12月3益智抓握训练宝宝初生0-1岁/img18.jpg'),(2252,314,'img/婴儿玩具女宝宝0-1岁半有声会动幼儿12个月启蒙6儿童男孩早教益智/img0.jpg'),(2253,314,'img/婴儿玩具女宝宝0-1岁半有声会动幼儿12个月启蒙6儿童男孩早教益智/img1.jpg'),(2254,314,'img/婴儿玩具女宝宝0-1岁半有声会动幼儿12个月启蒙6儿童男孩早教益智/img2.jpg'),(2255,314,'img/婴儿玩具女宝宝0-1岁半有声会动幼儿12个月启蒙6儿童男孩早教益智/img3.jpg'),(2256,314,'img/婴儿玩具女宝宝0-1岁半有声会动幼儿12个月启蒙6儿童男孩早教益智/img4.jpg'),(2257,314,'img/婴儿玩具女宝宝0-1岁半有声会动幼儿12个月启蒙6儿童男孩早教益智/img5.jpg'),(2258,314,'img/婴儿玩具女宝宝0-1岁半有声会动幼儿12个月启蒙6儿童男孩早教益智/img6.jpg'),(2259,314,'img/婴儿玩具女宝宝0-1岁半有声会动幼儿12个月启蒙6儿童男孩早教益智/img7.jpg'),(2260,314,'img/婴儿玩具女宝宝0-1岁半有声会动幼儿12个月启蒙6儿童男孩早教益智/img8.jpg'),(2261,314,'img/婴儿玩具女宝宝0-1岁半有声会动幼儿12个月启蒙6儿童男孩早教益智/img9.jpg'),(2262,314,'img/婴儿玩具女宝宝0-1岁半有声会动幼儿12个月启蒙6儿童男孩早教益智/img10.jpg'),(2263,314,'img/婴儿玩具女宝宝0-1岁半有声会动幼儿12个月启蒙6儿童男孩早教益智/img11.jpg'),(2264,314,'img/婴儿玩具女宝宝0-1岁半有声会动幼儿12个月启蒙6儿童男孩早教益智/img12.jpg'),(2265,314,'img/婴儿玩具女宝宝0-1岁半有声会动幼儿12个月启蒙6儿童男孩早教益智/img13.jpg'),(2266,314,'img/婴儿玩具女宝宝0-1岁半有声会动幼儿12个月启蒙6儿童男孩早教益智/img14.jpg'),(2267,314,'img/婴儿玩具女宝宝0-1岁半有声会动幼儿12个月启蒙6儿童男孩早教益智/img15.jpg'),(2268,314,'img/婴儿玩具女宝宝0-1岁半有声会动幼儿12个月启蒙6儿童男孩早教益智/img16.jpg'),(2269,314,'img/婴儿玩具女宝宝0-1岁半有声会动幼儿12个月启蒙6儿童男孩早教益智/img17.jpg'),(2270,314,'img/婴儿玩具女宝宝0-1岁半有声会动幼儿12个月启蒙6儿童男孩早教益智/img18.jpg'),(2271,314,'img/婴儿玩具女宝宝0-1岁半有声会动幼儿12个月启蒙6儿童男孩早教益智/img19.jpg'),(2272,314,'img/婴儿玩具女宝宝0-1岁半有声会动幼儿12个月启蒙6儿童男孩早教益智/img20.jpg'),(2273,314,'img/婴儿玩具女宝宝0-1岁半有声会动幼儿12个月启蒙6儿童男孩早教益智/img21.jpg'),(2275,175,'C:\\Users\\Administrator\\Shopping - 副本 - 副本 - 副本\\out\\artifacts\\Shopping_war_exploded\\img\\8月新货】伊利金领冠3段900g克婴儿幼儿配方奶粉三段罐旗舰店官网\\img151'),(2276,175,'C:\\Users\\Administrator\\Shopping - 副本 - 副本 - 副本\\out\\artifacts\\Shopping_war_exploded\\img\\8月新货】伊利金领冠3段900g克婴儿幼儿配方奶粉三段罐旗舰店官网\\img152'),(2282,165,'img141.jpg'),(2283,165,'img142.jpg'),(2284,172,'img/8月新】伊利金领冠3段1200g克三联包幼儿配方三段400g-3盒装奶粉/img141.jpg'),(2285,172,'img/8月新】伊利金领冠3段1200g克三联包幼儿配方三段400g-3盒装奶粉/img142.jpg'),(2286,189,'img/雀巢官方超启能恩超级能恩3段婴幼儿配方奶粉800g-6罐1-3岁/img101.jpg'),(2287,189,'img/雀巢官方超启能恩超级能恩3段婴幼儿配方奶粉800g-6罐1-3岁/img102.jpg'),(2288,189,'img/雀巢官方超启能恩超级能恩3段婴幼儿配方奶粉800g-6罐1-3岁/img103.jpg'),(2289,189,'img/雀巢官方超启能恩超级能恩3段婴幼儿配方奶粉800g-6罐1-3岁/img1031.jpg'),(2290,189,'img/雀巢官方超启能恩超级能恩3段婴幼儿配方奶粉800g-6罐1-3岁/img1032.jpg'),(2291,199,'img/官方Aptamil爱他美卓萃（白金版）欧洲进口幼儿配方奶粉3段900g/img71.jpg'),(2292,199,'img/官方Aptamil爱他美卓萃（白金版）欧洲进口幼儿配方奶粉3段900g/img72.jpg'),(2293,199,'img/官方Aptamil爱他美卓萃（白金版）欧洲进口幼儿配方奶粉3段900g/img721.jpg'),(2294,199,'img/官方Aptamil爱他美卓萃（白金版）欧洲进口幼儿配方奶粉3段900g/img722.jpg'),(2295,199,'img/官方Aptamil爱他美卓萃（白金版）欧洲进口幼儿配方奶粉3段900g/img723.jpg'),(2296,199,'img/官方Aptamil爱他美卓萃（白金版）欧洲进口幼儿配方奶粉3段900g/img724.jpg'),(2297,199,'img/官方Aptamil爱他美卓萃（白金版）欧洲进口幼儿配方奶粉3段900g/img725.jpg'),(2298,199,'img/官方Aptamil爱他美卓萃（白金版）欧洲进口幼儿配方奶粉3段900g/img726.jpg'),(2299,199,'img/官方Aptamil爱他美卓萃（白金版）欧洲进口幼儿配方奶粉3段900g/img727.jpg'),(2300,199,'img/官方Aptamil爱他美卓萃（白金版）欧洲进口幼儿配方奶粉3段900g/img728.jpg'),(2301,155,'img/秦川牌羊奶粉中老年成人学生儿童女士孕妇青少年高钙富硒配方奶粉/img131.jpg'),(2302,155,'img/秦川牌羊奶粉中老年成人学生儿童女士孕妇青少年高钙富硒配方奶粉/img133.jpg'),(2303,155,'img/秦川牌羊奶粉中老年成人学生儿童女士孕妇青少年高钙富硒配方奶粉/img1331.jpg'),(2304,155,'img/秦川牌羊奶粉中老年成人学生儿童女士孕妇青少年高钙富硒配方奶粉/img1333.jpg'),(2305,155,'img/秦川牌羊奶粉中老年成人学生儿童女士孕妇青少年高钙富硒配方奶粉/img1334.jpg'),(2306,155,'img/秦川牌羊奶粉中老年成人学生儿童女士孕妇青少年高钙富硒配方奶粉/img1335.jpg'),(2307,155,'img/秦川牌羊奶粉中老年成人学生儿童女士孕妇青少年高钙富硒配方奶粉/img1336.jpg'),(2308,155,'img/秦川牌羊奶粉中老年成人学生儿童女士孕妇青少年高钙富硒配方奶粉/img1337.jpg'),(2309,155,'img/秦川牌羊奶粉中老年成人学生儿童女士孕妇青少年高钙富硒配方奶粉/img1338.jpg'),(2310,155,'img/秦川牌羊奶粉中老年成人学生儿童女士孕妇青少年高钙富硒配方奶粉/img1339.jpg'),(2311,158,'img/Maeil 每日宫有机奶粉3段800g-3 宝宝婴幼儿 每日乳业临期特价/img81.jpg'),(2312,158,'img/Maeil 每日宫有机奶粉3段800g-3 宝宝婴幼儿 每日乳业临期特价/img83.jpg'),(2313,152,'img/送小盒君乐宝乐铂君乐宝奶粉3段乐铂宝宝三段罐装婴儿配方奶粉3段/img101.jpg'),(2314,152,'img/送小盒君乐宝乐铂君乐宝奶粉3段乐铂宝宝三段罐装婴儿配方奶粉3段/img1011.jpg'),(2315,152,'img/送小盒君乐宝乐铂君乐宝奶粉3段乐铂宝宝三段罐装婴儿配方奶粉3段/img10111.jpg'),(2316,152,'img/送小盒君乐宝乐铂君乐宝奶粉3段乐铂宝宝三段罐装婴儿配方奶粉3段/img101111.jpg'),(2317,152,'img/送小盒君乐宝乐铂君乐宝奶粉3段乐铂宝宝三段罐装婴儿配方奶粉3段/img1011111.jpg'),(2318,152,'img/送小盒君乐宝乐铂君乐宝奶粉3段乐铂宝宝三段罐装婴儿配方奶粉3段/img10111111.jpg'),(2319,152,'img/送小盒君乐宝乐铂君乐宝奶粉3段乐铂宝宝三段罐装婴儿配方奶粉3段/img101111111.jpg'),(2320,152,'img/送小盒君乐宝乐铂君乐宝奶粉3段乐铂宝宝三段罐装婴儿配方奶粉3段/img101111112.jpg'),(2321,152,'img/送小盒君乐宝乐铂君乐宝奶粉3段乐铂宝宝三段罐装婴儿配方奶粉3段/img1011111121.jpg'),(2322,152,'img/送小盒君乐宝乐铂君乐宝奶粉3段乐铂宝宝三段罐装婴儿配方奶粉3段/img1011111122.jpg'),(2323,152,'img/送小盒君乐宝乐铂君乐宝奶粉3段乐铂宝宝三段罐装婴儿配方奶粉3段/img10111111221.jpg'),(2324,152,'img/送小盒君乐宝乐铂君乐宝奶粉3段乐铂宝宝三段罐装婴儿配方奶粉3段/img10111111222.jpg'),(2325,185,'img/【下单买1送6】伊利金领冠珍护2段 伊利婴儿奶粉二段 900g罐装/img122.jpg'),(2326,185,'img/【下单买1送6】伊利金领冠珍护2段 伊利婴儿奶粉二段 900g罐装/img1222.jpg'),(2327,185,'img/【下单买1送6】伊利金领冠珍护2段 伊利婴儿奶粉二段 900g罐装/img1223.jpg'),(2328,185,'img/【下单买1送6】伊利金领冠珍护2段 伊利婴儿奶粉二段 900g罐装/img1224.jpg'),(2329,185,'img/【下单买1送6】伊利金领冠珍护2段 伊利婴儿奶粉二段 900g罐装/img1225.jpg'),(2330,185,'img/【下单买1送6】伊利金领冠珍护2段 伊利婴儿奶粉二段 900g罐装/img1226.jpg'),(2331,149,'img/2罐减50臻牧中老年人羊奶粉无蔗糖高钙富硒老人820g成年男女罐装/img162.jpg'),(2340,254,'img/爱尔兰进口wyeth-惠氏启赋4段含opo儿童牛奶粉3-7岁900g罐装四段/img92.jpg'),(2349,322,'img/12sssssssssssssssssssssssssssss/img2.jpg'),(2350,323,'img/11111111111111111111111111/img2.jpg'),(2351,325,'img/12121111111111111111111111111111111111111/img2.jpg'),(2352,320,'img/飞天小摩托222222222222222222222222222222222/img2.jpg'),(2353,326,'img/abcsdewwwwwwwwwwwwweeeeeeee/img2.jpg'),(2354,149,'img/2罐减50臻牧中老年人羊奶粉无蔗糖高钙富硒老人820g成年男女罐装/img1622.jpg'),(2355,149,'img/2罐减50臻牧中老年人羊奶粉无蔗糖高钙富硒老人820g成年男女罐装/img1623.jpg'),(2356,149,'img/2罐减50臻牧中老年人羊奶粉无蔗糖高钙富硒老人820g成年男女罐装/img16232.jpg'),(2357,149,'img/2罐减50臻牧中老年人羊奶粉无蔗糖高钙富硒老人820g成年男女罐装/img16233.jpg');
/*!40000 ALTER TABLE `show_info` ENABLE KEYS */;
UNLOCK TABLES;
/*!40103 SET TIME_ZONE=@OLD_TIME_ZONE */;

/*!40101 SET SQL_MODE=@OLD_SQL_MODE */;
/*!40014 SET FOREIGN_KEY_CHECKS=@OLD_FOREIGN_KEY_CHECKS */;
/*!40014 SET UNIQUE_CHECKS=@OLD_UNIQUE_CHECKS */;
/*!40101 SET CHARACTER_SET_CLIENT=@OLD_CHARACTER_SET_CLIENT */;
/*!40101 SET CHARACTER_SET_RESULTS=@OLD_CHARACTER_SET_RESULTS */;
/*!40101 SET COLLATION_CONNECTION=@OLD_COLLATION_CONNECTION */;
/*!40111 SET SQL_NOTES=@OLD_SQL_NOTES */;

-- Dump completed on 2019-09-29  8:34:17
